State_x,District_x,Subdistt,Town/Village,Ward,Level,Name,TRU,No_HH,TOT_P,TOT_M,TOT_F,P_LIT,M_LIT,F_LIT,P_ILL,M_ILL,F_ILL,TOT_WORK_P,Pincode,Pincode_Method,Pincode_Status,LG_ST_Code,State_y,LG_DT_Code,District_y,Agriculture,Dairy & Animal Husbandry,Fishery,Mining & Quarrying,Manufacturer,Food Processing,Textile & Garments,Tailor,Construction,Wholesaler,Retailer,Wholesale & Retail,Repair & Maintenance,Automobile & Vehicle Services,Transport & Logistics,Hotel & Accommodation,Restaurant & Food Service,Beauty & Personal Care,Healthcare & Pharmacy,Education & Training,IT & Telecommunication,Finance & Professional Services,Real Estate & Rental,Personal & Other Services,Other
9,157,0,0,0,DISTRICT,Lucknow,Total,860703,4589838,2394476,2195362,3127260,1742440,1384820,1462578,652036,810542,1542806,226001,,district_gpo_fallback,9,UTTAR PRADESH,162,LUCKNOW,116.0,191.0,0.0,87.0,2525.0,312.0,856.0,96.0,973.0,1141.0,1619.0,0.0,1183.0,183.0,674.0,202.0,631.0,323.0,216.0,379.0,629.0,1409.0,616.0,218.0,3871.0
9,157,0,0,0,DISTRICT,Lucknow,Rural,283193,1550842,813752,737090,900857,533656,367201,649985,280096,369889,522160,226000,,district_gpo_fallback,9,UTTAR PRADESH,162,LUCKNOW,0.0,0.0,0.0,0.0,4.0,0.0,1.0,1.0,6.0,1.0,7.0,0.0,6.0,0.0,5.0,1.0,2.0,0.0,1.0,1.0,0.0,2.0,2.0,1.0,12.0
9,157,0,0,0,DISTRICT,Lucknow,Urban,577510,3038996,1580724,1458272,2226403,1208784,1017619,812593,371940,440653,1020646,226002,,district_gpo_fallback,9,UTTAR PRADESH,162,LUCKNOW,128.0,263.0,0.0,119.0,2621.0,413.0,766.0,109.0,1626.0,992.0,2102.0,0.0,1397.0,84.0,1036.0,189.0,666.0,365.0,266.0,454.0,467.0,838.0,831.0,125.0,3838.0
9,157,819,0,0,SUB-DISTRICT,Malihabad,Total,65863,368453,193230,175223,205770,123436,82334,162683,69794,92889,122715,226102,,subdistrict_hq_postal_code,9,UTTAR PRADESH,162,LUCKNOW,45.0,53.0,0.0,21.0,315.0,55.0,103.0,4.0,69.0,146.0,315.0,0.0,117.0,12.0,104.0,12.0,37.0,18.0,20.0,28.0,38.0,21.0,26.0,10.0,213.0
9,157,819,0,0,SUB-DISTRICT,Malihabad,Rural,62831,350635,183896,166739,194916,117399,77517,155719,66497,89222,116829,226101,,subdistrict_hq_postal_code,9,UTTAR PRADESH,162,LUCKNOW,49.0,103.0,0.0,31.0,847.0,132.0,213.0,24.0,255.0,279.0,571.0,0.0,313.0,20.0,296.0,35.0,123.0,69.0,80.0,91.0,102.0,114.0,135.0,54.0,769.0
9,157,819,0,0,SUB-DISTRICT,Malihabad,Urban,3032,17818,9334,8484,10854,6037,4817,6964,3297,3667,5886,226103,,subdistrict_hq_postal_code,9,UTTAR PRADESH,162,LUCKNOW,10.0,12.0,0.0,1.0,76.0,12.0,24.0,1.0,17.0,17.0,62.0,0.0,28.0,2.0,24.0,0.0,7.0,6.0,4.0,3.0,11.0,3.0,9.0,2.0,48.0
9,157,819,142980,0,VILLAGE,Vahir,Rural,247,1244,637,607,549,312,237,695,325,370,508,227115,tehsil_mode_best_effort,existing_village_mapping,9,UTTAR PRADESH,162,LUCKNOW,30.0,56.0,0.0,9.0,229.0,38.0,65.0,5.0,35.0,43.0,128.0,0.0,119.0,9.0,241.0,9.0,42.0,11.0,13.0,13.0,21.0,15.0,19.0,11.0,185.0
9,157,819,142981,0,VILLAGE,Ahindar,Rural,738,3876,2116,1760,1914,1247,667,1962,869,1093,1132,227116,tehsil_mode_best_effort,existing_village_mapping,9,UTTAR PRADESH,162,LUCKNOW,3.0,16.0,0.0,3.0,76.0,15.0,20.0,0.0,9.0,19.0,54.0,0.0,34.0,1.0,81.0,0.0,10.0,5.0,6.0,2.0,12.0,11.0,7.0,2.0,61.0
9,157,819,142982,0,VILLAGE,Umraval,Rural,574,3380,1784,1596,1802,1122,680,1578,662,916,1072,227112,tehsil_mode_best_effort,existing_village_mapping,9,UTTAR PRADESH,162,LUCKNOW,0.0,0.0,0.0,0.0,1.0,0.0,0.0,0.0,0.0,0.0,1.0,0.0,2.0,0.0,0.0,0.0,0.0,0.0,0.0,1.0,0.0,0.0,1.0,0.0,0.0
9,157,819,142983,0,VILLAGE,Rahata,Rural,355,1886,1008,878,1079,705,374,807,303,504,695,227111,tehsil_mode_best_effort,existing_village_mapping,9,UTTAR PRADESH,162,LUCKNOW,23.0,25.0,0.0,9.0,119.0,18.0,41.0,5.0,28.0,55.0,71.0,0.0,109.0,5.0,155.0,5.0,21.0,8.0,11.0,11.0,14.0,11.0,29.0,4.0,139.0
9,157,819,142984,0,VILLAGE,Siswara,Rural,373,2011,1017,994,1023,590,433,988,427,561,796,227110,tehsil_mode_best_effort,existing_village_mapping,9,UTTAR PRADESH,162,LUCKNOW,0.0,0.0,0.0,0.0,0.0,0.0,0.0,0.0,0.0,0.0,0.0,0.0,0.0,0.0,1.0,0.0,0.0,0.0,0.0,0.0,0.0,0.0,0.0,0.0,0.0
9,157,819,142985,0,VILLAGE,Gorava Baravki,Rural,423,2131,1088,1043,1245,748,497,886,340,546,608,227120,tehsil_mode_best_effort,existing_village_mapping,9,UTTAR PRADESH,162,LUCKNOW,0.0,1.0,0.0,0.0,2.0,0.0,0.0,0.0,0.0,0.0,1.0,0.0,0.0,0.0,0.0,0.0,0.0,0.0,0.0,0.0,0.0,0.0,0.0,0.0,0.0
9,157,819,142986,0,VILLAGE,Saspan,Rural,1505,8378,4361,4017,4303,2618,1685,4075,1743,2332,2449,227109,tehsil_mode_best_effort,existing_village_mapping,9,UTTAR PRADESH,162,LUCKNOW,0.0,0.0,0.0,0.0,0.0,0.0,0.0,0.0,0.0,0.0,0.0,0.0,0.0,0.0,1.0,0.0,0.0,0.0,0.0,0.0,0.0,0.0,0.0,0.0,0.0
9,157,819,142987,0,VILLAGE,Kamaluddin Nagar,Rural,91,486,262,224,205,143,62,281,119,162,111,227121,tehsil_mode_best_effort,existing_village_mapping,9,UTTAR PRADESH,162,LUCKNOW,0.0,0.0,0.0,0.0,0.0,0.0,0.0,0.0,0.0,0.0,0.0,0.0,1.0,0.0,0.0,0.0,0.0,0.0,0.0,0.0,0.0,0.0,0.0,0.0,0.0
9,157,819,142988,0,VILLAGE,Gopal Pur,Rural,291,1601,868,733,950,583,367,651,285,366,490,227108,tehsil_mode_best_effort,existing_village_mapping,9,UTTAR PRADESH,162,LUCKNOW,0.0,1.0,0.0,0.0,0.0,0.0,0.0,0.0,0.0,1.0,1.0,0.0,0.0,1.0,0.0,0.0,0.0,0.0,0.0,0.0,0.0,0.0,0.0,0.0,0.0
9,157,819,142989,0,VILLAGE,Tilan,Rural,398,2289,1190,1099,1135,724,411,1154,466,688,620,227107,tehsil_mode_best_effort,existing_village_mapping,9,UTTAR PRADESH,162,LUCKNOW,41.0,87.0,0.0,27.0,476.0,76.0,116.0,19.0,182.0,120.0,255.0,0.0,267.0,12.0,434.0,23.0,69.0,56.0,30.0,44.0,39.0,37.0,141.0,23.0,509.0
9,157,819,142990,0,VILLAGE,Jamolia,Rural,825,4628,2443,2185,1876,1192,684,2752,1251,1501,1359,227106,tehsil_mode_best_effort,existing_village_mapping,9,UTTAR PRADESH,162,LUCKNOW,0.0,0.0,0.0,1.0,1.0,0.0,1.0,1.0,1.0,0.0,2.0,0.0,0.0,0.0,2.0,0.0,0.0,0.0,0.0,0.0,0.0,0.0,0.0,0.0,4.0
9,157,819,142991,0,VILLAGE,Gahndo,Rural,948,4957,2591,2366,2384,1451,933,2573,1140,1433,1401,227105,tehsil_mode_best_effort,existing_village_mapping,9,UTTAR PRADESH,162,LUCKNOW,12.0,16.0,0.0,17.0,240.0,26.0,58.0,5.0,141.0,84.0,166.0,0.0,120.0,9.0,177.0,12.0,32.0,17.0,14.0,24.0,17.0,58.0,80.0,12.0,271.0
9,157,819,142992,0,VILLAGE,Thari,Rural,972,5175,2682,2493,2487,1543,944,2688,1139,1549,1806,227125,tehsil_mode_best_effort,existing_village_mapping,9,UTTAR PRADESH,162,LUCKNOW,15.0,27.0,0.0,11.0,161.0,52.0,35.0,4.0,42.0,39.0,147.0,0.0,137.0,12.0,247.0,3.0,24.0,24.0,8.0,11.0,14.0,11.0,39.0,12.0,156.0
9,157,819,142993,0,VILLAGE,Barkhorava,Rural,321,1717,916,801,772,481,291,945,435,510,448,227104,tehsil_mode_best_effort,existing_village_mapping,9,UTTAR PRADESH,162,LUCKNOW,0.0,0.0,0.0,0.0,2.0,1.0,0.0,0.0,0.0,0.0,0.0,0.0,0.0,0.0,1.0,0.0,0.0,0.0,0.0,0.0,0.0,0.0,0.0,0.0,1.0
9,157,819,142994,0,VILLAGE,Muriyara,Rural,585,2975,1562,1413,1548,955,593,1427,607,820,1081,227126,tehsil_mode_best_effort,existing_village_mapping,9,UTTAR PRADESH,162,LUCKNOW,0.0,0.0,0.0,0.0,0.0,0.0,0.0,0.0,0.0,0.0,0.0,0.0,0.0,0.0,0.0,0.0,0.0,0.0,0.0,0.0,0.0,0.0,0.0,0.0,1.0
9,157,819,142995,0,VILLAGE,Kharsara,Rural,684,3557,1848,1709,1735,1083,652,1822,765,1057,1810,227103,tehsil_mode_best_effort,existing_village_mapping,9,UTTAR PRADESH,162,LUCKNOW,0.0,0.0,0.0,0.0,1.0,0.0,0.0,0.0,2.0,0.0,0.0,0.0,0.0,0.0,1.0,0.0,0.0,0.0,0.0,0.0,0.0,0.0,1.0,0.0,1.0
9,157,819,142996,0,VILLAGE,Saidapur,Rural,478,2562,1330,1232,1384,816,568,1178,514,664,1069,227127,tehsil_mode_best_effort,existing_village_mapping,9,UTTAR PRADESH,162,LUCKNOW,0.0,0.0,0.0,0.0,0.0,0.0,0.0,0.0,0.0,0.0,0.0,0.0,0.0,0.0,0.0,0.0,0.0,0.0,0.0,0.0,0.0,0.0,0.0,0.0,1.0
9,157,819,142997,0,VILLAGE,Auntgarhi Saura,Rural,793,4532,2411,2121,2624,1588,1036,1908,823,1085,1282,227102,verified_name_population_match,existing_village_mapping,9,UTTAR PRADESH,162,LUCKNOW,0.0,0.0,0.0,0.0,2.0,0.0,0.0,0.0,1.0,0.0,0.0,0.0,1.0,0.0,0.0,1.0,0.0,1.0,0.0,0.0,0.0,0.0,0.0,0.0,0.0
9,157,819,142998,0,VILLAGE,Visunpur,Rural,21,145,68,77,107,54,53,38,14,24,40,227101,tehsil_mode_best_effort,existing_village_mapping,9,UTTAR PRADESH,162,LUCKNOW,9.0,13.0,0.0,11.0,127.0,35.0,44.0,5.0,48.0,34.0,107.0,0.0,88.0,4.0,222.0,7.0,22.0,14.0,7.0,10.0,10.0,18.0,39.0,7.0,162.0
9,157,819,142999,0,VILLAGE,Karend,Rural,489,2467,1297,1170,1299,796,503,1168,501,667,681,227100,tehsil_mode_best_effort,existing_village_mapping,9,UTTAR PRADESH,162,LUCKNOW,0.0,0.0,0.0,0.0,0.0,0.0,0.0,0.0,0.0,0.0,0.0,0.0,0.0,0.0,1.0,0.0,0.0,0.0,0.0,0.0,0.0,0.0,0.0,0.0,0.0
9,157,819,143000,0,VILLAGE,Para Bhadrahi,Rural,806,4451,2391,2060,2358,1496,862,2093,895,1198,1399,227131,tehsil_mode_best_effort,existing_village_mapping,9,UTTAR PRADESH,162,LUCKNOW,0.0,0.0,0.0,0.0,2.0,0.0,0.0,0.0,0.0,3.0,1.0,0.0,6.0,0.0,7.0,0.0,1.0,0.0,0.0,2.0,1.0,0.0,1.0,0.0,5.0
9,157,819,143001,0,VILLAGE,Navbasta,Rural,159,781,420,361,363,220,143,418,200,218,194,227089,tehsil_mode_best_effort,existing_village_mapping,9,UTTAR PRADESH,162,LUCKNOW,0.0,0.0,0.0,0.0,0.0,0.0,0.0,0.0,0.0,0.0,0.0,0.0,0.0,0.0,0.0,0.0,0.0,0.0,0.0,0.0,0.0,0.0,0.0,0.0,1.0
9,157,819,143002,0,VILLAGE,Shahmau,Rural,226,1117,588,529,623,383,240,494,205,289,433,227071,tehsil_mode_best_effort,existing_village_mapping,9,UTTAR PRADESH,162,LUCKNOW,0.0,0.0,0.0,0.0,0.0,0.0,0.0,0.0,0.0,0.0,0.0,0.0,0.0,0.0,0.0,0.0,0.0,0.0,0.0,0.0,0.0,0.0,0.0,0.0,1.0
9,157,819,143003,0,VILLAGE,Atari,Rural,361,2308,1231,1077,1342,847,495,966,384,582,777,227170,verified_name_population_match,existing_village_mapping,9,UTTAR PRADESH,162,LUCKNOW,0.0,0.0,0.0,0.0,0.0,0.0,0.0,1.0,0.0,0.0,0.0,0.0,0.0,0.0,0.0,0.0,0.0,0.0,0.0,0.0,0.0,0.0,0.0,0.0,0.0
9,157,819,143004,0,VILLAGE,Roodan Khera,Rural,168,1021,489,532,601,331,270,420,158,262,277,227193,verified_name_population_match,existing_village_mapping,9,UTTAR PRADESH,162,LUCKNOW,0.0,0.0,0.0,0.0,0.0,0.0,0.0,0.0,0.0,0.0,0.0,0.0,0.0,0.0,0.0,0.0,0.0,0.0,0.0,0.0,0.0,0.0,0.0,0.0,1.0
9,157,819,143005,0,VILLAGE,Jindana,Rural,188,1050,535,515,609,360,249,441,175,266,400,227029,tehsil_mode_best_effort,existing_village_mapping,9,UTTAR PRADESH,162,LUCKNOW,0.0,0.0,0.0,0.0,0.0,0.0,0.0,0.0,0.0,0.0,0.0,0.0,0.0,0.0,0.0,0.0,0.0,1.0,0.0,0.0,0.0,0.0,0.0,0.0,0.0
9,157,819,143006,0,VILLAGE,Mawai Khurd,Rural,289,1556,835,721,846,520,326,710,315,395,477,227201,verified_name_population_match,existing_village_mapping,9,UTTAR PRADESH,162,LUCKNOW,1.0,0.0,0.0,0.0,5.0,3.0,0.0,0.0,0.0,0.0,1.0,0.0,1.0,0.0,4.0,0.0,1.0,0.0,1.0,0.0,0.0,0.0,2.0,0.0,1.0
9,157,819,143007,0,VILLAGE,Basant Pur,Rural,540,2883,1506,1377,1695,996,699,1188,510,678,731,227202,verified_name_population_match,existing_village_mapping,9,UTTAR PRADESH,162,LUCKNOW,28.0,47.0,0.0,8.0,338.0,60.0,75.0,11.0,107.0,78.0,253.0,0.0,188.0,23.0,271.0,21.0,70.0,28.0,27.0,24.0,41.0,50.0,81.0,27.0,301.0
9,157,819,143008,0,VILLAGE,Bhelam Pur,Rural,88,491,259,232,280,165,115,211,94,117,118,227203,verified_name_population_match,existing_village_mapping,9,UTTAR PRADESH,162,LUCKNOW,2.0,2.0,0.0,0.0,2.0,0.0,0.0,0.0,0.0,0.0,2.0,0.0,0.0,0.0,1.0,0.0,1.0,1.0,0.0,0.0,0.0,0.0,0.0,0.0,2.0
9,157,819,143009,0,VILLAGE,Birpur,Rural,364,1885,1005,880,1009,619,390,876,386,490,749,227025,verified_name_population_match,existing_village_mapping,9,UTTAR PRADESH,162,LUCKNOW,0.0,0.0,0.0,0.0,0.0,0.0,0.0,0.0,0.0,0.0,0.0,0.0,0.0,0.0,2.0,0.0,0.0,0.0,0.0,0.0,0.0,0.0,0.0,0.0,0.0
9,157,819,143010,0,VILLAGE,Devari Ganja,Rural,174,1073,585,488,755,455,300,318,130,188,308,227205,tehsil_mode_best_effort,existing_village_mapping,9,UTTAR PRADESH,162,LUCKNOW,25.0,33.0,0.0,10.0,179.0,38.0,37.0,3.0,36.0,43.0,110.0,0.0,124.0,13.0,202.0,6.0,32.0,14.0,11.0,12.0,22.0,16.0,26.0,7.0,179.0
9,157,819,143011,0,VILLAGE,Akbar Pur,Rural,191,1024,542,482,604,383,221,420,159,261,303,227206,tehsil_mode_best_effort,existing_village_mapping,9,UTTAR PRADESH,162,LUCKNOW,0.0,0.0,0.0,0.0,0.0,0.0,0.0,0.0,0.0,1.0,1.0,0.0,1.0,0.0,1.0,0.0,0.0,0.0,0.0,0.0,0.0,0.0,0.0,0.0,1.0
9,157,819,143012,0,VILLAGE,Shankar Pur,Rural,348,1906,1018,888,1108,679,429,798,339,459,832,227023,verified_name_population_match,existing_village_mapping,9,UTTAR PRADESH,162,LUCKNOW,0.0,0.0,0.0,0.0,1.0,0.0,0.0,0.0,0.0,0.0,0.0,0.0,0.0,0.0,0.0,0.0,0.0,1.0,0.0,0.0,0.0,0.0,0.0,0.0,0.0
9,157,819,143013,0,VILLAGE,Godhan,Rural,35,157,81,76,52,28,24,105,53,52,86,227207,verified_name_population_match,existing_village_mapping,9,UTTAR PRADESH,162,LUCKNOW,0.0,2.0,0.0,0.0,3.0,1.0,1.0,1.0,0.0,1.0,3.0,0.0,1.0,0.0,3.0,0.0,0.0,0.0,0.0,0.0,0.0,0.0,3.0,0.0,0.0
9,157,819,143014,0,VILLAGE,Saleh Nagar,Rural,723,3962,2092,1870,2169,1337,832,1793,755,1038,1116,227021,tehsil_mode_best_effort,existing_village_mapping,9,UTTAR PRADESH,162,LUCKNOW,0.0,0.0,0.0,0.0,1.0,0.0,0.0,0.0,0.0,0.0,0.0,0.0,0.0,0.0,0.0,0.0,0.0,0.0,0.0,0.0,0.0,0.0,0.0,0.0,0.0
9,157,819,143015,0,VILLAGE,Raipur,Rural,246,1343,704,639,849,506,343,494,198,296,519,227209,verified_name_population_match,existing_village_mapping,9,UTTAR PRADESH,162,LUCKNOW,0.0,0.0,0.0,0.0,0.0,0.0,0.0,0.0,0.0,0.0,0.0,0.0,0.0,0.0,0.0,0.0,0.0,0.0,0.0,0.0,0.0,0.0,1.0,0.0,0.0
9,157,819,143016,0,VILLAGE,Badiya,Rural,528,3083,1589,1494,1696,988,708,1387,601,786,916,227017,tehsil_mode_best_effort,existing_village_mapping,9,UTTAR PRADESH,162,LUCKNOW,0.0,0.0,0.0,0.0,1.0,0.0,0.0,0.0,0.0,1.0,3.0,0.0,0.0,0.0,1.0,1.0,0.0,0.0,0.0,0.0,0.0,0.0,0.0,0.0,0.0
9,157,819,143017,0,VILLAGE,Tikari Kala,Rural,202,1155,612,543,599,364,235,556,248,308,282,227016,tehsil_mode_best_effort,existing_village_mapping,9,UTTAR PRADESH,162,LUCKNOW,0.0,0.0,0.0,0.0,0.0,0.0,0.0,0.0,0.0,0.0,0.0,0.0,0.0,0.0,1.0,0.0,0.0,0.0,0.0,0.0,0.0,0.0,0.0,0.0,0.0
9,157,819,143018,0,VILLAGE,Kamalpur Lodhaura,Rural,218,1086,592,494,601,374,227,485,218,267,352,227015,verified_name_population_match,existing_village_mapping,9,UTTAR PRADESH,162,LUCKNOW,0.0,0.0,0.0,0.0,1.0,0.0,0.0,0.0,0.0,0.0,0.0,0.0,0.0,0.0,0.0,1.0,0.0,0.0,0.0,0.0,0.0,0.0,0.0,0.0,0.0
9,157,819,143019,0,VILLAGE,Didhara,Rural,162,782,406,376,473,289,184,309,117,192,347,227010,verified_name_population_match,existing_village_mapping,9,UTTAR PRADESH,162,LUCKNOW,0.0,0.0,0.0,0.0,0.0,0.0,0.0,0.0,0.0,0.0,0.0,0.0,0.0,0.0,1.0,0.0,0.0,0.0,0.0,0.0,0.0,0.0,1.0,0.0,0.0
9,157,819,143020,0,VILLAGE,Pipari Kurakhar,Rural,430,2443,1251,1192,1442,857,585,1001,394,607,628,227007,tehsil_mode_best_effort,existing_village_mapping,9,UTTAR PRADESH,162,LUCKNOW,0.0,0.0,0.0,0.0,0.0,0.0,0.0,0.0,0.0,1.0,0.0,0.0,0.0,0.0,0.0,0.0,0.0,0.0,0.0,0.0,0.0,0.0,0.0,0.0,0.0
9,157,819,143021,0,VILLAGE,Bahraura,Rural,350,1813,953,860,1079,630,449,734,323,411,467,227005,verified_name_population_match,existing_village_mapping,9,UTTAR PRADESH,162,LUCKNOW,0.0,0.0,0.0,0.0,1.0,0.0,1.0,0.0,0.0,0.0,0.0,0.0,0.0,0.0,3.0,0.0,0.0,0.0,0.0,0.0,0.0,0.0,0.0,0.0,0.0
9,157,819,143022,0,VILLAGE,Pakara,Rural,286,1626,849,777,973,582,391,653,267,386,679,227003,tehsil_mode_best_effort,existing_village_mapping,9,UTTAR PRADESH,162,LUCKNOW,0.0,0.0,0.0,0.0,0.0,0.0,1.0,0.0,0.0,0.0,0.0,0.0,1.0,0.0,0.0,0.0,0.0,0.0,0.0,0.0,0.0,0.0,0.0,0.0,0.0
9,157,819,143023,0,VILLAGE,Devari Bharat,Rural,238,1258,655,603,704,417,287,554,238,316,356,227002,tehsil_mode_best_effort,existing_village_mapping,9,UTTAR PRADESH,162,LUCKNOW,0.0,0.0,0.0,0.0,0.0,0.0,0.0,0.0,0.0,0.0,0.0,0.0,1.0,0.0,0.0,0.0,0.0,0.0,0.0,0.0,0.0,0.0,0.0,0.0,0.0
9,157,819,143024,0,VILLAGE,Shahpurgorava,Rural,268,1370,710,660,771,476,295,599,234,365,549,227000,tehsil_mode_best_effort,existing_village_mapping,9,UTTAR PRADESH,162,LUCKNOW,0.0,1.0,0.0,0.0,0.0,0.0,0.0,0.0,0.0,0.0,0.0,0.0,0.0,0.0,0.0,0.0,0.0,0.0,0.0,0.0,0.0,0.0,0.0,0.0,0.0
9,157,819,143025,0,VILLAGE,Madwana,Rural,783,4393,2236,2157,2701,1555,1146,1692,681,1011,1290,227230,tehsil_mode_best_effort,existing_village_mapping,9,UTTAR PRADESH,162,LUCKNOW,0.0,0.0,0.0,0.0,1.0,0.0,0.0,0.0,0.0,0.0,0.0,0.0,0.0,0.0,0.0,0.0,0.0,0.0,0.0,0.0,0.0,0.0,0.0,0.0,0.0
9,157,819,143026,0,VILLAGE,Ataria,Rural,133,810,407,403,468,253,215,342,154,188,207,226993,tehsil_mode_best_effort,existing_village_mapping,9,UTTAR PRADESH,162,LUCKNOW,0.0,0.0,0.0,0.0,0.0,0.0,0.0,1.0,0.0,0.0,0.0,0.0,0.0,0.0,0.0,0.0,0.0,0.0,0.0,0.0,0.0,0.0,0.0,0.0,0.0
9,157,819,143027,0,VILLAGE,Manjhi Nikrojpur,Rural,412,2484,1337,1147,1554,932,622,930,405,525,719,226991,tehsil_mode_best_effort,existing_village_mapping,9,UTTAR PRADESH,162,LUCKNOW,0.0,0.0,0.0,0.0,0.0,0.0,0.0,0.0,0.0,0.0,0.0,0.0,0.0,0.0,0.0,0.0,0.0,0.0,0.0,0.0,0.0,0.0,1.0,0.0,0.0
9,157,819,143028,0,VILLAGE,Majhauva,Rural,227,1016,528,488,548,341,207,468,187,281,258,226960,tehsil_mode_best_effort,existing_village_mapping,9,UTTAR PRADESH,162,LUCKNOW,0.0,0.0,0.0,0.0,0.0,0.0,0.0,0.0,0.0,0.0,1.0,0.0,0.0,0.0,0.0,0.0,0.0,0.0,0.0,0.0,0.0,0.0,0.0,0.0,0.0
9,157,819,143029,0,VILLAGE,Danaur,Rural,285,1506,766,740,857,514,343,649,252,397,508,227301,tehsil_mode_best_effort,existing_village_mapping,9,UTTAR PRADESH,162,LUCKNOW,0.0,0.0,0.0,0.0,0.0,0.0,1.0,0.0,1.0,1.0,3.0,0.0,6.0,1.0,2.0,0.0,2.0,0.0,1.0,0.0,0.0,0.0,0.0,0.0,4.0
9,157,819,143030,0,VILLAGE,Sultanpur,Rural,62,337,189,148,198,137,61,139,52,87,97,226928,tehsil_mode_best_effort,existing_village_mapping,9,UTTAR PRADESH,162,LUCKNOW,0.0,0.0,0.0,0.0,1.0,0.0,0.0,0.0,0.0,0.0,0.0,0.0,0.0,0.0,0.0,0.0,0.0,0.0,0.0,0.0,0.0,0.0,0.0,0.0,1.0
9,157,819,143031,0,VILLAGE,Aumau,Rural,414,2245,1202,1043,1126,716,410,1119,486,633,671,227302,tehsil_mode_best_effort,existing_village_mapping,9,UTTAR PRADESH,162,LUCKNOW,0.0,0.0,0.0,0.0,0.0,0.0,0.0,0.0,0.0,0.0,2.0,0.0,2.0,0.0,2.0,0.0,0.0,0.0,0.0,0.0,1.0,0.0,1.0,0.0,1.0
9,157,819,143032,0,VILLAGE,Khakhara,Rural,86,447,232,215,240,146,94,207,86,121,175,227303,tehsil_mode_best_effort,existing_village_mapping,9,UTTAR PRADESH,162,LUCKNOW,0.0,0.0,0.0,0.0,1.0,0.0,0.0,0.0,0.0,0.0,0.0,0.0,3.0,0.0,1.0,0.0,0.0,0.0,1.0,5.0,1.0,1.0,2.0,0.0,18.0
9,157,819,143033,0,VILLAGE,Kolava Bhanaura,Rural,400,2136,1131,1005,1254,739,515,882,392,490,950,227304,tehsil_mode_best_effort,existing_village_mapping,9,UTTAR PRADESH,162,LUCKNOW,0.0,0.0,0.0,0.0,0.0,0.0,0.0,0.0,0.0,0.0,0.0,0.0,0.0,0.0,0.0,0.0,0.0,0.0,0.0,0.0,0.0,0.0,0.0,0.0,1.0
9,157,819,143034,0,VILLAGE,Adampur,Rural,138,756,399,357,339,204,135,417,195,222,179,227305,tehsil_mode_best_effort,existing_village_mapping,9,UTTAR PRADESH,162,LUCKNOW,35.0,44.0,0.0,23.0,206.0,38.0,56.0,8.0,82.0,75.0,170.0,0.0,181.0,9.0,270.0,6.0,43.0,22.0,9.0,9.0,22.0,42.0,68.0,21.0,323.0
9,157,819,143035,0,VILLAGE,Garhthamma,Rural,103,541,289,252,270,167,103,271,122,149,307,227306,tehsil_mode_best_effort,existing_village_mapping,9,UTTAR PRADESH,162,LUCKNOW,0.0,0.0,0.0,0.0,0.0,0.0,0.0,0.0,0.0,0.0,1.0,0.0,1.0,0.0,4.0,0.0,0.0,0.0,0.0,0.0,0.0,0.0,0.0,0.0,1.0
9,157,819,143036,0,VILLAGE,Latifpur,Rural,160,969,475,494,549,292,257,420,183,237,287,227307,tehsil_mode_best_effort,existing_village_mapping,9,UTTAR PRADESH,162,LUCKNOW,0.0,0.0,0.0,0.0,0.0,0.0,0.0,0.0,0.0,0.0,0.0,0.0,0.0,0.0,0.0,0.0,0.0,0.0,0.0,0.0,0.0,0.0,0.0,0.0,1.0
9,157,819,143037,0,VILLAGE,Gauraiya,Rural,183,974,510,464,466,282,184,508,228,280,363,227308,tehsil_mode_best_effort,existing_village_mapping,9,UTTAR PRADESH,162,LUCKNOW,31.0,28.0,0.0,11.0,115.0,38.0,28.0,5.0,32.0,42.0,141.0,0.0,112.0,5.0,111.0,2.0,26.0,11.0,6.0,7.0,13.0,17.0,28.0,4.0,129.0
9,157,819,143038,0,VILLAGE,Jagdishpur Bujurg,Rural,134,903,464,439,546,310,236,357,154,203,423,226921,tehsil_mode_best_effort,existing_village_mapping,9,UTTAR PRADESH,162,LUCKNOW,0.0,0.0,0.0,0.0,0.0,0.0,0.0,0.0,0.0,0.0,0.0,0.0,1.0,0.0,0.0,0.0,0.0,0.0,0.0,0.0,0.0,0.0,0.0,0.0,1.0
9,157,819,143039,0,VILLAGE,Patauna,Rural,333,1786,923,863,1027,622,405,759,301,458,433,227309,tehsil_mode_best_effort,existing_village_mapping,9,UTTAR PRADESH,162,LUCKNOW,7.0,7.0,0.0,8.0,44.0,17.0,16.0,2.0,13.0,22.0,30.0,0.0,67.0,3.0,87.0,0.0,15.0,4.0,4.0,5.0,7.0,4.0,11.0,4.0,80.0
9,157,819,143040,0,VILLAGE,Sarthara,Rural,301,1736,912,824,1046,609,437,690,303,387,481,226917,tehsil_mode_best_effort,existing_village_mapping,9,UTTAR PRADESH,162,LUCKNOW,0.0,0.0,0.0,0.0,0.0,0.0,0.0,0.0,0.0,0.0,0.0,0.0,1.0,0.0,0.0,0.0,0.0,0.0,0.0,0.0,0.0,0.0,0.0,0.0,0.0
9,157,819,143041,0,VILLAGE,Keraura,Rural,235,1438,737,701,775,477,298,663,260,403,487,226916,verified_name_population_match,existing_village_mapping,9,UTTAR PRADESH,162,LUCKNOW,0.0,0.0,0.0,0.0,0.0,0.0,0.0,0.0,1.0,0.0,0.0,0.0,0.0,0.0,0.0,0.0,0.0,0.0,0.0,0.0,0.0,0.0,0.0,0.0,0.0
9,157,819,143042,0,VILLAGE,Amlauli,Rural,112,626,326,300,436,264,172,190,62,128,123,226912,tehsil_mode_best_effort,existing_village_mapping,9,UTTAR PRADESH,162,LUCKNOW,0.0,0.0,0.0,0.0,0.0,0.0,0.0,0.0,0.0,0.0,0.0,0.0,1.0,0.0,0.0,0.0,0.0,0.0,0.0,0.0,0.0,0.0,0.0,0.0,0.0
9,157,819,143043,0,VILLAGE,Peer Nagar,Rural,201,1064,529,535,717,419,298,347,110,237,203,226910,tehsil_mode_best_effort,existing_village_mapping,9,UTTAR PRADESH,162,LUCKNOW,0.0,0.0,0.0,0.0,0.0,1.0,0.0,0.0,0.0,0.0,1.0,0.0,0.0,0.0,0.0,0.0,0.0,0.0,0.0,0.0,0.0,0.0,1.0,0.0,0.0
9,157,819,143044,0,VILLAGE,Gumsena,Rural,242,1257,647,610,676,433,243,581,214,367,366,227325,tehsil_mode_best_effort,existing_village_mapping,9,UTTAR PRADESH,162,LUCKNOW,0.0,0.0,0.0,0.0,0.0,0.0,1.0,0.0,0.0,0.0,0.0,0.0,0.0,0.0,1.0,0.0,0.0,0.0,0.0,0.0,0.0,0.0,0.0,0.0,1.0
9,157,819,143045,0,VILLAGE,Ranipara,Rural,325,1844,1010,834,1098,675,423,746,335,411,979,226903,verified_name_population_match,existing_village_mapping,9,UTTAR PRADESH,162,LUCKNOW,0.0,0.0,0.0,0.0,0.0,0.0,0.0,0.0,0.0,0.0,0.0,0.0,1.0,0.0,0.0,0.0,0.0,0.0,0.0,0.0,0.0,0.0,0.0,0.0,0.0
9,157,819,143046,0,VILLAGE,Narayanpur,Rural,255,1285,668,617,669,415,254,616,253,363,513,226901,tehsil_mode_best_effort,existing_village_mapping,9,UTTAR PRADESH,162,LUCKNOW,0.0,0.0,0.0,0.0,0.0,0.0,0.0,0.0,1.0,0.0,0.0,0.0,0.0,0.0,0.0,0.0,0.0,0.0,0.0,0.0,0.0,2.0,1.0,0.0,0.0
9,157,819,143047,0,VILLAGE,Ram Nagar,Rural,380,2259,1191,1068,1457,847,610,802,344,458,824,227330,verified_name_population_match,existing_village_mapping,9,UTTAR PRADESH,162,LUCKNOW,0.0,0.0,0.0,0.0,0.0,0.0,0.0,0.0,0.0,0.0,0.0,0.0,0.0,0.0,1.0,0.0,1.0,0.0,0.0,0.0,0.0,0.0,0.0,0.0,0.0
9,157,819,143048,0,VILLAGE,Naibasti Bhithaura,Rural,387,2112,1113,999,1123,690,433,989,423,566,661,227331,tehsil_mode_best_effort,existing_village_mapping,9,UTTAR PRADESH,162,LUCKNOW,0.0,0.0,0.0,0.0,1.0,0.0,0.0,0.0,0.0,0.0,0.0,0.0,0.0,0.0,0.0,0.0,0.0,0.0,0.0,0.0,0.0,0.0,0.0,0.0,0.0
9,157,819,143049,0,VILLAGE,Sukkha Khera,Rural,188,999,521,478,548,321,227,451,200,251,197,226865,tehsil_mode_best_effort,existing_village_mapping,9,UTTAR PRADESH,162,LUCKNOW,0.0,0.0,0.0,0.0,0.0,0.0,0.0,0.0,0.0,0.0,1.0,0.0,0.0,0.0,0.0,0.0,0.0,0.0,0.0,0.0,0.0,0.0,0.0,0.0,0.0
9,157,819,143050,0,VILLAGE,Chandwara,Rural,246,1209,583,626,756,413,343,453,170,283,440,227401,tehsil_mode_best_effort,existing_village_mapping,9,UTTAR PRADESH,162,LUCKNOW,0.0,0.0,0.0,0.0,0.0,0.0,0.0,0.0,0.0,0.0,0.0,0.0,1.0,0.0,0.0,0.0,0.0,0.0,0.0,0.0,0.0,0.0,0.0,0.0,0.0
9,157,819,143051,0,VILLAGE,Bhanwar,Rural,43,238,130,108,111,70,41,127,60,67,65,226828,tehsil_mode_best_effort,existing_village_mapping,9,UTTAR PRADESH,162,LUCKNOW,0.0,0.0,0.0,0.0,0.0,0.0,0.0,0.0,0.0,0.0,1.0,0.0,0.0,0.0,0.0,0.0,0.0,0.0,0.0,0.0,0.0,0.0,0.0,0.0,1.0
9,157,819,143052,0,VILLAGE,Mall,Rural,1199,6429,3366,3063,3894,2289,1605,2535,1077,1458,2086,227405,verified_name_population_match,existing_village_mapping,9,UTTAR PRADESH,162,LUCKNOW,0.0,0.0,0.0,0.0,0.0,0.0,0.0,0.0,6.0,0.0,0.0,0.0,2.0,0.0,0.0,0.0,0.0,1.0,0.0,0.0,0.0,0.0,0.0,0.0,0.0
9,157,819,143053,0,VILLAGE,Naru,Rural,37,183,94,89,84,51,33,99,43,56,56,227408,tehsil_mode_best_effort,existing_village_mapping,9,UTTAR PRADESH,162,LUCKNOW,0.0,0.0,0.0,0.0,0.0,0.0,0.0,0.0,0.0,0.0,1.0,0.0,0.0,0.0,0.0,0.0,0.0,0.0,0.0,0.0,0.0,0.0,0.0,0.0,0.0
9,157,819,143054,0,VILLAGE,Vidhishyama,Rural,111,566,285,281,298,174,124,268,111,157,147,227409,tehsil_mode_best_effort,existing_village_mapping,9,UTTAR PRADESH,162,LUCKNOW,0.0,0.0,0.0,0.0,0.0,0.0,0.0,0.0,2.0,1.0,1.0,0.0,1.0,0.0,0.0,0.0,0.0,0.0,0.0,0.0,0.0,1.0,0.0,0.0,3.0
9,157,819,143055,0,VILLAGE,Aunt,Rural,227,1138,620,518,630,398,232,508,222,286,380,226820,tehsil_mode_best_effort,existing_village_mapping,9,UTTAR PRADESH,162,LUCKNOW,0.0,0.0,0.0,0.0,0.0,0.0,0.0,0.0,0.0,0.0,0.0,0.0,0.0,0.0,1.0,0.0,0.0,0.0,0.0,0.0,0.0,0.0,0.0,0.0,0.0
9,157,819,143056,0,VILLAGE,Masirha Ratan,Rural,647,3196,1621,1575,1676,952,724,1520,669,851,979,227411,tehsil_mode_best_effort,existing_village_mapping,9,UTTAR PRADESH,162,LUCKNOW,0.0,0.0,0.0,0.0,0.0,0.0,0.0,0.0,0.0,0.0,0.0,0.0,0.0,0.0,1.0,0.0,0.0,0.0,0.0,0.0,0.0,0.0,0.0,0.0,0.0
9,157,819,143057,0,VILLAGE,Gagan  Barauli,Rural,123,565,308,257,280,190,90,285,118,167,154,226818,tehsil_mode_best_effort,existing_village_mapping,9,UTTAR PRADESH,162,LUCKNOW,0.0,0.0,0.0,0.0,0.0,0.0,0.0,1.0,0.0,0.0,0.0,0.0,0.0,0.0,0.0,0.0,0.0,0.0,0.0,0.0,0.0,0.0,0.0,0.0,0.0
9,157,819,143058,0,VILLAGE,Masirha Hamir,Rural,455,2279,1194,1085,1414,833,581,865,361,504,688,227412,tehsil_mode_best_effort,existing_village_mapping,9,UTTAR PRADESH,162,LUCKNOW,0.0,0.0,0.0,0.0,0.0,0.0,0.0,0.0,0.0,2.0,0.0,0.0,0.0,0.0,0.0,1.0,0.0,0.0,0.0,0.0,0.0,0.0,0.0,0.0,1.0
9,157,819,143059,0,VILLAGE,Saibasi,Rural,220,1392,748,644,855,506,349,537,242,295,393,227413,tehsil_mode_best_effort,existing_village_mapping,9,UTTAR PRADESH,162,LUCKNOW,0.0,0.0,0.0,0.0,0.0,0.0,0.0,0.0,0.0,0.0,0.0,0.0,1.0,0.0,0.0,0.0,0.0,0.0,0.0,0.0,0.0,0.0,0.0,0.0,0.0
9,157,819,143060,0,VILLAGE,Hasanapur,Rural,657,3913,2018,1895,1825,1105,720,2088,913,1175,1254,226816,tehsil_mode_best_effort,existing_village_mapping,9,UTTAR PRADESH,162,LUCKNOW,0.0,0.0,0.0,0.0,0.0,0.0,0.0,0.0,0.0,0.0,0.0,0.0,0.0,0.0,0.0,0.0,0.0,1.0,0.0,0.0,0.0,0.0,0.0,0.0,0.0
9,157,819,143061,0,VILLAGE,Devari Danda,Rural,159,943,499,444,529,319,210,414,180,234,244,226811,tehsil_mode_best_effort,existing_village_mapping,9,UTTAR PRADESH,162,LUCKNOW,0.0,0.0,0.0,0.0,1.0,0.0,0.0,0.0,0.0,0.0,0.0,0.0,0.0,0.0,0.0,0.0,0.0,0.0,0.0,0.0,0.0,0.0,0.0,0.0,0.0
9,157,819,143062,0,VILLAGE,Nabi Panah,Rural,972,5136,2686,2450,2829,1677,1152,2307,1009,1298,1432,227501,tehsil_mode_best_effort,existing_village_mapping,9,UTTAR PRADESH,162,LUCKNOW,0.0,0.0,0.0,0.0,2.0,0.0,0.0,0.0,0.0,0.0,0.0,0.0,1.0,0.0,2.0,0.0,0.0,0.0,0.0,0.0,0.0,0.0,0.0,0.0,0.0
9,157,819,143063,0,VILLAGE,Ibrahimpur,Rural,74,354,190,164,237,139,98,117,51,66,125,227502,tehsil_mode_best_effort,existing_village_mapping,9,UTTAR PRADESH,162,LUCKNOW,0.0,0.0,0.0,0.0,0.0,0.0,0.0,0.0,0.0,0.0,1.0,0.0,0.0,0.0,0.0,0.0,0.0,0.0,0.0,0.0,0.0,0.0,0.0,0.0,0.0
9,157,819,143064,0,VILLAGE,Bhanpur,Rural,197,995,527,468,568,354,214,427,173,254,304,227505,tehsil_mode_best_effort,existing_village_mapping,9,UTTAR PRADESH,162,LUCKNOW,0.0,1.0,0.0,0.0,1.0,0.0,0.0,0.0,0.0,0.0,2.0,0.0,0.0,0.0,0.0,0.0,0.0,0.0,0.0,0.0,0.0,0.0,0.0,0.0,0.0
9,157,819,143065,0,VILLAGE,Dhakhava,Rural,750,4133,2172,1961,2437,1470,967,1696,702,994,1484,227512,verified_name_population_match,existing_village_mapping,9,UTTAR PRADESH,162,LUCKNOW,0.0,0.0,0.0,0.0,0.0,0.0,0.0,0.0,0.0,0.0,0.0,0.0,0.0,0.0,0.0,0.0,1.0,0.0,0.0,0.0,0.0,0.0,0.0,0.0,0.0
9,157,819,143066,0,VILLAGE,Dautpur,Rural,134,749,393,356,469,292,177,280,101,179,182,226712,tehsil_mode_best_effort,existing_village_mapping,9,UTTAR PRADESH,162,LUCKNOW,0.0,0.0,0.0,0.0,0.0,0.0,1.0,0.0,0.0,0.0,0.0,0.0,0.0,0.0,0.0,0.0,0.0,0.0,0.0,0.0,0.0,0.0,0.0,0.0,0.0
9,157,819,143067,0,VILLAGE,Sahijana,Rural,396,2420,1331,1089,1256,839,417,1164,492,672,954,226701,verified_name_population_match,existing_village_mapping,9,UTTAR PRADESH,162,LUCKNOW,0.0,0.0,0.0,0.0,2.0,0.0,0.0,0.0,0.0,1.0,0.0,0.0,1.0,0.0,0.0,0.0,0.0,0.0,0.0,0.0,0.0,0.0,0.0,0.0,0.0
9,157,819,143068,0,VILLAGE,Rusena,Rural,830,4615,2428,2187,2390,1523,867,2225,905,1320,1638,226640,tehsil_mode_best_effort,existing_village_mapping,9,UTTAR PRADESH,162,LUCKNOW,0.0,0.0,0.0,0.0,0.0,0.0,0.0,0.0,1.0,0.0,0.0,0.0,0.0,0.0,0.0,0.0,0.0,0.0,0.0,0.0,0.0,0.0,0.0,0.0,0.0
9,157,819,143069,0,VILLAGE,Chaina,Rural,82,474,269,205,324,194,130,150,75,75,142,226629,tehsil_mode_best_effort,existing_village_mapping,9,UTTAR PRADESH,162,LUCKNOW,0.0,0.0,0.0,0.0,0.0,0.0,0.0,0.0,0.0,0.0,0.0,0.0,0.0,0.0,0.0,0.0,0.0,0.0,0.0,0.0,1.0,0.0,0.0,0.0,0.0
9,157,819,143070,0,VILLAGE,Jauria,Rural,347,1858,951,907,1072,662,410,786,289,497,804,226623,tehsil_mode_best_effort,existing_village_mapping,9,UTTAR PRADESH,162,LUCKNOW,0.0,0.0,0.0,0.0,0.0,0.0,0.0,0.0,0.0,0.0,0.0,0.0,0.0,0.0,0.0,0.0,0.0,0.0,0.0,0.0,0.0,0.0,0.0,0.0,5.0
9,157,819,143071,0,VILLAGE,Tarauna,Rural,537,2992,1608,1384,1570,1015,555,1422,593,829,1345,226621,verified_name_population_match,existing_village_mapping,9,UTTAR PRADESH,162,LUCKNOW,0.0,0.0,0.0,0.0,0.0,0.0,0.0,0.0,0.0,0.0,0.0,0.0,0.0,0.0,0.0,0.0,1.0,0.0,0.0,0.0,0.0,0.0,0.0,0.0,0.0
9,157,819,143072,0,VILLAGE,Kaithulia,Rural,460,2566,1353,1213,1401,855,546,1165,498,667,873,226610,tehsil_mode_best_effort,existing_village_mapping,9,UTTAR PRADESH,162,LUCKNOW,0.0,0.0,0.0,0.0,0.0,0.0,0.0,0.0,0.0,0.0,0.0,0.0,0.0,0.0,0.0,1.0,0.0,0.0,1.0,1.0,0.0,0.0,0.0,0.0,1.0
9,157,819,143073,0,VILLAGE,Fatehpur,Rural,215,1215,634,581,725,425,300,490,209,281,365,226608,tehsil_mode_best_effort,existing_village_mapping,9,UTTAR PRADESH,162,LUCKNOW,1.0,0.0,0.0,0.0,1.0,0.0,0.0,0.0,0.0,0.0,0.0,0.0,0.0,0.0,0.0,0.0,0.0,0.0,0.0,0.0,0.0,0.0,0.0,0.0,0.0
9,157,819,143074,0,VILLAGE,Jindaur,Rural,2060,12323,6544,5779,6534,3923,2611,5789,2621,3168,4491,226605,tehsil_mode_best_effort,existing_village_mapping,9,UTTAR PRADESH,162,LUCKNOW,0.0,0.0,0.0,0.0,0.0,0.0,0.0,0.0,0.0,0.0,0.0,0.0,0.0,0.0,0.0,0.0,0.0,0.0,0.0,0.0,0.0,0.0,0.0,0.0,2.0
9,157,819,143075,0,VILLAGE,Mavai Kalan,Rural,828,4433,2234,2199,2306,1417,889,2127,817,1310,1350,226603,tehsil_mode_best_effort,existing_village_mapping,9,UTTAR PRADESH,162,LUCKNOW,0.0,0.0,0.0,0.0,4.0,1.0,0.0,0.0,0.0,0.0,1.0,0.0,0.0,0.0,0.0,0.0,0.0,0.0,0.0,0.0,0.0,0.0,0.0,0.0,0.0
9,157,819,143076,0,VILLAGE,Daulatpur,Rural,180,1041,545,496,645,381,264,396,164,232,330,227715,verified_name_population_match,existing_village_mapping,9,UTTAR PRADESH,162,LUCKNOW,0.0,0.0,0.0,0.0,0.0,0.0,0.0,0.0,2.0,0.0,2.0,0.0,0.0,0.0,0.0,0.0,0.0,0.0,0.0,0.0,0.0,0.0,0.0,0.0,0.0
9,157,819,143077,0,VILLAGE,Bhat Purva,Rural,89,460,239,221,307,182,125,153,57,96,124,227711,verified_name_population_match,existing_village_mapping,9,UTTAR PRADESH,162,LUCKNOW,0.0,0.0,0.0,0.0,0.0,0.0,0.0,0.0,0.0,0.0,1.0,0.0,0.0,0.0,0.0,0.0,0.0,0.0,0.0,0.0,0.0,0.0,0.0,0.0,0.0
9,157,819,143078,0,VILLAGE,Tiragavan,Rural,201,1418,762,656,812,481,331,606,281,325,504,226602,tehsil_mode_best_effort,existing_village_mapping,9,UTTAR PRADESH,162,LUCKNOW,0.0,0.0,0.0,0.0,0.0,0.0,1.0,0.0,0.0,0.0,0.0,0.0,0.0,0.0,0.0,0.0,0.0,0.0,0.0,0.0,0.0,0.0,0.0,0.0,4.0
9,157,819,143079,0,VILLAGE,Mankauti,Rural,485,2697,1423,1274,1263,769,494,1434,654,780,1005,226601,tehsil_mode_best_effort,existing_village_mapping,9,UTTAR PRADESH,162,LUCKNOW,0.0,1.0,0.0,0.0,1.0,1.0,1.0,0.0,0.0,1.0,2.0,0.0,1.0,0.0,1.0,0.0,0.0,0.0,0.0,0.0,2.0,0.0,0.0,0.0,5.0
9,157,819,143080,0,VILLAGE,Raghu Rampur,Rural,0,0,0,0,0,0,0,0,0,0,0,226600,tehsil_mode_best_effort,existing_village_mapping,9,UTTAR PRADESH,162,LUCKNOW,0.0,0.0,0.0,0.0,1.0,1.0,0.0,0.0,0.0,0.0,0.0,0.0,0.0,0.0,1.0,0.0,0.0,1.0,0.0,0.0,0.0,0.0,0.0,0.0,1.0
9,157,819,143081,0,VILLAGE,Terva,Rural,81,510,282,228,246,167,79,264,115,149,139,227702,tehsil_mode_best_effort,existing_village_mapping,9,UTTAR PRADESH,162,LUCKNOW,0.0,0.0,0.0,0.0,0.0,0.0,0.0,0.0,0.0,0.0,1.0,0.0,0.0,0.0,0.0,0.0,0.0,0.0,0.0,0.0,0.0,0.0,0.0,0.0,0.0
9,157,819,143082,0,VILLAGE,Belva,Rural,89,484,242,242,247,140,107,237,102,135,169,227705,tehsil_mode_best_effort,existing_village_mapping,9,UTTAR PRADESH,162,LUCKNOW,0.0,0.0,0.0,0.0,1.0,0.0,0.0,0.0,0.0,0.0,0.0,0.0,0.0,0.0,0.0,0.0,0.0,0.0,0.0,0.0,0.0,0.0,0.0,0.0,0.0
9,157,819,143083,0,VILLAGE,Gosava,Rural,268,1542,823,719,972,600,372,570,223,347,431,226522,tehsil_mode_best_effort,existing_village_mapping,9,UTTAR PRADESH,162,LUCKNOW,0.0,0.0,0.0,0.0,0.0,0.0,0.0,0.0,0.0,0.0,0.0,0.0,0.0,0.0,0.0,0.0,1.0,0.0,0.0,0.0,0.0,0.0,0.0,0.0,0.0
9,157,819,143084,0,VILLAGE,Dilavar Nagar,Rural,624,3456,1795,1661,1753,1058,695,1703,737,966,1531,226510,tehsil_mode_best_effort,existing_village_mapping,9,UTTAR PRADESH,162,LUCKNOW,0.0,0.0,0.0,0.0,0.0,0.0,0.0,0.0,0.0,0.0,0.0,0.0,0.0,0.0,0.0,0.0,1.0,0.0,0.0,0.0,0.0,0.0,0.0,0.0,0.0
9,157,819,143085,0,VILLAGE,Kahala,Rural,631,4047,2053,1994,2153,1278,875,1894,775,1119,1629,226504,verified_name_population_match,existing_village_mapping,9,UTTAR PRADESH,162,LUCKNOW,0.0,0.0,0.0,0.0,0.0,0.0,0.0,0.0,0.0,0.0,0.0,0.0,0.0,0.0,0.0,0.0,1.0,0.0,0.0,0.0,0.0,0.0,0.0,0.0,0.0
9,157,819,143086,0,VILLAGE,Harihar Pur,Rural,218,1305,672,633,833,471,362,472,201,271,377,226502,tehsil_mode_best_effort,existing_village_mapping,9,UTTAR PRADESH,162,LUCKNOW,0.0,0.0,0.0,0.0,1.0,0.0,0.0,0.0,0.0,0.0,1.0,0.0,0.0,0.0,0.0,0.0,0.0,0.0,0.0,0.0,0.0,0.0,0.0,0.0,0.0
9,157,819,143087,0,VILLAGE,Bhadesar Mau,Rural,244,1456,764,692,924,547,377,532,217,315,419,226501,tehsil_mode_best_effort,existing_village_mapping,9,UTTAR PRADESH,162,LUCKNOW,49.0,62.0,0.0,19.0,354.0,56.0,94.0,9.0,98.0,101.0,245.0,0.0,195.0,13.0,111.0,19.0,99.0,33.0,38.0,39.0,42.0,47.0,51.0,16.0,315.0
9,157,819,143088,0,VILLAGE,Sendharava,Rural,434,2840,1483,1357,1589,995,594,1251,488,763,1021,227805,tehsil_mode_best_effort,existing_village_mapping,9,UTTAR PRADESH,162,LUCKNOW,0.0,0.0,0.0,0.0,0.0,0.0,0.0,0.0,0.0,0.0,0.0,0.0,0.0,0.0,0.0,0.0,0.0,0.0,0.0,0.0,0.0,1.0,0.0,0.0,0.0
9,157,819,143089,0,VILLAGE,Ishapur,Rural,186,959,519,440,557,365,192,402,154,248,304,227809,tehsil_mode_best_effort,existing_village_mapping,9,UTTAR PRADESH,162,LUCKNOW,1.0,1.0,0.0,0.0,5.0,0.0,1.0,0.0,1.0,0.0,2.0,0.0,2.0,0.0,2.0,0.0,0.0,0.0,0.0,0.0,0.0,0.0,0.0,0.0,1.0
9,157,819,143090,0,VILLAGE,Kasmandi Khurd,Rural,1400,7907,4086,3821,4722,2715,2007,3185,1371,1814,2664,227811,tehsil_mode_best_effort,existing_village_mapping,9,UTTAR PRADESH,162,LUCKNOW,0.0,0.0,0.0,0.0,2.0,0.0,0.0,0.0,0.0,0.0,0.0,0.0,0.0,0.0,0.0,0.0,0.0,0.0,0.0,0.0,1.0,1.0,1.0,0.0,1.0
9,157,819,143091,0,VILLAGE,Hatauli,Rural,186,951,508,443,554,333,221,397,175,222,266,227813,tehsil_mode_best_effort,existing_village_mapping,9,UTTAR PRADESH,162,LUCKNOW,0.0,0.0,0.0,0.0,0.0,0.0,0.0,0.0,0.0,0.0,0.0,0.0,1.0,0.0,0.0,0.0,0.0,0.0,0.0,0.0,0.0,0.0,0.0,0.0,0.0
9,157,819,143092,0,VILLAGE,Bhadwana,Rural,306,1863,1002,861,1148,689,459,715,313,402,539,227815,tehsil_mode_best_effort,existing_village_mapping,9,UTTAR PRADESH,162,LUCKNOW,0.0,0.0,0.0,0.0,0.0,0.0,1.0,0.0,0.0,0.0,0.0,0.0,0.0,0.0,2.0,0.0,0.0,0.0,0.0,0.0,0.0,0.0,0.0,0.0,0.0
9,157,819,143093,0,VILLAGE,Hamira Pur,Rural,933,5635,2966,2669,3137,1792,1345,2498,1174,1324,2032,227816,tehsil_mode_best_effort,existing_village_mapping,9,UTTAR PRADESH,162,LUCKNOW,0.0,0.0,0.0,0.0,0.0,0.0,1.0,0.0,0.0,0.0,0.0,0.0,0.0,0.0,0.0,0.0,0.0,0.0,0.0,0.0,0.0,0.0,0.0,0.0,0.0
9,157,819,143094,0,VILLAGE,Ghusauli,Rural,281,1535,818,717,958,565,393,577,253,324,571,227817,tehsil_mode_best_effort,existing_village_mapping,9,UTTAR PRADESH,162,LUCKNOW,1.0,0.0,0.0,1.0,3.0,0.0,0.0,0.0,0.0,0.0,1.0,0.0,0.0,0.0,1.0,0.0,0.0,0.0,0.0,0.0,0.0,0.0,0.0,0.0,1.0
9,157,819,143095,0,VILLAGE,Jagdishpur Khurd,Rural,60,328,164,164,209,124,85,119,40,79,199,226410,tehsil_mode_best_effort,existing_village_mapping,9,UTTAR PRADESH,162,LUCKNOW,0.0,0.0,0.0,0.0,0.0,0.0,0.0,0.0,0.0,0.0,0.0,0.0,0.0,0.0,1.0,0.0,0.0,0.0,0.0,0.0,0.0,0.0,0.0,0.0,0.0
9,157,819,143096,0,VILLAGE,Firozpur,Rural,148,810,426,384,419,249,170,391,177,214,86,226406,tehsil_mode_best_effort,existing_village_mapping,9,UTTAR PRADESH,162,LUCKNOW,0.0,0.0,0.0,0.0,0.0,0.0,0.0,1.0,0.0,0.0,0.0,0.0,0.0,0.0,0.0,0.0,0.0,0.0,0.0,0.0,0.0,0.0,0.0,0.0,0.0
9,157,819,143097,0,VILLAGE,Bhujasa,Rural,405,2662,1411,1251,1683,1005,678,979,406,573,941,226405,tehsil_mode_best_effort,existing_village_mapping,9,UTTAR PRADESH,162,LUCKNOW,0.0,0.0,0.0,0.0,1.0,0.0,1.0,0.0,0.0,0.0,0.0,0.0,0.0,0.0,0.0,0.0,0.0,0.0,0.0,0.0,0.0,0.0,0.0,0.0,0.0
9,157,819,143098,0,VILLAGE,Sadarpur,Rural,55,450,242,208,286,163,123,164,79,85,30,226404,tehsil_mode_best_effort,existing_village_mapping,9,UTTAR PRADESH,162,LUCKNOW,0.0,0.0,0.0,0.0,1.0,0.0,0.0,0.0,0.0,0.0,0.0,0.0,0.0,0.0,0.0,0.0,0.0,0.0,0.0,0.0,0.0,0.0,0.0,0.0,0.0
9,157,819,143099,0,VILLAGE,Mohammadnagar Talukedari,Rural,242,1298,658,640,824,484,340,474,174,300,427,226402,tehsil_mode_best_effort,existing_village_mapping,9,UTTAR PRADESH,162,LUCKNOW,0.0,0.0,0.0,0.0,0.0,0.0,0.0,0.0,0.0,1.0,0.0,0.0,0.0,0.0,0.0,0.0,1.0,0.0,0.0,0.0,0.0,0.0,1.0,0.0,0.0
9,157,819,143100,0,VILLAGE,Mohammadnagar Rahmatnagar,Rural,409,2216,1167,1049,1347,812,535,869,355,514,837,226401,tehsil_mode_best_effort,existing_village_mapping,9,UTTAR PRADESH,162,LUCKNOW,24.0,59.0,0.0,16.0,411.0,60.0,97.0,41.0,125.0,107.0,313.0,0.0,183.0,14.0,136.0,34.0,77.0,64.0,18.0,36.0,69.0,43.0,60.0,13.0,408.0
9,157,819,143101,0,VILLAGE,Nai Basti Dhanewa,Rural,293,1539,803,736,1013,596,417,526,207,319,448,226383,tehsil_mode_best_effort,existing_village_mapping,9,UTTAR PRADESH,162,LUCKNOW,0.0,0.0,0.0,0.0,0.0,0.0,1.0,0.0,0.0,0.0,0.0,0.0,0.0,0.0,0.0,0.0,0.0,0.0,0.0,0.0,0.0,0.0,0.0,0.0,0.0
9,157,819,143102,0,VILLAGE,Nejabhari,Rural,187,1003,533,470,654,391,263,349,142,207,369,226322,verified_name_population_match,existing_village_mapping,9,UTTAR PRADESH,162,LUCKNOW,0.0,0.0,0.0,0.0,1.0,0.0,0.0,0.0,0.0,0.0,1.0,0.0,0.0,0.0,0.0,0.0,0.0,0.0,0.0,0.0,0.0,0.0,0.0,0.0,0.0
9,157,819,143103,0,VILLAGE,Mahmoodnagar,Rural,394,2390,1253,1137,1528,846,682,862,407,455,859,227909,tehsil_mode_best_effort,existing_village_mapping,9,UTTAR PRADESH,162,LUCKNOW,0.0,0.0,0.0,0.0,0.0,0.0,0.0,0.0,0.0,0.0,0.0,0.0,0.0,0.0,1.0,1.0,1.0,0.0,0.0,0.0,0.0,0.0,0.0,0.0,0.0
9,157,819,143104,0,VILLAGE,Kanar,Rural,321,1805,937,868,1192,672,520,613,265,348,680,226309,tehsil_mode_best_effort,existing_village_mapping,9,UTTAR PRADESH,162,LUCKNOW,0.0,0.0,0.0,0.0,0.0,0.0,0.0,0.0,0.0,0.0,0.0,0.0,0.0,0.0,0.0,0.0,0.0,0.0,0.0,0.0,0.0,0.0,1.0,0.0,0.0
9,157,819,143105,0,VILLAGE,Ahmedabad,Rural,502,3524,1850,1674,1835,1067,768,1689,783,906,1163,226308,verified_name_population_match,existing_village_mapping,9,UTTAR PRADESH,162,LUCKNOW,0.0,0.0,0.0,0.0,0.0,0.0,1.0,0.0,0.0,1.0,1.0,0.0,0.0,0.0,0.0,0.0,0.0,0.0,0.0,1.0,0.0,0.0,0.0,1.0,0.0
9,157,819,143106,0,VILLAGE,Najar Nagar,Rural,65,373,195,178,172,108,64,201,87,114,74,226306,tehsil_mode_best_effort,existing_village_mapping,9,UTTAR PRADESH,162,LUCKNOW,0.0,0.0,0.0,0.0,10.0,0.0,0.0,0.0,0.0,0.0,0.0,0.0,0.0,0.0,0.0,0.0,0.0,0.0,0.0,0.0,0.0,0.0,0.0,0.0,0.0
9,157,819,143107,0,VILLAGE,Tikari Khurd,Rural,75,430,229,201,293,174,119,137,55,82,132,226305,tehsil_mode_best_effort,existing_village_mapping,9,UTTAR PRADESH,162,LUCKNOW,1.0,0.0,0.0,0.0,4.0,1.0,0.0,0.0,5.0,1.0,4.0,0.0,1.0,0.0,1.0,0.0,0.0,0.0,0.0,1.0,2.0,2.0,1.0,0.0,14.0
9,157,819,143108,0,VILLAGE,Sarava,Rural,252,1534,827,707,995,637,358,539,190,349,402,226303,tehsil_mode_best_effort,existing_village_mapping,9,UTTAR PRADESH,162,LUCKNOW,28.0,27.0,0.0,5.0,144.0,59.0,43.0,0.0,35.0,62.0,135.0,0.0,53.0,2.0,33.0,2.0,20.0,8.0,3.0,13.0,18.0,11.0,10.0,6.0,107.0
9,157,819,143109,0,VILLAGE,Garhi Sajar Khan,Rural,520,2833,1466,1367,1570,928,642,1263,538,725,934,226302,tehsil_mode_best_effort,existing_village_mapping,9,UTTAR PRADESH,162,LUCKNOW,11.0,27.0,0.0,8.0,120.0,26.0,51.0,2.0,30.0,42.0,83.0,0.0,55.0,2.0,44.0,8.0,25.0,7.0,14.0,18.0,18.0,11.0,23.0,9.0,135.0
9,157,819,143110,0,VILLAGE,Madhopur,Rural,408,2474,1285,1189,1463,869,594,1011,416,595,787,226301,tehsil_mode_best_effort,existing_village_mapping,9,UTTAR PRADESH,162,LUCKNOW,39.0,51.0,0.0,29.0,461.0,76.0,149.0,10.0,211.0,164.0,428.0,0.0,232.0,30.0,144.0,28.0,88.0,50.0,46.0,44.0,77.0,105.0,97.0,23.0,525.0
9,157,819,143111,0,VILLAGE,Badaura,Rural,184,954,496,458,458,249,209,496,247,249,326,226300,tehsil_mode_best_effort,existing_village_mapping,9,UTTAR PRADESH,162,LUCKNOW,0.0,1.0,0.0,0.0,0.0,0.0,0.0,0.0,0.0,1.0,1.0,0.0,0.0,0.0,0.0,0.0,0.0,0.0,0.0,0.0,0.0,0.0,0.0,0.0,0.0
9,157,819,143112,0,VILLAGE,Shahjad Pur,Rural,107,661,350,311,378,219,159,283,131,152,196,228001,tehsil_mode_best_effort,existing_village_mapping,9,UTTAR PRADESH,162,LUCKNOW,0.0,0.0,0.0,0.0,3.0,1.0,0.0,0.0,6.0,1.0,1.0,0.0,0.0,0.0,4.0,0.0,0.0,0.0,1.0,0.0,0.0,0.0,3.0,0.0,2.0
9,157,819,143113,0,VILLAGE,Khushal Pur,Rural,234,1445,723,722,868,496,372,577,227,350,354,228002,tehsil_mode_best_effort,existing_village_mapping,9,UTTAR PRADESH,162,LUCKNOW,0.0,0.0,0.0,0.0,0.0,0.0,0.0,0.0,0.0,0.0,0.0,0.0,0.0,0.0,1.0,0.0,0.0,0.0,0.0,0.0,0.0,0.0,0.0,0.0,1.0
9,157,819,143114,0,VILLAGE,Bhatoia,Rural,139,986,533,453,543,337,206,443,196,247,255,228004,tehsil_mode_best_effort,existing_village_mapping,9,UTTAR PRADESH,162,LUCKNOW,0.0,0.0,0.0,0.0,0.0,0.0,0.0,0.0,0.0,0.0,0.0,0.0,0.0,0.0,0.0,0.0,0.0,0.0,1.0,0.0,0.0,0.0,0.0,0.0,0.0
9,157,819,143115,0,VILLAGE,Surgaula,Rural,238,1313,702,611,803,474,329,510,228,282,662,226224,tehsil_mode_best_effort,existing_village_mapping,9,UTTAR PRADESH,162,LUCKNOW,0.0,0.0,0.0,0.0,0.0,0.0,0.0,0.0,0.0,1.0,1.0,0.0,0.0,0.0,0.0,0.0,0.0,0.0,0.0,0.0,0.0,0.0,0.0,0.0,0.0
9,157,819,143116,0,VILLAGE,Hasimpur,Rural,65,368,190,178,214,130,84,154,60,94,90,226223,tehsil_mode_best_effort,existing_village_mapping,9,UTTAR PRADESH,162,LUCKNOW,0.0,0.0,0.0,0.0,0.0,0.0,0.0,0.0,0.0,0.0,1.0,0.0,0.0,0.0,0.0,0.0,0.0,0.0,0.0,0.0,0.0,0.0,0.0,0.0,0.0
9,157,819,143117,0,VILLAGE,Chandpur,Rural,77,481,271,210,237,155,82,244,116,128,250,228007,tehsil_mode_best_effort,existing_village_mapping,9,UTTAR PRADESH,162,LUCKNOW,0.0,0.0,0.0,0.0,0.0,0.0,0.0,0.0,0.0,0.0,1.0,0.0,0.0,0.0,0.0,0.0,0.0,0.0,0.0,0.0,0.0,0.0,0.0,0.0,0.0
9,157,819,143118,0,VILLAGE,Rasulabad,Rural,78,385,194,191,205,134,71,180,60,120,206,226222,tehsil_mode_best_effort,existing_village_mapping,9,UTTAR PRADESH,162,LUCKNOW,0.0,0.0,0.0,0.0,0.0,0.0,0.0,0.0,0.0,0.0,0.0,0.0,0.0,0.0,1.0,0.0,0.0,0.0,0.0,0.0,0.0,0.0,0.0,0.0,0.0
9,157,819,143119,0,VILLAGE,Gaunda Muajjam Nagar,Rural,1039,5810,2996,2814,2929,1745,1184,2881,1251,1630,2129,228008,tehsil_mode_best_effort,existing_village_mapping,9,UTTAR PRADESH,162,LUCKNOW,0.0,0.0,0.0,0.0,0.0,0.0,0.0,0.0,2.0,0.0,0.0,0.0,0.0,0.0,0.0,0.0,0.0,0.0,0.0,0.0,0.0,0.0,2.0,0.0,0.0
9,157,819,143120,0,VILLAGE,Khar Kuwa,Rural,991,5694,2971,2723,2826,1721,1105,2868,1250,1618,1603,226221,verified_name_population_match,existing_village_mapping,9,UTTAR PRADESH,162,LUCKNOW,0.0,0.0,0.0,0.0,0.0,2.0,0.0,0.0,0.0,0.0,1.0,0.0,0.0,0.0,1.0,0.0,0.0,0.0,0.0,0.0,0.0,0.0,0.0,0.0,0.0
9,157,819,143121,0,VILLAGE,Paharpur,Rural,126,732,378,354,396,238,158,336,140,196,226,226220,tehsil_mode_best_effort,existing_village_mapping,9,UTTAR PRADESH,162,LUCKNOW,0.0,0.0,0.0,0.0,1.0,0.0,0.0,0.0,0.0,1.0,2.0,0.0,0.0,0.0,0.0,0.0,0.0,0.0,0.0,0.0,0.0,0.0,0.0,0.0,0.0
9,157,819,143122,0,VILLAGE,Virahim Pur,Rural,218,1154,612,542,548,335,213,606,277,329,327,226216,tehsil_mode_best_effort,existing_village_mapping,9,UTTAR PRADESH,162,LUCKNOW,0.0,0.0,0.0,0.0,0.0,0.0,0.0,0.0,0.0,0.0,0.0,0.0,0.0,0.0,0.0,0.0,0.0,0.0,0.0,0.0,0.0,1.0,0.0,0.0,0.0
9,157,819,143123,0,VILLAGE,Rampur Basti,Rural,74,397,195,202,250,140,110,147,55,92,121,228015,tehsil_mode_best_effort,existing_village_mapping,9,UTTAR PRADESH,162,LUCKNOW,0.0,0.0,0.0,0.0,0.0,0.0,0.0,0.0,0.0,0.0,0.0,0.0,0.0,0.0,0.0,0.0,0.0,0.0,0.0,1.0,0.0,0.0,0.0,0.0,2.0
9,157,819,143124,0,VILLAGE,Gaurava,Rural,72,384,201,183,224,134,90,160,67,93,97,226210,tehsil_mode_best_effort,existing_village_mapping,9,UTTAR PRADESH,162,LUCKNOW,0.0,0.0,0.0,0.0,0.0,0.0,0.0,0.0,0.0,0.0,0.0,0.0,1.0,0.0,0.0,0.0,0.0,0.0,0.0,0.0,0.0,0.0,0.0,0.0,0.0
9,157,819,143125,0,VILLAGE,Datali,Rural,127,710,376,334,266,170,96,444,206,238,241,228020,tehsil_mode_best_effort,existing_village_mapping,9,UTTAR PRADESH,162,LUCKNOW,0.0,0.0,0.0,1.0,4.0,0.0,0.0,0.0,0.0,0.0,0.0,0.0,0.0,0.0,0.0,0.0,0.0,0.0,0.0,0.0,0.0,0.0,0.0,0.0,0.0
9,157,819,143126,0,VILLAGE,Rasulpur,Rural,201,1219,653,566,769,470,299,450,183,267,342,226208,tehsil_mode_best_effort,existing_village_mapping,9,UTTAR PRADESH,162,LUCKNOW,0.0,0.0,0.0,0.0,1.0,0.0,0.0,0.0,1.0,0.0,2.0,0.0,0.0,1.0,0.0,0.0,0.0,0.0,0.0,0.0,1.0,1.0,0.0,0.0,1.0
9,157,819,143127,0,VILLAGE,Ataura,Rural,209,1007,528,479,523,315,208,484,213,271,313,228022,tehsil_mode_best_effort,existing_village_mapping,9,UTTAR PRADESH,162,LUCKNOW,0.0,0.0,0.0,0.0,0.0,0.0,0.0,0.0,0.0,1.0,1.0,0.0,0.0,0.0,0.0,0.0,0.0,0.0,0.0,0.0,0.0,0.0,0.0,0.0,0.0
9,157,819,143128,0,VILLAGE,Mahdoia,Rural,322,1711,890,821,803,473,330,908,417,491,595,226207,tehsil_mode_best_effort,existing_village_mapping,9,UTTAR PRADESH,162,LUCKNOW,0.0,0.0,0.0,0.0,1.0,0.0,0.0,0.0,0.0,0.0,0.0,0.0,0.0,0.0,0.0,0.0,0.0,0.0,0.0,0.0,0.0,0.0,0.0,0.0,0.0
9,157,819,143129,0,VILLAGE,Bhogalamau,Rural,64,324,172,152,99,69,30,225,103,122,191,226206,tehsil_mode_best_effort,existing_village_mapping,9,UTTAR PRADESH,162,LUCKNOW,0.0,0.0,0.0,0.0,0.0,0.0,0.0,0.0,0.0,0.0,0.0,0.0,1.0,0.0,0.0,0.0,0.0,0.0,0.0,0.0,0.0,0.0,0.0,0.0,1.0
9,157,819,143130,0,VILLAGE,Navi Nagar,Rural,378,1909,998,911,936,563,373,973,435,538,841,228024,tehsil_mode_best_effort,existing_village_mapping,9,UTTAR PRADESH,162,LUCKNOW,0.0,0.0,0.0,0.0,0.0,0.0,0.0,0.0,0.0,1.0,0.0,0.0,0.0,0.0,0.0,0.0,0.0,0.0,0.0,0.0,0.0,0.0,0.0,0.0,0.0
9,157,819,143131,0,VILLAGE,Kharata,Rural,326,1674,856,818,897,557,340,777,299,478,476,226205,tehsil_mode_best_effort,existing_village_mapping,9,UTTAR PRADESH,162,LUCKNOW,1.0,0.0,0.0,0.0,3.0,1.0,2.0,0.0,0.0,1.0,2.0,0.0,1.0,0.0,1.0,0.0,1.0,0.0,0.0,0.0,0.0,0.0,1.0,0.0,2.0
9,157,819,143132,0,VILLAGE,Bhulsi,Rural,168,875,453,422,530,319,211,345,134,211,246,226204,tehsil_mode_best_effort,existing_village_mapping,9,UTTAR PRADESH,162,LUCKNOW,0.0,0.0,0.0,0.0,0.0,1.0,0.0,0.0,0.0,0.0,0.0,0.0,0.0,0.0,0.0,0.0,0.0,0.0,0.0,2.0,0.0,0.0,0.0,0.0,0.0
9,157,819,143133,0,VILLAGE,Dheremau,Rural,351,2053,1077,976,1205,740,465,848,337,511,653,226203,tehsil_mode_best_effort,existing_village_mapping,9,UTTAR PRADESH,162,LUCKNOW,71.0,51.0,0.0,14.0,308.0,50.0,106.0,6.0,64.0,94.0,292.0,0.0,121.0,11.0,97.0,14.0,51.0,14.0,19.0,26.0,36.0,20.0,32.0,15.0,196.0
9,157,819,143134,0,VILLAGE,Kundara Kala,Rural,90,483,256,227,274,172,102,209,84,125,162,226202,tehsil_mode_best_effort,existing_village_mapping,9,UTTAR PRADESH,162,LUCKNOW,15.0,14.0,0.0,3.0,98.0,18.0,19.0,1.0,13.0,19.0,64.0,0.0,35.0,1.0,14.0,6.0,18.0,5.0,1.0,10.0,9.0,12.0,15.0,3.0,55.0
9,157,819,143135,0,VILLAGE,Kundara Khurd,Rural,141,753,411,342,349,226,123,404,185,219,345,228028,tehsil_mode_best_effort,existing_village_mapping,9,UTTAR PRADESH,162,LUCKNOW,0.0,0.0,0.0,0.0,0.0,0.0,0.0,0.0,2.0,0.0,0.0,0.0,0.0,0.0,0.0,0.0,0.0,0.0,0.0,0.0,0.0,0.0,1.0,0.0,0.0
9,157,819,143136,0,VILLAGE,Bhausa(Sherpur),Rural,294,1463,751,712,841,518,323,622,233,389,710,226201,tehsil_mode_best_effort,existing_village_mapping,9,UTTAR PRADESH,162,LUCKNOW,33.0,60.0,0.0,29.0,437.0,63.0,117.0,9.0,163.0,164.0,433.0,0.0,143.0,14.0,86.0,28.0,96.0,35.0,46.0,41.0,57.0,75.0,79.0,16.0,416.0
9,157,819,143137,0,VILLAGE,Dular Mau,Rural,140,944,516,428,549,335,214,395,181,214,295,226200,tehsil_mode_best_effort,existing_village_mapping,9,UTTAR PRADESH,162,LUCKNOW,0.0,0.0,0.0,0.0,1.0,0.0,0.0,0.0,0.0,0.0,0.0,0.0,0.0,0.0,0.0,0.0,0.0,0.0,0.0,0.0,0.0,0.0,0.0,0.0,0.0
9,157,819,143138,0,VILLAGE,Purava,Rural,304,1463,783,680,871,543,328,592,240,352,695,226184,verified_name_population_match,existing_village_mapping,9,UTTAR PRADESH,162,LUCKNOW,0.0,0.0,0.0,0.0,0.0,0.0,1.0,0.0,0.0,0.0,0.0,0.0,0.0,0.0,0.0,0.0,0.0,0.0,0.0,0.0,0.0,0.0,0.0,0.0,0.0
9,157,819,143139,0,VILLAGE,Tilsua,Rural,244,1450,776,674,1042,617,425,408,159,249,372,226131,verified_name_population_match,existing_village_mapping,9,UTTAR PRADESH,162,LUCKNOW,0.0,0.0,0.0,0.0,0.0,0.0,0.0,0.0,0.0,0.0,0.0,0.0,0.0,0.0,0.0,0.0,0.0,0.0,1.0,0.0,0.0,0.0,0.0,0.0,0.0
9,157,819,143140,0,VILLAGE,Bari Jalalpur,Rural,40,182,99,83,98,68,30,84,31,53,61,226122,tehsil_mode_best_effort,existing_village_mapping,9,UTTAR PRADESH,162,LUCKNOW,0.0,0.0,0.0,0.0,0.0,0.0,0.0,0.0,0.0,0.0,0.0,0.0,0.0,0.0,0.0,1.0,0.0,0.0,0.0,0.0,0.0,0.0,0.0,0.0,0.0
9,157,819,143141,0,VILLAGE,Bakhtiyar Nagar,Rural,456,2480,1343,1137,1270,760,510,1210,583,627,819,226116,tehsil_mode_best_effort,existing_village_mapping,9,UTTAR PRADESH,162,LUCKNOW,0.0,0.0,0.0,0.0,1.0,0.0,0.0,0.0,0.0,1.0,0.0,0.0,0.0,0.0,1.0,0.0,0.0,0.0,0.0,0.0,0.0,0.0,0.0,0.0,0.0
9,157,819,143142,0,VILLAGE,Kukura,Rural,64,309,165,144,144,97,47,165,68,97,78,226111,tehsil_mode_best_effort,existing_village_mapping,9,UTTAR PRADESH,162,LUCKNOW,0.0,0.0,0.0,0.0,0.0,0.0,1.0,0.0,0.0,0.0,1.0,0.0,0.0,0.0,1.0,0.0,0.0,0.0,0.0,0.0,0.0,0.0,0.0,0.0,0.0
9,157,819,143143,0,VILLAGE,Barhi Garhi,Rural,312,1684,889,795,1066,648,418,618,241,377,465,228119,tehsil_mode_best_effort,existing_village_mapping,9,UTTAR PRADESH,162,LUCKNOW,1.0,0.0,0.0,0.0,0.0,1.0,0.0,0.0,0.0,0.0,0.0,0.0,0.0,0.0,1.0,0.0,0.0,0.0,0.0,0.0,0.0,0.0,0.0,0.0,0.0
9,157,819,143144,0,VILLAGE,Belgarha,Rural,254,1452,785,667,923,562,361,529,223,306,669,228121,tehsil_mode_best_effort,existing_village_mapping,9,UTTAR PRADESH,162,LUCKNOW,0.0,0.0,0.0,0.0,0.0,0.0,0.0,0.0,1.0,0.0,0.0,0.0,0.0,0.0,0.0,0.0,0.0,0.0,0.0,0.0,0.0,0.0,0.0,0.0,0.0
9,157,819,143145,0,VILLAGE,Ludhausi,Rural,173,892,474,418,537,320,217,355,154,201,366,226107,tehsil_mode_best_effort,existing_village_mapping,9,UTTAR PRADESH,162,LUCKNOW,0.0,1.0,0.0,0.0,7.0,2.0,0.0,0.0,1.0,1.0,2.0,0.0,5.0,1.0,2.0,0.0,0.0,1.0,1.0,2.0,1.0,0.0,0.0,0.0,2.0
9,157,819,143146,0,VILLAGE,Khalispur,Rural,501,2832,1529,1303,1537,935,602,1295,594,701,920,226106,verified_name_population_match,existing_village_mapping,9,UTTAR PRADESH,162,LUCKNOW,0.0,0.0,0.0,0.0,1.0,0.0,0.0,0.0,1.0,0.0,0.0,0.0,1.0,0.0,0.0,0.0,0.0,0.0,0.0,0.0,0.0,3.0,0.0,0.0,8.0
9,157,819,143147,0,VILLAGE,Habibpur,Rural,179,1049,563,486,638,387,251,411,176,235,317,226105,tehsil_mode_best_effort,existing_village_mapping,9,UTTAR PRADESH,162,LUCKNOW,0.0,0.0,0.0,0.0,0.0,0.0,0.0,0.0,0.0,0.0,1.0,0.0,0.0,0.0,1.0,0.0,0.0,0.0,0.0,0.0,0.0,0.0,0.0,0.0,0.0
9,157,819,143148,0,VILLAGE,Dugauli,Rural,161,1036,520,516,668,395,273,368,125,243,290,226104,tehsil_mode_best_effort,existing_village_mapping,9,UTTAR PRADESH,162,LUCKNOW,29.0,72.0,0.0,27.0,298.0,54.0,94.0,10.0,37.0,92.0,282.0,0.0,164.0,7.0,82.0,3.0,39.0,29.0,13.0,20.0,25.0,23.0,26.0,19.0,201.0
9,157,819,143149,0,VILLAGE,Sahilamau,Rural,546,3271,1706,1565,2054,1161,893,1217,545,672,1332,226100,tehsil_mode_best_effort,existing_village_mapping,9,UTTAR PRADESH,162,LUCKNOW,0.0,0.0,0.0,0.0,2.0,0.0,0.0,0.0,0.0,0.0,1.0,0.0,0.0,0.0,1.0,0.0,0.0,1.0,0.0,0.0,0.0,0.0,0.0,0.0,0.0
9,157,819,143150,0,VILLAGE,Meethenagar,Rural,184,1149,599,550,729,439,290,420,160,260,438,226095,verified_name_population_match,existing_village_mapping,9,UTTAR PRADESH,162,LUCKNOW,0.0,0.0,0.0,0.0,0.0,0.0,0.0,0.0,0.0,0.0,0.0,0.0,0.0,0.0,0.0,0.0,0.0,0.0,0.0,0.0,1.0,0.0,0.0,0.0,0.0
9,157,819,143151,0,VILLAGE,Mandauli,Rural,383,2404,1263,1141,1362,759,603,1042,504,538,972,226093,verified_name_population_match,existing_village_mapping,9,UTTAR PRADESH,162,LUCKNOW,0.0,0.0,0.0,0.0,1.0,0.0,0.0,0.0,0.0,0.0,0.0,0.0,0.0,0.0,2.0,0.0,0.0,0.0,0.0,0.0,0.0,0.0,0.0,0.0,1.0
9,157,819,143152,0,VILLAGE,Sahilabad,Rural,0,0,0,0,0,0,0,0,0,0,0,228131,tehsil_mode_best_effort,existing_village_mapping,9,UTTAR PRADESH,162,LUCKNOW,0.0,0.0,0.0,0.0,1.0,0.0,0.0,0.0,0.0,0.0,1.0,0.0,0.0,0.0,0.0,0.0,0.0,0.0,0.0,0.0,0.0,0.0,0.0,0.0,0.0
9,157,819,143153,0,VILLAGE,Allupur,Rural,231,1296,687,609,842,522,320,454,165,289,491,226091,tehsil_mode_best_effort,existing_village_mapping,9,UTTAR PRADESH,162,LUCKNOW,0.0,0.0,0.0,0.0,0.0,0.0,0.0,0.0,0.0,0.0,0.0,0.0,1.0,0.0,0.0,0.0,0.0,0.0,0.0,0.0,0.0,0.0,0.0,0.0,0.0
9,157,819,143154,0,VILLAGE,Budharia,Rural,141,783,392,391,488,284,204,295,108,187,203,226088,tehsil_mode_best_effort,existing_village_mapping,9,UTTAR PRADESH,162,LUCKNOW,0.0,0.0,0.0,0.0,0.0,0.0,0.0,0.0,0.0,0.0,0.0,0.0,0.0,0.0,1.0,0.0,0.0,0.0,0.0,0.0,0.0,0.0,0.0,0.0,0.0
9,157,819,143155,0,VILLAGE,Tikaitganj,Rural,205,1095,568,527,662,365,297,433,203,230,299,228142,tehsil_mode_best_effort,existing_village_mapping,9,UTTAR PRADESH,162,LUCKNOW,0.0,0.0,0.0,0.0,0.0,0.0,0.0,0.0,0.0,0.0,0.0,0.0,0.0,0.0,0.0,0.0,1.0,0.0,0.0,0.0,0.0,0.0,0.0,0.0,0.0
9,157,819,143156,0,VILLAGE,Vajidnagar,Rural,167,832,422,410,475,273,202,357,149,208,324,226086,tehsil_mode_best_effort,existing_village_mapping,9,UTTAR PRADESH,162,LUCKNOW,0.0,0.0,0.0,0.0,0.0,0.0,1.0,0.0,0.0,0.0,2.0,0.0,0.0,0.0,0.0,0.0,0.0,0.0,0.0,0.0,0.0,0.0,0.0,0.0,0.0
9,157,819,143157,0,VILLAGE,Kasmandikala,Rural,1079,6005,3113,2892,3277,1901,1376,2728,1212,1516,1954,226085,tehsil_mode_best_effort,existing_village_mapping,9,UTTAR PRADESH,162,LUCKNOW,0.0,0.0,0.0,0.0,0.0,0.0,0.0,0.0,0.0,0.0,0.0,0.0,0.0,0.0,0.0,0.0,0.0,0.0,0.0,0.0,0.0,0.0,0.0,0.0,1.0
9,157,819,143158,0,VILLAGE,Ramgarha,Rural,250,1336,692,644,808,450,358,528,242,286,530,228145,tehsil_mode_best_effort,existing_village_mapping,9,UTTAR PRADESH,162,LUCKNOW,0.0,0.0,0.0,0.0,1.0,0.0,0.0,0.0,0.0,0.0,0.0,0.0,1.0,0.0,0.0,0.0,0.0,0.0,0.0,0.0,1.0,0.0,1.0,0.0,3.0
9,157,819,143159,0,VILLAGE,Kithai Para,Rural,273,1225,669,556,725,445,280,500,224,276,416,226083,tehsil_mode_best_effort,existing_village_mapping,9,UTTAR PRADESH,162,LUCKNOW,0.0,0.0,0.0,0.0,1.0,0.0,0.0,0.0,0.0,0.0,0.0,0.0,1.0,0.0,0.0,0.0,0.0,0.0,1.0,0.0,0.0,0.0,0.0,0.0,1.0
9,157,819,143160,0,VILLAGE,Bahelia,Rural,267,1412,728,684,746,469,277,666,259,407,524,226082,verified_name_population_match,existing_village_mapping,9,UTTAR PRADESH,162,LUCKNOW,0.0,0.0,0.0,0.0,1.0,0.0,0.0,0.0,1.0,1.0,0.0,0.0,1.0,0.0,0.0,0.0,0.0,0.0,0.0,0.0,0.0,0.0,1.0,0.0,0.0
9,157,819,143161,0,VILLAGE,Gukhaura,Rural,20,123,70,53,84,52,32,39,18,21,53,226081,tehsil_mode_best_effort,existing_village_mapping,9,UTTAR PRADESH,162,LUCKNOW,0.0,0.0,0.0,0.0,1.0,0.0,0.0,0.0,0.0,1.0,0.0,0.0,0.0,0.0,0.0,0.0,0.0,0.0,0.0,0.0,0.0,0.0,0.0,0.0,0.0
9,157,819,143162,0,VILLAGE,Fatehnagar,Rural,203,1346,715,631,662,407,255,684,308,376,505,226080,tehsil_mode_best_effort,existing_village_mapping,9,UTTAR PRADESH,162,LUCKNOW,0.0,0.0,0.0,0.0,1.0,0.0,2.0,0.0,0.0,2.0,3.0,0.0,0.0,0.0,0.0,0.0,0.0,0.0,0.0,0.0,0.0,1.0,0.0,0.0,2.0
9,157,819,143163,0,VILLAGE,Shivdaspur,Rural,122,688,377,311,427,277,150,261,100,161,194,226079,tehsil_mode_best_effort,existing_village_mapping,9,UTTAR PRADESH,162,LUCKNOW,0.0,0.0,0.0,0.0,0.0,0.0,0.0,0.0,0.0,0.0,0.0,0.0,0.0,0.0,0.0,0.0,0.0,0.0,0.0,0.0,0.0,0.0,0.0,0.0,1.0
9,157,819,143164,0,VILLAGE,Katauli,Rural,603,3380,1793,1587,1986,1214,772,1394,579,815,974,226078,tehsil_mode_best_effort,existing_village_mapping,9,UTTAR PRADESH,162,LUCKNOW,0.0,0.0,0.0,0.0,0.0,0.0,0.0,0.0,0.0,0.0,0.0,0.0,0.0,0.0,0.0,0.0,0.0,0.0,0.0,0.0,0.0,0.0,0.0,0.0,2.0
9,157,819,143165,0,VILLAGE,Jamalnagar,Rural,171,1072,552,520,653,404,249,419,148,271,263,226075,tehsil_mode_best_effort,existing_village_mapping,9,UTTAR PRADESH,162,LUCKNOW,0.0,0.0,0.0,0.0,0.0,0.0,1.0,0.0,0.0,2.0,1.0,0.0,0.0,0.0,0.0,0.0,0.0,0.0,0.0,0.0,0.0,0.0,0.0,1.0,0.0
9,157,819,143166,0,VILLAGE,Malaha,Rural,489,2867,1542,1325,1739,1060,679,1128,482,646,801,226072,verified_name_population_match,existing_village_mapping,9,UTTAR PRADESH,162,LUCKNOW,1.0,0.0,0.0,0.0,1.0,0.0,0.0,0.0,0.0,0.0,0.0,0.0,0.0,0.0,0.0,0.0,0.0,0.0,0.0,0.0,0.0,0.0,0.0,0.0,1.0
9,157,819,800946,0,TOWN,Malihabad (NP),Urban,3032,17818,9334,8484,10854,6037,4817,6964,3297,3667,5886,226071,,town_postal_code,9,UTTAR PRADESH,162,LUCKNOW,0.0,0.0,0.0,0.0,3.0,0.0,0.0,0.0,0.0,1.0,1.0,0.0,0.0,0.0,0.0,0.0,0.0,0.0,0.0,0.0,0.0,0.0,0.0,0.0,2.0
9,157,819,800946,1,WARD,Malihabad (NP) WARD NO.-0001,Urban,256,1588,844,744,794,460,334,794,384,410,516,226070,,ward_inherited_from_town,9,UTTAR PRADESH,162,LUCKNOW,0.0,0.0,0.0,1.0,0.0,0.0,0.0,0.0,0.0,0.0,0.0,0.0,0.0,0.0,1.0,1.0,0.0,0.0,0.0,0.0,0.0,0.0,0.0,0.0,0.0
9,157,819,800946,2,WARD,Malihabad (NP) WARD NO.-0002,Urban,237,1377,719,658,864,495,369,513,224,289,468,226069,,ward_inherited_from_town,9,UTTAR PRADESH,162,LUCKNOW,0.0,0.0,0.0,0.0,2.0,0.0,0.0,0.0,0.0,0.0,0.0,0.0,0.0,0.0,0.0,0.0,0.0,0.0,0.0,0.0,0.0,0.0,0.0,0.0,1.0
9,157,819,800946,3,WARD,Malihabad (NP) WARD NO.-0003,Urban,290,1654,904,750,905,550,355,749,354,395,563,226068,,ward_inherited_from_town,9,UTTAR PRADESH,162,LUCKNOW,0.0,0.0,0.0,0.0,0.0,0.0,0.0,0.0,1.0,0.0,0.0,0.0,1.0,0.0,0.0,0.0,0.0,1.0,0.0,0.0,0.0,0.0,0.0,0.0,1.0
9,157,819,800946,4,WARD,Malihabad (NP) WARD NO.-0004,Urban,202,1175,587,588,684,366,318,491,221,270,361,226066,,ward_inherited_from_town,9,UTTAR PRADESH,162,LUCKNOW,0.0,0.0,0.0,0.0,0.0,0.0,0.0,0.0,0.0,0.0,0.0,0.0,0.0,0.0,0.0,0.0,0.0,1.0,0.0,0.0,0.0,0.0,0.0,0.0,0.0
9,157,819,800946,5,WARD,Malihabad (NP) WARD NO.-0005,Urban,261,1714,863,851,782,403,379,932,460,472,540,226065,,ward_inherited_from_town,9,UTTAR PRADESH,162,LUCKNOW,0.0,0.0,0.0,0.0,0.0,0.0,0.0,0.0,0.0,0.0,0.0,0.0,1.0,0.0,0.0,0.0,0.0,0.0,1.0,0.0,1.0,0.0,0.0,0.0,3.0
9,157,819,800946,6,WARD,Malihabad (NP) WARD NO.-0006,Urban,242,1345,721,624,921,534,387,424,187,237,389,226063,,ward_inherited_from_town,9,UTTAR PRADESH,162,LUCKNOW,0.0,1.0,0.0,1.0,2.0,0.0,0.0,0.0,0.0,0.0,1.0,0.0,0.0,0.0,0.0,0.0,0.0,0.0,0.0,0.0,0.0,0.0,0.0,0.0,0.0
9,157,819,800946,7,WARD,Malihabad (NP) WARD NO.-0007,Urban,258,1653,845,808,1114,591,523,539,254,285,479,226062,,ward_inherited_from_town,9,UTTAR PRADESH,162,LUCKNOW,0.0,0.0,0.0,0.0,3.0,0.0,0.0,0.0,0.0,0.0,0.0,0.0,1.0,0.0,0.0,2.0,0.0,0.0,3.0,0.0,0.0,1.0,0.0,0.0,1.0
9,157,819,800946,8,WARD,Malihabad (NP) WARD NO.-0008,Urban,221,1208,641,567,917,511,406,291,130,161,614,226061,,ward_inherited_from_town,9,UTTAR PRADESH,162,LUCKNOW,0.0,0.0,0.0,0.0,5.0,0.0,1.0,0.0,2.0,2.0,1.0,0.0,0.0,0.0,3.0,2.0,2.0,1.0,1.0,1.0,0.0,1.0,0.0,0.0,2.0
9,157,819,800946,9,WARD,Malihabad (NP) WARD NO.-0009,Urban,183,1103,563,540,821,437,384,282,126,156,299,226060,,ward_inherited_from_town,9,UTTAR PRADESH,162,LUCKNOW,0.0,0.0,0.0,0.0,0.0,0.0,0.0,0.0,0.0,0.0,1.0,0.0,1.0,0.0,0.0,0.0,0.0,0.0,0.0,0.0,0.0,0.0,0.0,0.0,0.0
9,157,819,800946,10,WARD,Malihabad (NP) WARD NO.-0010,Urban,214,1269,661,608,701,385,316,568,276,292,429,226059,,ward_inherited_from_town,9,UTTAR PRADESH,162,LUCKNOW,0.0,0.0,0.0,0.0,0.0,0.0,1.0,0.0,0.0,0.0,0.0,0.0,0.0,0.0,0.0,0.0,0.0,0.0,0.0,0.0,0.0,0.0,0.0,0.0,0.0
9,157,819,800946,11,WARD,Malihabad (NP) WARD NO.-0011,Urban,237,1281,663,618,958,502,456,323,161,162,416,226058,,ward_inherited_from_town,9,UTTAR PRADESH,162,LUCKNOW,0.0,0.0,0.0,0.0,0.0,0.0,0.0,0.0,0.0,0.0,0.0,0.0,1.0,0.0,0.0,0.0,0.0,0.0,0.0,0.0,0.0,1.0,0.0,0.0,0.0
9,157,819,800946,12,WARD,Malihabad (NP) WARD NO.-0012,Urban,234,1366,743,623,884,511,373,482,232,250,445,226057,,ward_inherited_from_town,9,UTTAR PRADESH,162,LUCKNOW,0.0,0.0,0.0,0.0,0.0,0.0,1.0,0.0,0.0,0.0,0.0,0.0,0.0,0.0,0.0,0.0,0.0,0.0,0.0,0.0,0.0,0.0,0.0,0.0,0.0
9,157,819,800946,13,WARD,Malihabad (NP) WARD NO.-0013,Urban,197,1085,580,505,509,292,217,576,288,288,367,226052,,ward_inherited_from_town,9,UTTAR PRADESH,162,LUCKNOW,0.0,0.0,0.0,0.0,0.0,0.0,0.0,0.0,0.0,0.0,1.0,0.0,0.0,0.0,0.0,0.0,0.0,0.0,0.0,0.0,0.0,0.0,0.0,0.0,0.0
9,157,820,0,0,SUB-DISTRICT,Bakshi Ka Talab,Total,62443,349654,183866,165788,203959,120215,83744,145695,63651,82044,116950,226050,,subdistrict_hq_postal_code,9,UTTAR PRADESH,162,LUCKNOW,0.0,0.0,0.0,0.0,0.0,0.0,0.0,0.0,2.0,0.0,0.0,0.0,0.0,0.0,0.0,0.0,0.0,0.0,0.0,0.0,0.0,0.0,0.0,0.0,0.0
9,157,820,0,0,SUB-DISTRICT,Bakshi Ka Talab,Rural,51014,284626,149737,134889,163524,96861,66663,121102,52876,68226,96823,226049,,subdistrict_hq_postal_code,9,UTTAR PRADESH,162,LUCKNOW,0.0,0.0,0.0,0.0,0.0,0.0,0.0,0.0,0.0,0.0,0.0,0.0,0.0,0.0,0.0,0.0,0.0,0.0,0.0,0.0,0.0,1.0,0.0,1.0,1.0
9,157,820,0,0,SUB-DISTRICT,Bakshi Ka Talab,Urban,11429,65028,34129,30899,40435,23354,17081,24593,10775,13818,20127,226048,,subdistrict_hq_postal_code,9,UTTAR PRADESH,162,LUCKNOW,0.0,0.0,0.0,0.0,0.0,0.0,0.0,0.0,0.0,1.0,0.0,0.0,0.0,0.0,0.0,0.0,1.0,0.0,0.0,0.0,0.0,0.0,0.0,0.0,0.0
9,157,820,143167,0,VILLAGE,Sahadat Nagar,Rural,42,243,123,120,162,87,75,81,36,45,74,228155,tehsil_mode_best_effort,existing_village_mapping,9,UTTAR PRADESH,162,LUCKNOW,0.0,0.0,0.0,0.0,1.0,0.0,0.0,0.0,0.0,0.0,0.0,0.0,0.0,0.0,0.0,0.0,0.0,0.0,0.0,0.0,0.0,0.0,0.0,0.0,1.0
9,157,820,143168,0,VILLAGE,Garha,Rural,185,1139,601,538,704,430,274,435,171,264,329,228159,tehsil_mode_best_effort,existing_village_mapping,9,UTTAR PRADESH,162,LUCKNOW,0.0,0.0,0.0,0.0,0.0,0.0,0.0,0.0,2.0,1.0,0.0,0.0,1.0,0.0,0.0,0.0,0.0,0.0,0.0,0.0,0.0,0.0,0.0,0.0,1.0
9,157,820,143169,0,VILLAGE,Bahargaon,Rural,397,2340,1161,1179,1332,818,514,1008,343,665,740,228160,tehsil_mode_best_effort,existing_village_mapping,9,UTTAR PRADESH,162,LUCKNOW,0.0,1.0,0.0,0.0,0.0,0.0,0.0,0.0,0.0,0.0,0.0,0.0,0.0,0.0,0.0,0.0,0.0,0.0,0.0,0.0,0.0,0.0,0.0,0.0,0.0
9,157,820,143170,0,VILLAGE,Karaundi,Rural,283,1567,809,758,948,549,399,619,260,359,692,228161,tehsil_mode_best_effort,existing_village_mapping,9,UTTAR PRADESH,162,LUCKNOW,0.0,0.0,0.0,0.0,2.0,0.0,0.0,0.0,0.0,1.0,1.0,0.0,0.0,0.0,0.0,0.0,0.0,0.0,0.0,0.0,0.0,0.0,0.0,0.0,0.0
9,157,820,143171,0,VILLAGE,Bagaha,Rural,553,2917,1451,1466,1511,877,634,1406,574,832,1031,228171,tehsil_mode_best_effort,existing_village_mapping,9,UTTAR PRADESH,162,LUCKNOW,0.0,0.0,0.0,0.0,0.0,0.0,0.0,0.0,0.0,1.0,0.0,0.0,0.0,0.0,0.0,0.0,0.0,0.0,0.0,0.0,0.0,0.0,0.0,0.0,0.0
9,157,820,143172,0,VILLAGE,Jamkhanava,Rural,347,1900,1000,900,1017,632,385,883,368,515,543,228308,tehsil_mode_best_effort,existing_village_mapping,9,UTTAR PRADESH,162,LUCKNOW,0.0,0.0,0.0,0.0,0.0,0.0,1.0,0.0,0.0,0.0,0.0,0.0,0.0,0.0,0.0,0.0,0.0,0.0,0.0,0.0,0.0,0.0,0.0,0.0,0.0
9,157,820,143173,0,VILLAGE,Dudhara,Rural,346,1757,909,848,864,524,340,893,385,508,723,226041,tehsil_mode_best_effort,existing_village_mapping,9,UTTAR PRADESH,162,LUCKNOW,0.0,0.0,0.0,0.0,1.0,0.0,0.0,0.0,0.0,0.0,4.0,0.0,1.0,0.0,0.0,0.0,0.0,2.0,0.0,0.0,0.0,0.0,0.0,0.0,0.0
9,157,820,143174,0,VILLAGE,Makaria Kalan,Rural,629,3441,1815,1626,1976,1225,751,1465,590,875,1276,226039,tehsil_mode_best_effort,existing_village_mapping,9,UTTAR PRADESH,162,LUCKNOW,0.0,0.0,0.0,0.0,1.0,2.0,0.0,0.0,0.0,0.0,0.0,0.0,0.0,0.0,0.0,0.0,0.0,0.0,0.0,0.0,0.0,0.0,0.0,0.0,0.0
9,157,820,143175,0,VILLAGE,Aramba,Rural,484,2459,1278,1181,1306,782,524,1153,496,657,791,226035,tehsil_mode_best_effort,existing_village_mapping,9,UTTAR PRADESH,162,LUCKNOW,0.0,0.0,0.0,0.0,0.0,0.0,0.0,0.0,0.0,0.0,0.0,0.0,0.0,0.0,0.0,0.0,0.0,0.0,0.0,0.0,0.0,0.0,0.0,1.0,1.0
9,157,820,143176,0,VILLAGE,Banauga,Rural,623,3876,2051,1825,2395,1379,1016,1481,672,809,1286,226033,tehsil_mode_best_effort,existing_village_mapping,9,UTTAR PRADESH,162,LUCKNOW,0.0,0.0,0.0,0.0,1.0,0.0,1.0,0.0,0.0,1.0,0.0,0.0,0.0,0.0,1.0,0.0,0.0,0.0,0.0,0.0,0.0,0.0,0.0,0.0,0.0
9,157,820,143177,0,VILLAGE,Bhagautipur,Rural,141,833,419,414,548,307,241,285,112,173,219,226032,tehsil_mode_best_effort,existing_village_mapping,9,UTTAR PRADESH,162,LUCKNOW,0.0,1.0,0.0,0.0,0.0,2.0,0.0,0.0,1.0,0.0,1.0,0.0,1.0,0.0,0.0,0.0,0.0,0.0,0.0,1.0,0.0,0.0,1.0,0.0,1.0
9,157,820,143178,0,VILLAGE,Sarai Damu,Rural,219,1081,583,498,686,424,262,395,159,236,251,226031,verified_name_population_match,existing_village_mapping,9,UTTAR PRADESH,162,LUCKNOW,9.0,10.0,0.0,8.0,187.0,29.0,58.0,8.0,113.0,67.0,151.0,0.0,78.0,6.0,40.0,17.0,51.0,27.0,19.0,44.0,46.0,84.0,40.0,14.0,299.0
9,157,820,143179,0,VILLAGE,Shivari,Rural,265,1536,808,728,922,556,366,614,252,362,759,226030,tehsil_mode_best_effort,existing_village_mapping,9,UTTAR PRADESH,162,LUCKNOW,28.0,19.0,0.0,18.0,210.0,28.0,65.0,4.0,283.0,85.0,107.0,0.0,87.0,3.0,41.0,36.0,76.0,42.0,32.0,71.0,81.0,146.0,244.0,8.0,433.0
9,157,820,143180,0,VILLAGE,Gohana Khurd,Rural,287,1443,725,718,768,419,349,675,306,369,518,226029,tehsil_mode_best_effort,existing_village_mapping,9,UTTAR PRADESH,162,LUCKNOW,22.0,57.0,0.0,28.0,494.0,87.0,164.0,20.0,438.0,221.0,534.0,0.0,247.0,22.0,157.0,28.0,186.0,164.0,62.0,124.0,97.0,206.0,240.0,36.0,952.0
9,157,820,143181,0,VILLAGE,Bahadurganj,Rural,140,749,390,359,472,273,199,277,117,160,319,226028,tehsil_mode_best_effort,existing_village_mapping,9,UTTAR PRADESH,162,LUCKNOW,109.0,198.0,0.0,148.0,2492.0,438.0,623.0,54.0,1607.0,852.0,1871.0,0.0,1126.0,74.0,705.0,179.0,628.0,327.0,206.0,423.0,461.0,753.0,738.0,118.0,3194.0
9,157,820,143182,0,VILLAGE,Chaugava,Rural,396,2097,1122,975,1265,777,488,832,345,487,1084,226027,tehsil_mode_best_effort,existing_village_mapping,9,UTTAR PRADESH,162,LUCKNOW,4.0,1.0,0.0,0.0,18.0,1.0,6.0,0.0,6.0,9.0,9.0,0.0,5.0,0.0,2.0,3.0,1.0,6.0,2.0,4.0,4.0,1.0,4.0,3.0,17.0
9,157,820,143183,0,VILLAGE,Lodhauli,Rural,189,1075,560,515,701,415,286,374,145,229,455,226026,tehsil_mode_best_effort,existing_village_mapping,9,UTTAR PRADESH,162,LUCKNOW,27.0,61.0,0.0,21.0,498.0,86.0,98.0,4.0,241.0,164.0,382.0,0.0,232.0,18.0,217.0,31.0,142.0,36.0,49.0,78.0,81.0,118.0,144.0,24.0,509.0
9,157,820,143184,0,VILLAGE,Manpur Raja,Rural,135,748,395,353,508,277,231,240,118,122,201,226025,tehsil_mode_best_effort,existing_village_mapping,9,UTTAR PRADESH,162,LUCKNOW,28.0,56.0,0.0,28.0,602.0,98.0,175.0,18.0,436.0,260.0,519.0,0.0,338.0,16.0,225.0,36.0,179.0,218.0,94.0,91.0,136.0,241.0,204.0,38.0,926.0
9,157,820,143185,0,VILLAGE,Malookpur,Rural,396,2203,1169,1034,1122,687,435,1081,482,599,857,226024,tehsil_mode_best_effort,existing_village_mapping,9,UTTAR PRADESH,162,LUCKNOW,38.0,75.0,0.0,29.0,889.0,113.0,384.0,38.0,490.0,355.0,676.0,0.0,373.0,35.0,237.0,68.0,337.0,141.0,107.0,197.0,206.0,486.0,198.0,69.0,1341.0
9,157,820,143186,0,VILLAGE,Belava,Rural,181,829,439,390,599,361,238,230,78,152,296,226023,tehsil_mode_best_effort,existing_village_mapping,9,UTTAR PRADESH,162,LUCKNOW,29.0,58.0,0.0,38.0,739.0,133.0,201.0,38.0,353.0,301.0,550.0,0.0,351.0,30.0,387.0,52.0,149.0,141.0,79.0,102.0,134.0,193.0,159.0,28.0,1010.0
9,157,820,143187,0,VILLAGE,Saray Usrana,Rural,93,493,253,240,334,190,144,159,63,96,187,226022,tehsil_mode_best_effort,existing_village_mapping,9,UTTAR PRADESH,162,LUCKNOW,89.0,133.0,0.0,70.0,1825.0,253.0,507.0,52.0,1012.0,665.0,1264.0,0.0,750.0,53.0,464.0,110.0,402.0,201.0,177.0,297.0,326.0,690.0,392.0,100.0,2426.0
9,157,820,143188,0,VILLAGE,Madhopur,Rural,142,748,390,358,464,269,195,284,121,163,198,226021,tehsil_mode_best_effort,existing_village_mapping,9,UTTAR PRADESH,162,LUCKNOW,111.0,216.0,1.0,101.0,2671.0,440.0,762.0,108.0,1548.0,994.0,2053.0,0.0,1245.0,88.0,928.0,180.0,654.0,298.0,270.0,404.0,492.0,908.0,596.0,134.0,3486.0
9,157,820,143189,0,VILLAGE,Marapa,Rural,104,599,305,294,318,181,137,281,124,157,159,226020,tehsil_mode_best_effort,existing_village_mapping,9,UTTAR PRADESH,162,LUCKNOW,87.0,211.0,0.0,94.0,2517.0,383.0,791.0,138.0,876.0,1134.0,1924.0,0.0,1092.0,90.0,870.0,151.0,561.0,228.0,178.0,340.0,418.0,660.0,427.0,192.0,2867.0
9,157,820,143190,0,VILLAGE,Gorahi,Rural,99,443,223,220,197,120,77,246,103,143,182,226019,tehsil_mode_best_effort,existing_village_mapping,9,UTTAR PRADESH,162,LUCKNOW,1.0,7.0,0.0,1.0,205.0,12.0,11.0,1.0,32.0,29.0,53.0,0.0,23.0,4.0,22.0,3.0,16.0,5.0,2.0,6.0,9.0,18.0,16.0,4.0,111.0
9,157,820,143191,0,VILLAGE,Raipur Raja,Rural,350,1920,1027,893,1071,632,439,849,395,454,583,226018,tehsil_mode_best_effort,existing_village_mapping,9,UTTAR PRADESH,162,LUCKNOW,26.0,71.0,0.0,38.0,1742.0,157.0,1129.0,68.0,325.0,1206.0,1244.0,0.0,380.0,41.0,229.0,45.0,201.0,95.0,56.0,90.0,118.0,264.0,111.0,138.0,1176.0
9,157,820,143192,0,VILLAGE,Bangaon,Rural,151,730,385,345,458,274,184,272,111,161,232,226017,tehsil_mode_best_effort,existing_village_mapping,9,UTTAR PRADESH,162,LUCKNOW,84.0,233.0,0.0,111.0,2731.0,411.0,798.0,78.0,946.0,940.0,1839.0,0.0,1094.0,87.0,862.0,132.0,571.0,323.0,209.0,398.0,405.0,580.0,449.0,123.0,3006.0
9,157,820,143193,0,VILLAGE,Kamalpur Kayastha,Rural,48,277,154,123,177,105,72,100,49,51,82,226016,tehsil_mode_best_effort,existing_village_mapping,9,UTTAR PRADESH,162,LUCKNOW,140.0,293.0,0.0,123.0,3125.0,500.0,1131.0,121.0,2071.0,1332.0,2546.0,0.0,1513.0,115.0,839.0,259.0,817.0,481.0,360.0,575.0,755.0,1458.0,905.0,212.0,5151.0
9,157,820,143194,0,VILLAGE,Palpur,Rural,146,921,499,422,649,397,252,272,102,170,299,226015,tehsil_mode_best_effort,existing_village_mapping,9,UTTAR PRADESH,162,LUCKNOW,5.0,17.0,0.0,4.0,175.0,29.0,46.0,5.0,113.0,73.0,147.0,0.0,88.0,9.0,59.0,15.0,44.0,17.0,23.0,56.0,40.0,89.0,43.0,17.0,325.0
9,157,820,143195,0,VILLAGE,Chandpur Khanipur,Rural,527,2781,1449,1332,1770,1036,734,1011,413,598,1192,226014,tehsil_mode_best_effort,existing_village_mapping,9,UTTAR PRADESH,162,LUCKNOW,8.0,22.0,0.0,5.0,175.0,40.0,54.0,1.0,102.0,79.0,191.0,0.0,90.0,6.0,54.0,16.0,62.0,43.0,51.0,24.0,28.0,61.0,67.0,9.0,306.0
9,157,820,143196,0,VILLAGE,Derava,Rural,136,622,339,283,348,198,150,274,141,133,344,226013,tehsil_mode_best_effort,existing_village_mapping,9,UTTAR PRADESH,162,LUCKNOW,22.0,23.0,0.0,15.0,295.0,36.0,49.0,3.0,121.0,106.0,203.0,0.0,93.0,8.0,97.0,20.0,53.0,28.0,48.0,37.0,32.0,69.0,45.0,15.0,294.0
9,157,820,143197,0,VILLAGE,Ahmedpur Khera,Rural,147,890,479,411,491,287,204,399,192,207,343,226012,tehsil_mode_best_effort,existing_village_mapping,9,UTTAR PRADESH,162,LUCKNOW,83.0,175.0,0.0,76.0,1854.0,266.0,592.0,68.0,1000.0,1000.0,1406.0,0.0,840.0,114.0,921.0,112.0,544.0,331.0,208.0,305.0,381.0,635.0,435.0,91.0,2708.0
9,157,820,143198,0,VILLAGE,Pirthi Nagar,Rural,131,774,403,371,363,231,132,411,172,239,216,226011,tehsil_mode_best_effort,existing_village_mapping,9,UTTAR PRADESH,162,LUCKNOW,13.0,43.0,0.0,28.0,613.0,86.0,153.0,38.0,210.0,152.0,443.0,0.0,250.0,14.0,237.0,36.0,126.0,65.0,31.0,78.0,112.0,118.0,89.0,30.0,679.0
9,157,820,143199,0,VILLAGE,Akbarpur,Rural,119,676,360,316,314,189,125,362,171,191,204,226010,tehsil_mode_best_effort,existing_village_mapping,9,UTTAR PRADESH,162,LUCKNOW,237.0,312.0,0.0,204.0,4369.0,541.0,1221.0,88.0,4152.0,1690.0,3014.0,0.0,1927.0,147.0,1223.0,507.0,1406.0,716.0,640.0,842.0,1158.0,2493.0,1983.0,254.0,8201.0
9,157,820,143200,0,VILLAGE,Usarana,Rural,508,2770,1462,1308,1490,879,611,1280,583,697,995,226009,tehsil_mode_best_effort,existing_village_mapping,9,UTTAR PRADESH,162,LUCKNOW,0.0,16.0,0.0,5.0,85.0,21.0,30.0,6.0,61.0,39.0,78.0,0.0,52.0,1.0,112.0,5.0,19.0,17.0,8.0,11.0,13.0,22.0,11.0,3.0,147.0
9,157,820,143201,0,VILLAGE,Karsanda,Rural,95,574,298,276,313,197,116,261,101,160,123,226008,tehsil_mode_best_effort,existing_village_mapping,9,UTTAR PRADESH,162,LUCKNOW,56.0,134.0,0.0,50.0,1527.0,150.0,268.0,50.0,588.0,377.0,858.0,0.0,547.0,53.0,642.0,73.0,212.0,145.0,69.0,123.0,166.0,183.0,272.0,32.0,1399.0
9,157,820,143202,0,VILLAGE,Kishunpur,Rural,211,1210,642,568,648,399,249,562,243,319,304,226007,tehsil_mode_best_effort,existing_village_mapping,9,UTTAR PRADESH,162,LUCKNOW,5.0,24.0,0.0,4.0,278.0,42.0,91.0,7.0,130.0,113.0,187.0,0.0,104.0,6.0,60.0,20.0,66.0,32.0,18.0,70.0,50.0,100.0,59.0,16.0,380.0
9,157,820,143203,0,VILLAGE,Dilvasi,Rural,219,1132,609,523,631,389,242,501,220,281,288,226006,tehsil_mode_best_effort,existing_village_mapping,9,UTTAR PRADESH,162,LUCKNOW,18.0,42.0,0.0,22.0,562.0,81.0,169.0,25.0,223.0,218.0,377.0,0.0,238.0,16.0,157.0,50.0,159.0,73.0,55.0,105.0,118.0,248.0,122.0,30.0,752.0
9,157,820,143204,0,VILLAGE,Patti,Rural,144,755,399,356,404,242,162,351,157,194,194,226005,tehsil_mode_best_effort,existing_village_mapping,9,UTTAR PRADESH,162,LUCKNOW,37.0,108.0,0.0,48.0,1276.0,223.0,533.0,67.0,609.0,520.0,1027.0,0.0,660.0,41.0,494.0,84.0,359.0,240.0,110.0,179.0,255.0,456.0,216.0,70.0,1878.0
9,157,820,143205,0,VILLAGE,Khanpur,Rural,139,771,413,358,270,159,111,501,254,247,339,226004,tehsil_mode_best_effort,existing_village_mapping,9,UTTAR PRADESH,162,LUCKNOW,32.0,91.0,0.0,35.0,1643.0,269.0,515.0,56.0,344.0,783.0,1052.0,0.0,541.0,34.0,547.0,119.0,286.0,103.0,37.0,107.0,211.0,285.0,227.0,84.0,1299.0
9,157,820,143206,0,VILLAGE,Bhatesua,Rural,169,777,408,369,501,299,202,276,109,167,226,226003,tehsil_mode_best_effort,existing_village_mapping,9,UTTAR PRADESH,162,LUCKNOW,149.0,335.0,0.0,179.0,5878.0,607.0,2450.0,284.0,1088.0,1637.0,2926.0,0.0,1522.0,111.0,1161.0,157.0,748.0,351.0,305.0,314.0,462.0,795.0,598.0,201.0,3748.0
9,157,820,143207,0,VILLAGE,Atesua,Rural,592,3290,1742,1548,1840,1087,753,1450,655,795,900,228501,tehsil_mode_best_effort,existing_village_mapping,9,UTTAR PRADESH,162,LUCKNOW,0.0,0.0,0.0,0.0,0.0,0.0,0.0,0.0,0.0,0.0,1.0,0.0,0.0,0.0,0.0,0.0,0.0,0.0,0.0,0.0,0.0,0.0,0.0,0.0,0.0
9,157,820,143208,0,VILLAGE,Hanumantpur,Rural,249,1449,747,702,709,432,277,740,315,425,473,225601,tehsil_mode_best_effort,existing_village_mapping,9,UTTAR PRADESH,162,LUCKNOW,0.0,0.0,0.0,0.0,0.0,0.0,0.0,0.0,0.0,0.0,1.0,0.0,0.0,0.0,0.0,0.0,0.0,0.0,1.0,0.0,0.0,0.0,0.0,0.0,0.0
9,157,820,143209,0,VILLAGE,Chandanapur,Rural,239,1267,661,606,770,452,318,497,209,288,420,225416,tehsil_mode_best_effort,existing_village_mapping,9,UTTAR PRADESH,162,LUCKNOW,0.0,0.0,0.0,0.0,1.0,0.0,1.0,0.0,1.0,0.0,1.0,0.0,1.0,0.0,0.0,0.0,0.0,0.0,0.0,0.0,0.0,0.0,0.0,0.0,1.0
9,157,820,143210,0,VILLAGE,Ashnaha,Rural,270,1443,766,677,816,497,319,627,269,358,486,225415,tehsil_mode_best_effort,existing_village_mapping,9,UTTAR PRADESH,162,LUCKNOW,0.0,1.0,0.0,0.0,2.0,2.0,0.0,0.0,0.0,0.0,0.0,0.0,1.0,0.0,0.0,0.0,0.0,0.0,0.0,0.0,0.0,0.0,0.0,0.0,0.0
9,157,820,143211,0,VILLAGE,Bhikharipur,Rural,96,588,307,281,238,157,81,350,150,200,242,225414,tehsil_mode_best_effort,existing_village_mapping,9,UTTAR PRADESH,162,LUCKNOW,0.0,0.0,0.0,0.0,0.0,0.0,1.0,0.0,0.0,0.0,1.0,0.0,1.0,0.0,1.0,0.0,0.0,0.0,0.0,0.0,0.0,0.0,0.0,0.0,1.0
9,157,820,143212,0,VILLAGE,Lalpur,Rural,121,695,379,316,377,242,135,318,137,181,174,225413,tehsil_mode_best_effort,existing_village_mapping,9,UTTAR PRADESH,162,LUCKNOW,0.0,1.0,0.0,0.0,0.0,0.0,0.0,0.0,0.0,0.0,0.0,0.0,0.0,0.0,0.0,0.0,0.0,0.0,0.0,0.0,0.0,0.0,0.0,0.0,0.0
9,157,820,143213,0,VILLAGE,Shahpur Najol,Rural,125,634,324,310,365,204,161,269,120,149,187,225412,tehsil_mode_best_effort,existing_village_mapping,9,UTTAR PRADESH,162,LUCKNOW,0.0,0.0,0.0,0.0,13.0,0.0,0.0,0.0,0.0,0.0,1.0,0.0,0.0,0.0,4.0,0.0,0.0,0.0,0.0,0.0,0.0,0.0,0.0,0.0,1.0
9,157,820,143214,0,VILLAGE,Kunaura,Rural,267,1503,808,695,717,451,266,786,357,429,945,225411,tehsil_mode_best_effort,existing_village_mapping,9,UTTAR PRADESH,162,LUCKNOW,0.0,0.0,0.0,0.0,3.0,0.0,0.0,0.0,0.0,0.0,0.0,0.0,0.0,0.0,0.0,0.0,0.0,0.0,0.0,0.0,0.0,0.0,0.0,0.0,0.0
9,157,820,143215,0,VILLAGE,Umariya,Rural,131,732,378,354,276,169,107,456,209,247,336,225409,tehsil_mode_best_effort,existing_village_mapping,9,UTTAR PRADESH,162,LUCKNOW,2.0,0.0,0.0,0.0,3.0,0.0,0.0,0.0,1.0,0.0,0.0,0.0,3.0,0.0,0.0,1.0,1.0,0.0,0.0,0.0,0.0,0.0,0.0,0.0,2.0
9,157,820,143216,0,VILLAGE,Muspipari,Rural,384,2149,1131,1018,1175,722,453,974,409,565,602,225408,tehsil_mode_best_effort,existing_village_mapping,9,UTTAR PRADESH,162,LUCKNOW,0.0,0.0,0.0,0.0,1.0,0.0,0.0,0.0,1.0,0.0,0.0,0.0,0.0,0.0,0.0,0.0,0.0,0.0,0.0,0.0,1.0,0.0,0.0,0.0,0.0
9,157,820,143217,0,VILLAGE,Himmatpur,Rural,104,545,284,261,328,196,132,217,88,129,222,225407,tehsil_mode_best_effort,existing_village_mapping,9,UTTAR PRADESH,162,LUCKNOW,0.0,0.0,0.0,0.0,1.0,0.0,0.0,0.0,0.0,0.0,1.0,0.0,1.0,0.0,0.0,0.0,0.0,0.0,0.0,0.0,0.0,0.0,0.0,0.0,0.0
9,157,820,143218,0,VILLAGE,Godhana,Rural,213,1191,629,562,637,377,260,554,252,302,320,225406,tehsil_mode_best_effort,existing_village_mapping,9,UTTAR PRADESH,162,LUCKNOW,0.0,0.0,0.0,0.0,1.0,1.0,0.0,0.0,0.0,0.0,0.0,0.0,0.0,0.0,1.0,0.0,0.0,0.0,0.0,0.0,0.0,0.0,0.0,0.0,2.0
9,157,820,143219,0,VILLAGE,Narayanpur,Rural,106,524,264,260,303,173,130,221,91,130,129,225405,tehsil_mode_best_effort,existing_village_mapping,9,UTTAR PRADESH,162,LUCKNOW,0.0,0.0,0.0,0.0,1.0,1.0,0.0,0.0,0.0,0.0,0.0,0.0,1.0,0.0,0.0,0.0,0.0,0.0,0.0,0.0,1.0,0.0,0.0,0.0,0.0
9,157,820,143220,0,VILLAGE,Kuverpur,Rural,40,193,103,90,114,68,46,79,35,44,53,225404,tehsil_mode_best_effort,existing_village_mapping,9,UTTAR PRADESH,162,LUCKNOW,0.0,0.0,0.0,0.0,0.0,0.0,0.0,0.0,0.0,0.0,0.0,0.0,0.0,0.0,2.0,0.0,0.0,0.0,0.0,0.0,0.0,0.0,1.0,0.0,0.0
9,157,820,143221,0,VILLAGE,Puhuppur,Rural,204,1002,530,472,405,257,148,597,273,324,281,225403,tehsil_mode_best_effort,existing_village_mapping,9,UTTAR PRADESH,162,LUCKNOW,0.0,0.0,0.0,0.0,1.0,0.0,0.0,0.0,0.0,0.0,0.0,0.0,0.0,0.0,2.0,0.0,0.0,0.0,0.0,0.0,0.0,0.0,0.0,0.0,0.0
9,157,820,143222,0,VILLAGE,Subanshipur,Rural,125,730,391,339,376,238,138,354,153,201,393,229001,tehsil_mode_best_effort,existing_village_mapping,9,UTTAR PRADESH,162,LUCKNOW,0.0,0.0,0.0,0.0,2.0,1.0,2.0,0.0,10.0,2.0,0.0,0.0,2.0,0.0,0.0,0.0,0.0,0.0,0.0,2.0,1.0,1.0,1.0,0.0,5.0
9,157,820,143223,0,VILLAGE,Haloopur,Rural,64,312,151,161,114,65,49,198,86,112,85,225401,tehsil_mode_best_effort,existing_village_mapping,9,UTTAR PRADESH,162,LUCKNOW,0.0,0.0,0.0,0.0,0.0,0.0,0.0,0.0,0.0,0.0,0.0,0.0,0.0,0.0,1.0,0.0,1.0,0.0,0.0,0.0,0.0,0.0,0.0,0.0,0.0
9,157,820,143224,0,VILLAGE,Rampur Babu,Rural,136,727,389,338,482,304,178,245,85,160,223,225400,tehsil_mode_best_effort,existing_village_mapping,9,UTTAR PRADESH,162,LUCKNOW,0.0,0.0,0.0,0.0,0.0,0.0,0.0,0.0,0.0,0.0,0.0,0.0,0.0,0.0,0.0,0.0,0.0,0.0,0.0,0.0,0.0,0.0,1.0,0.0,0.0
9,157,820,143225,0,VILLAGE,Bhargahana,Rural,254,1279,672,607,766,450,316,513,222,291,614,229010,tehsil_mode_best_effort,existing_village_mapping,9,UTTAR PRADESH,162,LUCKNOW,0.0,0.0,0.0,0.0,1.0,0.0,0.0,0.0,2.0,1.0,2.0,0.0,1.0,0.0,0.0,0.0,0.0,0.0,0.0,0.0,1.0,0.0,1.0,0.0,0.0
9,157,820,143226,0,VILLAGE,Mahgava,Rural,479,2737,1442,1295,1437,852,585,1300,590,710,1076,229011,tehsil_mode_best_effort,existing_village_mapping,9,UTTAR PRADESH,162,LUCKNOW,0.0,0.0,0.0,0.0,0.0,0.0,1.0,0.0,0.0,0.0,0.0,0.0,0.0,0.0,0.0,0.0,1.0,0.0,0.0,0.0,0.0,0.0,0.0,0.0,0.0
9,157,820,143227,0,VILLAGE,Khomau,Rural,237,1316,679,637,907,517,390,409,162,247,440,229012,verified_name_population_match,existing_village_mapping,9,UTTAR PRADESH,162,LUCKNOW,0.0,0.0,0.0,0.0,0.0,0.0,0.0,0.0,0.0,0.0,2.0,0.0,1.0,0.0,0.0,0.0,0.0,0.0,0.0,0.0,0.0,0.0,0.0,0.0,0.0
9,157,820,143228,0,VILLAGE,Narosa,Rural,506,2848,1474,1374,1353,859,494,1495,615,880,867,229017,verified_name_population_match,existing_village_mapping,9,UTTAR PRADESH,162,LUCKNOW,0.0,1.0,0.0,0.0,3.0,0.0,0.0,0.0,0.0,0.0,0.0,0.0,0.0,0.0,0.0,0.0,0.0,0.0,0.0,0.0,0.0,0.0,0.0,0.0,0.0
9,157,820,143229,0,VILLAGE,Darauna,Rural,47,375,190,185,224,133,91,151,57,94,112,229019,tehsil_mode_best_effort,existing_village_mapping,9,UTTAR PRADESH,162,LUCKNOW,0.0,0.0,0.0,0.0,3.0,0.0,0.0,0.0,0.0,0.0,0.0,0.0,0.0,0.0,0.0,0.0,0.0,0.0,0.0,0.0,0.0,0.0,0.0,0.0,0.0
9,157,820,143230,0,VILLAGE,Indara,Rural,385,2136,1152,984,1347,830,517,789,322,467,725,229028,verified_name_population_match,existing_village_mapping,9,UTTAR PRADESH,162,LUCKNOW,0.0,0.0,0.0,0.0,0.0,0.0,1.0,0.0,0.0,0.0,0.0,0.0,0.0,0.0,0.0,0.0,0.0,0.0,0.0,0.0,0.0,0.0,0.0,0.0,0.0
9,157,820,143231,0,VILLAGE,Khajuri,Rural,100,517,279,238,323,204,119,194,75,119,165,229029,tehsil_mode_best_effort,existing_village_mapping,9,UTTAR PRADESH,162,LUCKNOW,0.0,0.0,0.0,0.0,0.0,0.0,0.0,0.0,0.0,0.0,0.0,0.0,0.0,0.0,0.0,0.0,0.0,0.0,0.0,0.0,0.0,0.0,0.0,0.0,1.0
9,157,820,143232,0,VILLAGE,Karimnagar,Rural,140,706,372,334,407,247,160,299,125,174,266,225306,tehsil_mode_best_effort,existing_village_mapping,9,UTTAR PRADESH,162,LUCKNOW,0.0,1.0,0.0,0.0,4.0,0.0,0.0,0.0,0.0,1.0,3.0,0.0,1.0,0.0,4.0,0.0,0.0,0.0,0.0,0.0,0.0,0.0,0.0,0.0,4.0
9,157,820,143233,0,VILLAGE,Tikari,Rural,174,1044,571,473,527,329,198,517,242,275,368,225305,tehsil_mode_best_effort,existing_village_mapping,9,UTTAR PRADESH,162,LUCKNOW,0.0,0.0,0.0,0.0,2.0,1.0,2.0,0.0,0.0,0.0,4.0,0.0,1.0,0.0,4.0,0.0,0.0,1.0,0.0,1.0,0.0,2.0,1.0,0.0,6.0
9,157,820,143234,0,VILLAGE,Subhan Nagar Arigawan,Rural,177,926,487,439,511,320,191,415,167,248,258,225304,tehsil_mode_best_effort,existing_village_mapping,9,UTTAR PRADESH,162,LUCKNOW,0.0,0.0,0.0,0.0,0.0,0.0,0.0,0.0,0.0,0.0,1.0,0.0,1.0,0.0,2.0,0.0,0.0,0.0,0.0,0.0,0.0,0.0,0.0,0.0,1.0
9,157,820,143235,0,VILLAGE,Palia,Rural,187,1045,568,477,538,336,202,507,232,275,451,225303,tehsil_mode_best_effort,existing_village_mapping,9,UTTAR PRADESH,162,LUCKNOW,0.0,0.0,0.0,0.0,0.0,0.0,0.0,0.0,0.0,0.0,0.0,0.0,0.0,0.0,1.0,0.0,0.0,0.0,0.0,0.0,0.0,0.0,0.0,0.0,1.0
9,157,820,143236,0,VILLAGE,Mohmmadpur Garhi,Rural,235,1309,662,647,684,396,288,625,266,359,567,229103,verified_name_population_match,existing_village_mapping,9,UTTAR PRADESH,162,LUCKNOW,0.0,0.0,0.0,0.0,3.0,0.0,0.0,0.0,0.0,0.0,0.0,0.0,0.0,0.0,0.0,0.0,0.0,0.0,0.0,0.0,0.0,0.0,0.0,0.0,4.0
9,157,820,143237,0,VILLAGE,Gulalpur,Rural,319,1783,933,850,800,462,338,983,471,512,514,225302,tehsil_mode_best_effort,existing_village_mapping,9,UTTAR PRADESH,162,LUCKNOW,0.0,0.0,0.0,3.0,26.0,4.0,0.0,0.0,0.0,2.0,13.0,0.0,7.0,1.0,12.0,0.0,2.0,0.0,0.0,1.0,0.0,1.0,1.0,0.0,7.0
9,157,820,143238,0,VILLAGE,Saranva,Rural,217,1089,570,519,472,278,194,617,292,325,563,225301,tehsil_mode_best_effort,existing_village_mapping,9,UTTAR PRADESH,162,LUCKNOW,4.0,2.0,0.0,0.0,7.0,2.0,4.0,0.0,1.0,4.0,3.0,0.0,2.0,1.0,10.0,0.0,2.0,1.0,2.0,1.0,0.0,0.0,1.0,1.0,6.0
9,157,820,143239,0,VILLAGE,Parsahia,Rural,280,1582,866,716,938,608,330,644,258,386,569,229121,tehsil_mode_best_effort,existing_village_mapping,9,UTTAR PRADESH,162,LUCKNOW,0.0,0.0,0.0,0.0,0.0,0.0,0.0,0.0,0.0,0.0,0.0,0.0,0.0,0.0,1.0,0.0,0.0,0.0,0.0,0.0,0.0,0.0,0.0,0.0,0.0
9,157,820,143240,0,VILLAGE,Aldampur,Rural,265,1500,803,697,807,490,317,693,313,380,615,229122,tehsil_mode_best_effort,existing_village_mapping,9,UTTAR PRADESH,162,LUCKNOW,0.0,0.0,0.0,0.0,0.0,0.0,0.0,0.0,0.0,0.0,0.0,0.0,0.0,0.0,1.0,0.0,0.0,0.0,0.0,0.0,0.0,0.0,0.0,0.0,0.0
9,157,820,143241,0,VILLAGE,Kumhrava,Rural,563,3087,1654,1433,1995,1178,817,1092,476,616,897,229123,verified_name_population_match,existing_village_mapping,9,UTTAR PRADESH,162,LUCKNOW,0.0,0.0,0.0,0.0,0.0,1.0,0.0,0.0,0.0,1.0,0.0,0.0,0.0,0.0,0.0,0.0,0.0,0.0,0.0,0.0,0.0,0.0,1.0,0.0,1.0
9,157,820,143242,0,VILLAGE,Bajpur Gangaura,Rural,129,713,388,325,412,262,150,301,126,175,168,229127,tehsil_mode_best_effort,existing_village_mapping,9,UTTAR PRADESH,162,LUCKNOW,0.0,0.0,0.0,0.0,0.0,0.0,1.0,0.0,0.0,0.0,0.0,0.0,0.0,0.0,0.0,0.0,0.0,0.0,0.0,0.0,0.0,0.0,0.0,0.0,0.0
9,157,820,143243,0,VILLAGE,Dariapur,Rural,170,862,464,398,487,304,183,375,160,215,282,229130,tehsil_mode_best_effort,existing_village_mapping,9,UTTAR PRADESH,162,LUCKNOW,0.0,0.0,0.0,0.0,1.0,0.0,0.0,0.0,0.0,0.0,1.0,0.0,0.0,0.0,0.0,0.0,0.0,0.0,0.0,0.0,0.0,0.0,0.0,0.0,0.0
9,157,820,143244,0,VILLAGE,Hemi,Rural,106,599,321,278,382,220,162,217,101,116,193,225208,tehsil_mode_best_effort,existing_village_mapping,9,UTTAR PRADESH,162,LUCKNOW,0.0,0.0,0.0,0.0,1.0,0.0,0.0,0.0,0.0,0.0,0.0,0.0,0.0,0.0,2.0,0.0,0.0,0.0,0.0,0.0,0.0,0.0,0.0,0.0,0.0
9,157,820,143245,0,VILLAGE,Unai,Rural,194,1018,554,464,539,351,188,479,203,276,307,225207,tehsil_mode_best_effort,existing_village_mapping,9,UTTAR PRADESH,162,LUCKNOW,2.0,0.0,0.0,0.0,1.0,0.0,0.0,0.0,0.0,0.0,1.0,0.0,1.0,2.0,2.0,0.0,0.0,0.0,0.0,0.0,0.0,0.0,0.0,0.0,0.0
9,157,820,143246,0,VILLAGE,Jalalpur,Rural,401,2270,1204,1066,1116,696,420,1154,508,646,967,225206,tehsil_mode_best_effort,existing_village_mapping,9,UTTAR PRADESH,162,LUCKNOW,0.0,0.0,0.0,0.0,0.0,0.0,0.0,0.0,1.0,0.0,2.0,0.0,1.0,0.0,1.0,0.0,0.0,0.0,0.0,0.0,0.0,1.0,0.0,0.0,1.0
9,157,820,143247,0,VILLAGE,Khesravan,Rural,187,992,530,462,467,295,172,525,235,290,379,225205,verified_name_population_match,existing_village_mapping,9,UTTAR PRADESH,162,LUCKNOW,0.0,0.0,0.0,0.0,0.0,1.0,1.0,0.0,0.0,0.0,1.0,0.0,1.0,1.0,1.0,0.0,1.0,0.0,0.0,0.0,0.0,0.0,0.0,0.0,4.0
9,157,820,143248,0,VILLAGE,Prithvipur,Rural,0,0,0,0,0,0,0,0,0,0,0,225204,tehsil_mode_best_effort,existing_village_mapping,9,UTTAR PRADESH,162,LUCKNOW,1.0,0.0,0.0,0.0,4.0,0.0,0.0,0.0,0.0,1.0,0.0,0.0,0.0,0.0,1.0,0.0,0.0,0.0,0.0,0.0,0.0,0.0,0.0,0.0,0.0
9,157,820,143249,0,VILLAGE,Chak Prithvipur,Rural,227,1222,624,598,718,413,305,504,211,293,507,229201,verified_name_population_match,existing_village_mapping,9,UTTAR PRADESH,162,LUCKNOW,0.0,0.0,0.0,0.0,0.0,0.0,0.0,0.0,0.0,0.0,0.0,0.0,0.0,0.0,0.0,0.0,0.0,0.0,0.0,0.0,0.0,0.0,0.0,0.0,2.0
9,157,820,143250,0,VILLAGE,Arjunpur,Rural,193,1089,595,494,757,455,302,332,140,192,313,225203,tehsil_mode_best_effort,existing_village_mapping,9,UTTAR PRADESH,162,LUCKNOW,0.0,1.0,0.0,0.0,1.0,2.0,0.0,0.0,0.0,0.0,1.0,0.0,0.0,0.0,1.0,0.0,0.0,0.0,0.0,0.0,0.0,0.0,0.0,0.0,0.0
9,157,820,143251,0,VILLAGE,Kamalpur Sirsa,Rural,153,817,431,386,494,284,210,323,147,176,270,229203,verified_name_population_match,existing_village_mapping,9,UTTAR PRADESH,162,LUCKNOW,0.0,0.0,0.0,0.0,1.0,0.0,0.0,0.0,0.0,0.0,0.0,0.0,0.0,0.0,1.0,0.0,0.0,0.0,0.0,0.0,0.0,0.0,0.0,0.0,0.0
9,157,820,143252,0,VILLAGE,Bibipur,Rural,335,1996,1054,942,1327,798,529,669,256,413,741,229204,verified_name_population_match,existing_village_mapping,9,UTTAR PRADESH,162,LUCKNOW,0.0,0.0,0.0,0.0,0.0,0.0,0.0,0.0,0.0,0.0,1.0,0.0,0.0,0.0,0.0,0.0,0.0,0.0,0.0,0.0,0.0,0.0,0.0,0.0,0.0
9,157,820,143253,0,VILLAGE,Chak Bibipur,Rural,16,87,51,36,50,35,15,37,16,21,28,225202,tehsil_mode_best_effort,existing_village_mapping,9,UTTAR PRADESH,162,LUCKNOW,0.0,0.0,0.0,0.0,1.0,0.0,0.0,0.0,1.0,0.0,0.0,0.0,1.0,0.0,0.0,0.0,0.0,0.0,0.0,0.0,0.0,0.0,0.0,0.0,2.0
9,157,820,143254,0,VILLAGE,Chak Bankat,Rural,105,532,280,252,281,171,110,251,109,142,117,229206,verified_name_population_match,existing_village_mapping,9,UTTAR PRADESH,162,LUCKNOW,0.0,0.0,0.0,0.0,1.0,0.0,0.0,0.0,0.0,1.0,1.0,0.0,0.0,0.0,1.0,0.0,0.0,1.0,0.0,0.0,1.0,0.0,0.0,0.0,1.0
9,157,820,143255,0,VILLAGE,Daulatpur,Rural,122,629,324,305,351,195,156,278,129,149,227,221206,verified_name_population_match,existing_village_mapping,9,UTTAR PRADESH,162,LUCKNOW,0.0,0.0,0.0,0.0,0.0,0.0,0.0,0.0,0.0,0.0,0.0,0.0,1.0,0.0,0.0,0.0,0.0,0.0,0.0,0.0,0.0,0.0,0.0,0.0,0.0
9,157,820,143256,0,VILLAGE,Devari Rokhara,Rural,599,3205,1681,1524,2033,1230,803,1172,451,721,1040,225201,tehsil_mode_best_effort,existing_village_mapping,9,UTTAR PRADESH,162,LUCKNOW,0.0,0.0,0.0,0.0,2.0,0.0,0.0,0.0,0.0,0.0,0.0,0.0,2.0,0.0,0.0,0.0,0.0,0.0,0.0,0.0,0.0,0.0,0.0,0.0,1.0
9,157,820,143257,0,VILLAGE,Tikari,Rural,227,1233,644,589,751,470,281,482,174,308,615,229208,tehsil_mode_best_effort,existing_village_mapping,9,UTTAR PRADESH,162,LUCKNOW,0.0,0.0,0.0,0.0,0.0,0.0,0.0,0.0,0.0,0.0,0.0,0.0,0.0,0.0,0.0,0.0,0.0,0.0,0.0,0.0,0.0,1.0,0.0,0.0,0.0
9,157,820,143258,0,VILLAGE,Sultanpur,Rural,535,2874,1521,1353,1529,910,619,1345,611,734,1245,229212,tehsil_mode_best_effort,existing_village_mapping,9,UTTAR PRADESH,162,LUCKNOW,0.0,0.0,0.0,0.0,0.0,0.0,0.0,0.0,0.0,0.0,0.0,0.0,0.0,0.0,2.0,0.0,0.0,0.0,0.0,0.0,0.0,0.0,0.0,0.0,0.0
9,157,820,143259,0,VILLAGE,Shahpur Raja,Rural,128,758,409,349,495,298,197,263,111,152,190,229216,tehsil_mode_best_effort,existing_village_mapping,9,UTTAR PRADESH,162,LUCKNOW,0.0,0.0,0.0,0.0,0.0,0.0,0.0,0.0,0.0,0.0,0.0,0.0,0.0,0.0,0.0,0.0,0.0,0.0,0.0,0.0,0.0,0.0,0.0,0.0,1.0
9,157,820,143260,0,VILLAGE,Bhikhampur,Rural,94,506,275,231,256,160,96,250,115,135,113,225131,tehsil_mode_best_effort,existing_village_mapping,9,UTTAR PRADESH,162,LUCKNOW,0.0,0.0,0.0,0.0,1.0,0.0,0.0,0.0,0.0,0.0,0.0,0.0,0.0,0.0,0.0,0.0,0.0,0.0,0.0,0.0,0.0,0.0,0.0,0.0,0.0
9,157,820,143261,0,VILLAGE,Singhamau,Rural,277,1548,799,749,1056,628,428,492,171,321,468,225126,tehsil_mode_best_effort,existing_village_mapping,9,UTTAR PRADESH,162,LUCKNOW,0.0,1.0,0.0,0.0,1.0,1.0,1.0,0.0,0.0,0.0,2.0,0.0,1.0,0.0,0.0,0.0,0.0,0.0,0.0,0.0,0.0,0.0,0.0,0.0,2.0
9,157,820,143262,0,VILLAGE,Bargadikala,Rural,314,1777,916,861,1159,690,469,618,226,392,714,225125,tehsil_mode_best_effort,existing_village_mapping,9,UTTAR PRADESH,162,LUCKNOW,0.0,0.0,0.0,0.0,0.0,0.0,0.0,0.0,0.0,0.0,0.0,0.0,0.0,0.0,2.0,0.0,0.0,0.0,0.0,0.0,0.0,0.0,0.0,0.0,1.0
9,157,820,143263,0,VILLAGE,Mandauli Khurd,Rural,271,1456,772,684,943,578,365,513,194,319,464,225124,tehsil_mode_best_effort,existing_village_mapping,9,UTTAR PRADESH,162,LUCKNOW,0.0,0.0,0.0,0.0,2.0,0.0,1.0,0.0,0.0,2.0,1.0,0.0,0.0,0.0,0.0,1.0,1.0,0.0,0.0,3.0,0.0,2.0,0.0,0.0,11.0
9,157,820,143264,0,VILLAGE,Beharkaraundi,Rural,64,331,164,167,196,122,74,135,42,93,164,225123,tehsil_mode_best_effort,existing_village_mapping,9,UTTAR PRADESH,162,LUCKNOW,0.0,0.0,0.0,0.0,4.0,0.0,0.0,0.0,1.0,0.0,0.0,0.0,1.0,0.0,0.0,1.0,0.0,0.0,0.0,0.0,0.0,0.0,0.0,0.0,0.0
9,157,820,143265,0,VILLAGE,Shivpuri,Rural,648,3747,1961,1786,1987,1182,805,1760,779,981,1443,225122,verified_name_population_match,existing_village_mapping,9,UTTAR PRADESH,162,LUCKNOW,1.0,0.0,0.0,0.0,0.0,1.0,1.0,0.0,0.0,1.0,0.0,0.0,1.0,0.0,0.0,0.0,0.0,0.0,0.0,0.0,0.0,0.0,0.0,0.0,2.0
9,157,820,143266,0,VILLAGE,Kathwara,Rural,1303,6740,3528,3212,3824,2227,1597,2916,1301,1615,2197,202280,verified_name_population_match,existing_village_mapping,9,UTTAR PRADESH,162,LUCKNOW,0.0,0.0,0.0,0.0,1.0,0.0,0.0,0.0,0.0,0.0,0.0,0.0,0.0,0.0,0.0,0.0,0.0,0.0,0.0,0.0,0.0,0.0,0.0,0.0,0.0
9,157,820,143267,0,VILLAGE,Shivkhar,Rural,71,410,211,199,164,95,69,246,116,130,106,225121,tehsil_mode_best_effort,existing_village_mapping,9,UTTAR PRADESH,162,LUCKNOW,0.0,1.0,0.0,0.0,0.0,0.0,1.0,0.0,0.0,0.0,1.0,0.0,1.0,0.0,1.0,0.0,0.0,0.0,0.0,0.0,0.0,0.0,0.0,0.0,0.0
9,157,820,143268,0,VILLAGE,Hardhaurpur,Rural,365,2161,1155,1006,1285,775,510,876,380,496,660,225120,verified_name_population_match,existing_village_mapping,9,UTTAR PRADESH,162,LUCKNOW,1.0,1.0,0.0,0.0,0.0,0.0,0.0,0.0,0.0,0.0,0.0,0.0,2.0,0.0,1.0,0.0,0.0,0.0,0.0,0.0,0.0,1.0,0.0,1.0,2.0
9,157,820,143269,0,VILLAGE,Bikamau Khurd,Rural,140,893,464,429,551,320,231,342,144,198,254,229301,tehsil_mode_best_effort,existing_village_mapping,9,UTTAR PRADESH,162,LUCKNOW,1.0,0.0,0.0,2.0,1.0,3.0,0.0,0.0,1.0,2.0,4.0,0.0,6.0,0.0,5.0,0.0,0.0,2.0,0.0,0.0,0.0,0.0,1.0,0.0,2.0
9,157,820,143270,0,VILLAGE,Madaripur,Rural,356,2068,1088,980,1135,682,453,933,406,527,704,229303,verified_name_population_match,existing_village_mapping,9,UTTAR PRADESH,162,LUCKNOW,0.0,1.0,0.0,0.0,0.0,0.0,0.0,0.0,0.0,0.0,0.0,0.0,1.0,0.0,1.0,0.0,0.0,0.0,0.0,0.0,0.0,1.0,0.0,0.0,0.0
9,157,820,143271,0,VILLAGE,Parvatpur,Rural,152,818,417,401,466,299,167,352,118,234,277,229305,tehsil_mode_best_effort,existing_village_mapping,9,UTTAR PRADESH,162,LUCKNOW,0.0,0.0,0.0,0.0,1.0,1.0,0.0,0.0,0.0,0.0,0.0,0.0,0.0,0.0,0.0,0.0,0.0,0.0,0.0,0.0,0.0,0.0,0.0,0.0,0.0
9,157,820,143272,0,VILLAGE,Majheria,Rural,141,797,427,370,373,220,153,424,207,217,351,229306,tehsil_mode_best_effort,existing_village_mapping,9,UTTAR PRADESH,162,LUCKNOW,0.0,1.0,0.0,0.0,0.0,0.0,0.0,0.0,0.0,1.0,1.0,0.0,0.0,0.0,0.0,0.0,0.0,0.0,0.0,0.0,0.0,0.0,0.0,0.0,3.0
9,157,820,143273,0,VILLAGE,Rampur Bahera,Rural,338,1867,962,905,1091,654,437,776,308,468,517,229307,verified_name_population_match,existing_village_mapping,9,UTTAR PRADESH,162,LUCKNOW,0.0,0.0,0.0,0.0,0.0,0.0,0.0,0.0,0.0,0.0,0.0,0.0,1.0,0.0,1.0,0.0,0.0,0.0,0.0,0.0,0.0,0.0,0.0,0.0,0.0
9,157,820,143274,0,VILLAGE,Digoi,Rural,172,1000,535,465,564,330,234,436,205,231,272,229308,tehsil_mode_best_effort,existing_village_mapping,9,UTTAR PRADESH,162,LUCKNOW,0.0,0.0,0.0,0.0,2.0,0.0,0.0,0.0,0.0,1.0,2.0,0.0,0.0,0.0,4.0,0.0,0.0,0.0,0.0,0.0,0.0,1.0,1.0,0.0,0.0
9,157,820,143275,0,VILLAGE,Misripur,Rural,282,1619,852,767,868,514,354,751,338,413,459,229309,tehsil_mode_best_effort,existing_village_mapping,9,UTTAR PRADESH,162,LUCKNOW,0.0,0.0,0.0,0.0,0.0,0.0,0.0,0.0,0.0,0.0,1.0,0.0,0.0,1.0,0.0,0.0,1.0,0.0,0.0,0.0,0.0,0.0,0.0,0.0,0.0
9,157,820,143276,0,VILLAGE,Sonava,Rural,302,1596,823,773,1051,609,442,545,214,331,440,229310,tehsil_mode_best_effort,existing_village_mapping,9,UTTAR PRADESH,162,LUCKNOW,0.0,0.0,0.0,0.0,0.0,0.0,0.0,0.0,0.0,0.0,0.0,0.0,0.0,0.0,0.0,0.0,0.0,0.0,0.0,0.0,0.0,0.0,1.0,0.0,0.0
9,157,820,143277,0,VILLAGE,Digurpur,Rural,144,819,448,371,413,250,163,406,198,208,257,229311,tehsil_mode_best_effort,existing_village_mapping,9,UTTAR PRADESH,162,LUCKNOW,0.0,0.0,0.0,0.0,0.0,0.0,0.0,0.0,0.0,0.0,0.0,0.0,0.0,0.0,2.0,0.0,0.0,0.0,0.0,0.0,0.0,0.0,0.0,0.0,1.0
9,157,820,143278,0,VILLAGE,Nagavamau Khurd,Rural,103,564,311,253,283,181,102,281,130,151,228,229316,tehsil_mode_best_effort,existing_village_mapping,9,UTTAR PRADESH,162,LUCKNOW,0.0,0.0,0.0,0.0,2.0,1.0,0.0,0.0,0.0,0.0,2.0,0.0,2.0,1.0,0.0,0.0,0.0,0.0,0.0,0.0,0.0,0.0,0.0,0.0,0.0
9,157,820,143279,0,VILLAGE,Naguvamau Kala,Rural,413,2257,1188,1069,1122,693,429,1135,495,640,726,225063,tehsil_mode_best_effort,existing_village_mapping,9,UTTAR PRADESH,162,LUCKNOW,0.0,0.0,0.0,1.0,0.0,0.0,0.0,0.0,0.0,0.0,0.0,0.0,0.0,0.0,0.0,0.0,0.0,0.0,0.0,0.0,0.0,0.0,0.0,0.0,0.0
9,157,820,143280,0,VILLAGE,Durjanpur,Rural,126,758,377,381,488,296,192,270,81,189,168,225026,verified_name_population_match,existing_village_mapping,9,UTTAR PRADESH,162,LUCKNOW,0.0,0.0,0.0,0.0,0.0,0.0,0.0,0.0,0.0,0.0,0.0,0.0,1.0,0.0,0.0,0.0,0.0,0.0,0.0,0.0,0.0,0.0,0.0,0.0,0.0
9,157,820,143281,0,VILLAGE,Rajpur,Rural,79,467,228,239,264,155,109,203,73,130,128,225022,tehsil_mode_best_effort,existing_village_mapping,9,UTTAR PRADESH,162,LUCKNOW,1.0,0.0,0.0,0.0,0.0,0.0,0.0,0.0,0.0,0.0,0.0,0.0,0.0,0.0,0.0,0.0,0.0,0.0,0.0,0.0,0.0,0.0,0.0,0.0,0.0
9,157,820,143282,0,VILLAGE,Ancharamau,Rural,605,3559,1897,1662,1979,1150,829,1580,747,833,1413,225021,verified_name_population_match,existing_village_mapping,9,UTTAR PRADESH,162,LUCKNOW,0.0,0.0,0.0,0.0,3.0,0.0,0.0,0.0,0.0,0.0,0.0,0.0,0.0,0.0,0.0,4.0,0.0,0.0,0.0,2.0,1.0,3.0,0.0,1.0,11.0
9,157,820,143283,0,VILLAGE,Mohmmadpur Saraia,Rural,188,905,474,431,526,313,213,379,161,218,245,225017,tehsil_mode_best_effort,existing_village_mapping,9,UTTAR PRADESH,162,LUCKNOW,0.0,0.0,0.0,0.0,0.0,0.0,0.0,0.0,0.0,0.0,0.0,0.0,0.0,0.0,0.0,0.0,0.0,0.0,0.0,0.0,0.0,0.0,1.0,0.0,0.0
9,157,820,143284,0,VILLAGE,Paharpur,Rural,485,2545,1280,1265,1413,786,627,1132,494,638,789,225015,verified_name_population_match,existing_village_mapping,9,UTTAR PRADESH,162,LUCKNOW,0.0,0.0,0.0,0.0,0.0,0.0,0.0,0.0,0.0,0.0,0.0,0.0,0.0,0.0,0.0,0.0,0.0,0.0,0.0,0.0,0.0,0.0,0.0,0.0,1.0
9,157,820,143285,0,VILLAGE,Taranpur,Rural,136,783,431,352,419,266,153,364,165,199,235,225012,verified_name_population_match,existing_village_mapping,9,UTTAR PRADESH,162,LUCKNOW,0.0,0.0,0.0,0.0,0.0,0.0,0.0,0.0,0.0,0.0,0.0,0.0,1.0,0.0,0.0,0.0,0.0,0.0,0.0,0.0,0.0,0.0,0.0,0.0,0.0
9,157,820,143286,0,VILLAGE,Bharsar,Rural,216,1253,672,581,694,408,286,559,264,295,548,225011,tehsil_mode_best_effort,existing_village_mapping,9,UTTAR PRADESH,162,LUCKNOW,0.0,0.0,0.0,0.0,0.0,0.0,0.0,0.0,0.0,0.0,0.0,0.0,0.0,0.0,0.0,0.0,1.0,0.0,0.0,0.0,0.0,0.0,0.0,0.0,0.0
9,157,820,143287,0,VILLAGE,Ataraura,Rural,331,2052,1109,943,1151,712,439,901,397,504,1111,225008,tehsil_mode_best_effort,existing_village_mapping,9,UTTAR PRADESH,162,LUCKNOW,0.0,0.0,0.0,0.0,1.0,0.0,0.0,0.0,0.0,0.0,0.0,0.0,0.0,0.0,0.0,0.0,0.0,0.0,0.0,0.0,0.0,0.0,0.0,0.0,0.0
9,157,820,143288,0,VILLAGE,Parsau,Rural,216,1329,712,617,795,490,305,534,222,312,408,225006,tehsil_mode_best_effort,existing_village_mapping,9,UTTAR PRADESH,162,LUCKNOW,0.0,0.0,0.0,0.0,1.0,0.0,0.0,0.0,0.0,2.0,0.0,0.0,0.0,0.0,0.0,0.0,0.0,0.0,0.0,0.0,0.0,0.0,0.0,0.0,0.0
9,157,820,143289,0,VILLAGE,Bhesi,Rural,84,452,230,222,255,159,96,197,71,126,176,225005,tehsil_mode_best_effort,existing_village_mapping,9,UTTAR PRADESH,162,LUCKNOW,0.0,0.0,0.0,0.0,0.0,0.0,0.0,0.0,1.0,0.0,1.0,0.0,0.0,0.0,0.0,0.0,0.0,0.0,0.0,0.0,0.0,0.0,0.0,0.0,2.0
9,157,820,143290,0,VILLAGE,Singhpur,Rural,93,496,256,240,208,126,82,288,130,158,249,225004,tehsil_mode_best_effort,existing_village_mapping,9,UTTAR PRADESH,162,LUCKNOW,0.0,0.0,0.0,0.0,1.0,0.0,0.0,0.0,0.0,0.0,0.0,0.0,1.0,0.0,0.0,0.0,0.0,0.0,0.0,0.0,0.0,0.0,0.0,0.0,0.0
9,157,820,143291,0,VILLAGE,Malhipur,Rural,89,474,245,229,243,144,99,231,101,130,206,225003,tehsil_mode_best_effort,existing_village_mapping,9,UTTAR PRADESH,162,LUCKNOW,0.0,3.0,0.0,1.0,17.0,1.0,1.0,0.0,4.0,2.0,2.0,0.0,4.0,2.0,7.0,2.0,4.0,0.0,1.0,1.0,0.0,2.0,0.0,1.0,6.0
9,157,820,143292,0,VILLAGE,Rajapur Salempur,Rural,135,757,402,355,389,232,157,368,170,198,346,229401,tehsil_mode_best_effort,existing_village_mapping,9,UTTAR PRADESH,162,LUCKNOW,1.0,0.0,0.0,2.0,0.0,0.0,0.0,0.0,0.0,1.0,1.0,0.0,1.0,0.0,0.0,0.0,0.0,0.0,0.0,0.0,0.0,0.0,0.0,0.0,2.0
9,157,820,143293,0,VILLAGE,Sarsava,Rural,215,1252,650,602,701,416,285,551,234,317,421,225002,tehsil_mode_best_effort,existing_village_mapping,9,UTTAR PRADESH,162,LUCKNOW,0.0,0.0,0.0,0.0,0.0,0.0,0.0,0.0,0.0,0.0,2.0,0.0,0.0,0.0,0.0,0.0,0.0,0.0,0.0,0.0,0.0,0.0,0.0,0.0,0.0
9,157,820,143294,0,VILLAGE,Mavaikala,Rural,177,972,504,468,552,334,218,420,170,250,320,229402,tehsil_mode_best_effort,existing_village_mapping,9,UTTAR PRADESH,162,LUCKNOW,0.0,0.0,0.0,0.0,0.0,0.0,0.0,0.0,1.0,0.0,0.0,0.0,0.0,0.0,1.0,0.0,0.0,0.0,0.0,0.0,0.0,0.0,0.0,0.0,0.0
9,157,820,143295,0,VILLAGE,Khantari,Rural,162,929,498,431,563,327,236,366,171,195,308,225001,verified_name_population_match,existing_village_mapping,9,UTTAR PRADESH,162,LUCKNOW,4.0,2.0,0.0,2.0,107.0,4.0,13.0,0.0,4.0,8.0,19.0,0.0,3.0,1.0,6.0,1.0,4.0,2.0,3.0,0.0,1.0,0.0,1.0,0.0,14.0
9,157,820,143296,0,VILLAGE,Dahanauri,Rural,157,806,431,375,371,216,155,435,215,220,314,229404,verified_name_population_match,existing_village_mapping,9,UTTAR PRADESH,162,LUCKNOW,0.0,0.0,0.0,0.0,0.0,0.0,1.0,0.0,0.0,0.0,1.0,0.0,0.0,0.0,0.0,0.0,0.0,0.0,0.0,0.0,0.0,0.0,0.0,0.0,0.0
9,157,820,143297,0,VILLAGE,Asti,Rural,383,2043,1115,928,1304,774,530,739,341,398,657,229405,tehsil_mode_best_effort,existing_village_mapping,9,UTTAR PRADESH,162,LUCKNOW,0.0,0.0,0.0,0.0,0.0,1.0,0.0,0.0,0.0,0.0,0.0,0.0,0.0,0.0,1.0,1.0,0.0,0.0,0.0,0.0,0.0,0.0,2.0,0.0,2.0
9,157,820,143298,0,VILLAGE,Barakhempur,Rural,289,1600,835,765,908,539,369,692,296,396,630,229406,tehsil_mode_best_effort,existing_village_mapping,9,UTTAR PRADESH,162,LUCKNOW,0.0,0.0,0.0,0.0,0.0,0.0,0.0,0.0,0.0,0.0,0.0,0.0,0.0,0.0,1.0,0.0,0.0,0.0,0.0,0.0,0.0,0.0,0.0,0.0,0.0
9,157,820,143299,0,VILLAGE,Fatehpur Khamrai,Rural,309,1633,845,788,910,543,367,723,302,421,512,229412,verified_name_population_match,existing_village_mapping,9,UTTAR PRADESH,162,LUCKNOW,0.0,0.0,0.0,0.0,0.0,0.0,0.0,0.0,0.0,0.0,0.0,0.0,0.0,0.0,0.0,0.0,0.0,0.0,0.0,1.0,0.0,0.0,0.0,0.0,0.0
9,157,820,143300,0,VILLAGE,Goravamau,Rural,145,816,432,384,555,324,231,261,108,153,215,229501,verified_name_population_match,existing_village_mapping,9,UTTAR PRADESH,162,LUCKNOW,0.0,0.0,0.0,0.0,0.0,0.0,0.0,0.0,0.0,0.0,0.0,0.0,0.0,0.0,1.0,0.0,0.0,0.0,0.0,0.0,0.0,0.0,0.0,0.0,0.0
9,157,820,143301,0,VILLAGE,Manpur Lala,Rural,296,1924,993,931,1069,628,441,855,365,490,703,229502,verified_name_population_match,existing_village_mapping,9,UTTAR PRADESH,162,LUCKNOW,0.0,0.0,0.0,0.0,0.0,0.0,0.0,0.0,0.0,0.0,0.0,0.0,0.0,0.0,1.0,0.0,0.0,0.0,1.0,0.0,0.0,0.0,0.0,0.0,0.0
9,157,820,143302,0,VILLAGE,Siwan,Rural,292,1863,983,880,1183,704,479,680,279,401,523,229504,verified_name_population_match,existing_village_mapping,9,UTTAR PRADESH,162,LUCKNOW,1.0,1.0,0.0,0.0,0.0,0.0,0.0,0.0,0.0,0.0,0.0,0.0,0.0,0.0,2.0,0.0,1.0,0.0,0.0,0.0,0.0,0.0,1.0,0.0,2.0
9,157,820,143303,0,VILLAGE,Hajichak,Rural,43,295,158,137,185,116,69,110,42,68,52,229600,tehsil_mode_best_effort,existing_village_mapping,9,UTTAR PRADESH,162,LUCKNOW,0.0,0.0,0.0,0.0,0.0,0.0,0.0,0.0,0.0,0.0,1.0,0.0,0.0,0.0,0.0,0.0,0.0,0.0,0.0,0.0,0.0,0.0,0.0,0.0,0.0
9,157,820,143304,0,VILLAGE,Kauriamau,Rural,218,1166,601,565,509,310,199,657,291,366,323,229610,tehsil_mode_best_effort,existing_village_mapping,9,UTTAR PRADESH,162,LUCKNOW,0.0,0.0,0.0,0.0,0.0,0.0,0.0,0.0,0.0,0.0,0.0,0.0,0.0,0.0,0.0,0.0,0.0,0.0,0.0,0.0,1.0,1.0,0.0,0.0,0.0
9,157,820,143305,0,VILLAGE,Sadamau,Rural,108,860,471,389,458,270,188,402,201,201,261,229801,tehsil_mode_best_effort,existing_village_mapping,9,UTTAR PRADESH,162,LUCKNOW,0.0,0.0,0.0,0.0,0.0,0.0,0.0,0.0,0.0,0.0,0.0,0.0,0.0,0.0,1.0,0.0,1.0,0.0,0.0,0.0,0.0,0.0,0.0,0.0,0.0
9,157,820,143306,0,VILLAGE,Palaka,Rural,269,1735,868,867,1088,596,492,647,272,375,571,229802,verified_name_population_match,existing_village_mapping,9,UTTAR PRADESH,162,LUCKNOW,0.0,0.0,0.0,0.0,0.0,0.0,0.0,0.0,0.0,0.0,0.0,0.0,0.0,0.0,1.0,0.0,0.0,0.0,0.0,0.0,0.0,0.0,0.0,0.0,1.0
9,157,820,143307,0,VILLAGE,Bharawamau,Rural,447,2900,1504,1396,1691,945,746,1209,559,650,905,229841,tehsil_mode_best_effort,existing_village_mapping,9,UTTAR PRADESH,162,LUCKNOW,0.0,0.0,0.0,0.0,4.0,0.0,0.0,0.0,0.0,0.0,0.0,0.0,0.0,0.0,1.0,0.0,0.0,0.0,0.0,0.0,0.0,0.0,0.0,0.0,1.0
9,157,820,143308,0,VILLAGE,Chanda Coder,Rural,266,1566,860,706,854,530,324,712,330,382,504,229859,tehsil_mode_best_effort,existing_village_mapping,9,UTTAR PRADESH,162,LUCKNOW,0.0,0.0,0.0,0.0,0.0,0.0,0.0,0.0,0.0,0.0,0.0,0.0,1.0,0.0,0.0,0.0,0.0,0.0,0.0,0.0,0.0,0.0,0.0,0.0,1.0
9,157,820,143309,0,VILLAGE,Dinkarpur Jhalava,Rural,169,919,484,435,493,297,196,426,187,239,293,229881,tehsil_mode_best_effort,existing_village_mapping,9,UTTAR PRADESH,162,LUCKNOW,0.0,0.0,0.0,0.0,0.0,0.0,0.0,0.0,0.0,0.0,1.0,0.0,1.0,0.0,2.0,0.0,0.0,1.0,1.0,0.0,0.0,2.0,0.0,0.0,4.0
9,157,820,143310,0,VILLAGE,Gohanakalan,Rural,498,2814,1450,1364,1630,915,715,1184,535,649,838,229901,tehsil_mode_best_effort,existing_village_mapping,9,UTTAR PRADESH,162,LUCKNOW,0.0,0.0,0.0,0.0,2.0,0.0,0.0,0.0,0.0,0.0,0.0,0.0,0.0,0.0,0.0,0.0,0.0,0.0,0.0,0.0,0.0,0.0,0.0,0.0,0.0
9,157,820,143311,0,VILLAGE,Adhar Khera,Rural,162,1038,525,513,657,393,264,381,132,249,279,230001,tehsil_mode_best_effort,existing_village_mapping,9,UTTAR PRADESH,162,LUCKNOW,0.0,0.0,0.0,0.0,3.0,0.0,1.0,0.0,2.0,1.0,0.0,0.0,0.0,0.0,1.0,0.0,0.0,2.0,1.0,0.0,0.0,0.0,2.0,0.0,1.0
9,157,820,143312,0,VILLAGE,Ajanhar Kalan,Rural,114,713,370,343,505,271,234,208,99,109,173,230002,tehsil_mode_best_effort,existing_village_mapping,9,UTTAR PRADESH,162,LUCKNOW,0.0,0.0,0.0,0.0,0.0,0.0,0.0,0.0,0.0,0.0,0.0,0.0,1.0,0.0,0.0,0.0,0.0,0.0,0.0,0.0,0.0,0.0,0.0,0.0,0.0
9,157,820,143313,0,VILLAGE,Rasoolpur Kayastha,Rural,220,1401,723,678,734,459,275,667,264,403,425,224301,tehsil_mode_best_effort,existing_village_mapping,9,UTTAR PRADESH,162,LUCKNOW,0.0,0.0,0.0,0.0,0.0,0.0,0.0,0.0,0.0,0.0,0.0,0.0,1.0,0.0,0.0,0.0,0.0,0.0,0.0,0.0,0.0,0.0,0.0,0.0,0.0
9,157,820,143314,0,VILLAGE,Misripur,Rural,803,4583,2390,2193,2286,1360,926,2297,1030,1267,1225,230124,tehsil_mode_best_effort,existing_village_mapping,9,UTTAR PRADESH,162,LUCKNOW,0.0,0.0,0.0,0.0,0.0,0.0,1.0,0.0,0.0,0.0,0.0,0.0,0.0,0.0,0.0,0.0,0.0,0.0,0.0,0.0,0.0,0.0,0.0,0.0,0.0
9,157,820,143315,0,VILLAGE,Barkhurdarpur,Rural,223,1178,601,577,561,329,232,617,272,345,428,230128,tehsil_mode_best_effort,existing_village_mapping,9,UTTAR PRADESH,162,LUCKNOW,0.0,0.0,0.0,0.0,2.0,0.0,0.0,0.0,0.0,0.0,0.0,0.0,0.0,0.0,0.0,0.0,0.0,0.0,0.0,0.0,0.0,0.0,0.0,0.0,0.0
9,157,820,143316,0,VILLAGE,Guramba,Rural,480,2602,1356,1246,1716,958,758,886,398,488,748,230131,tehsil_mode_best_effort,existing_village_mapping,9,UTTAR PRADESH,162,LUCKNOW,0.0,0.0,0.0,0.0,0.0,0.0,0.0,0.0,2.0,0.0,0.0,0.0,0.0,0.0,0.0,0.0,0.0,0.0,0.0,0.0,0.0,0.0,0.0,0.0,0.0
9,157,820,143317,0,VILLAGE,Behta,Rural,565,3693,1956,1737,2164,1209,955,1529,747,782,1299,230132,tehsil_mode_best_effort,existing_village_mapping,9,UTTAR PRADESH,162,LUCKNOW,0.0,0.0,0.0,0.0,0.0,1.0,0.0,0.0,0.0,0.0,0.0,0.0,0.0,0.0,1.0,0.0,2.0,0.0,0.0,0.0,0.0,0.0,1.0,0.0,2.0
9,157,820,143318,0,VILLAGE,Para,Rural,279,1437,746,691,752,441,311,685,305,380,845,224234,verified_name_population_match,existing_village_mapping,9,UTTAR PRADESH,162,LUCKNOW,0.0,0.0,0.0,0.0,0.0,0.0,0.0,0.0,0.0,1.0,0.0,0.0,1.0,0.0,0.0,0.0,0.0,0.0,0.0,0.0,0.0,0.0,0.0,0.0,0.0
9,157,820,143319,0,VILLAGE,Rajauli,Rural,710,3892,2092,1800,1737,1022,715,2155,1070,1085,1418,224229,verified_name_population_match,existing_village_mapping,9,UTTAR PRADESH,162,LUCKNOW,1.0,0.0,0.0,0.0,0.0,0.0,0.0,0.0,0.0,0.0,0.0,0.0,0.0,0.0,0.0,0.0,0.0,0.0,0.0,0.0,0.0,0.0,0.0,0.0,0.0
9,157,820,143320,0,VILLAGE,Paikaramau,Rural,659,4276,2239,2037,2440,1441,999,1836,798,1038,1582,230134,verified_name_population_match,existing_village_mapping,9,UTTAR PRADESH,162,LUCKNOW,0.0,0.0,0.0,0.0,0.0,0.0,0.0,0.0,0.0,0.0,2.0,0.0,0.0,0.0,0.0,0.0,0.0,0.0,0.0,0.0,0.0,0.0,0.0,0.0,0.0
9,157,820,143321,0,VILLAGE,Dashauli,Rural,384,2921,1742,1179,2139,1396,743,782,346,436,657,230135,tehsil_mode_best_effort,existing_village_mapping,9,UTTAR PRADESH,162,LUCKNOW,0.0,0.0,0.0,0.0,0.0,0.0,0.0,0.0,0.0,0.0,0.0,0.0,0.0,0.0,0.0,0.0,0.0,0.0,0.0,0.0,1.0,0.0,0.0,0.0,1.0
9,157,820,143322,0,VILLAGE,Kapasi,Rural,257,1710,908,802,964,599,365,746,309,437,569,230136,tehsil_mode_best_effort,existing_village_mapping,9,UTTAR PRADESH,162,LUCKNOW,0.0,0.0,0.0,0.0,1.0,0.0,0.0,0.0,0.0,0.0,0.0,0.0,0.0,0.0,0.0,0.0,0.0,0.0,0.0,0.0,0.0,0.0,0.0,0.0,0.0
9,157,820,143323,0,VILLAGE,Rasoolpur Sadat,Rural,648,4138,2113,2025,2340,1340,1000,1798,773,1025,1229,224228,tehsil_mode_best_effort,existing_village_mapping,9,UTTAR PRADESH,162,LUCKNOW,0.0,0.0,0.0,0.0,1.0,0.0,0.0,0.0,0.0,0.0,0.0,0.0,0.0,0.0,0.0,0.0,0.0,0.0,0.0,0.0,1.0,0.0,0.0,0.0,0.0
9,157,820,143324,0,VILLAGE,Basaha,Rural,398,2344,1219,1125,1487,844,643,857,375,482,784,224227,tehsil_mode_best_effort,existing_village_mapping,9,UTTAR PRADESH,162,LUCKNOW,0.0,0.0,0.0,0.0,3.0,0.0,0.0,0.0,0.0,0.0,0.0,0.0,0.0,0.0,0.0,0.0,0.0,0.0,0.0,0.0,0.0,0.0,0.0,0.0,0.0
9,157,820,143325,0,VILLAGE,Mohmmadpur Majara,Rural,222,1607,842,765,979,564,415,628,278,350,435,224225,tehsil_mode_best_effort,existing_village_mapping,9,UTTAR PRADESH,162,LUCKNOW,0.0,0.0,0.0,0.0,1.0,0.0,0.0,0.0,0.0,0.0,0.0,0.0,0.0,0.0,0.0,0.0,0.0,0.0,0.0,0.0,0.0,0.0,0.0,0.0,0.0
9,157,820,143326,0,VILLAGE,Goila,Rural,1353,7945,4115,3830,4304,2541,1763,3641,1574,2067,2742,224210,tehsil_mode_best_effort,existing_village_mapping,9,UTTAR PRADESH,162,LUCKNOW,0.0,0.0,0.0,0.0,2.0,0.0,0.0,0.0,0.0,0.0,0.0,0.0,0.0,0.0,1.0,0.0,2.0,0.0,0.0,0.0,0.0,0.0,0.0,0.0,0.0
9,157,820,143327,0,VILLAGE,Raitha,Rural,586,3286,1718,1568,1416,883,533,1870,835,1035,1040,224208,verified_name_population_match,existing_village_mapping,9,UTTAR PRADESH,162,LUCKNOW,0.0,0.0,0.0,0.0,1.0,0.0,0.0,0.0,0.0,0.0,0.0,0.0,1.0,0.0,1.0,0.0,0.0,0.0,0.0,0.0,0.0,0.0,0.0,0.0,0.0
9,157,820,143328,0,VILLAGE,Pashchim Gaon,Rural,148,767,404,363,420,251,169,347,153,194,209,224207,verified_name_population_match,existing_village_mapping,9,UTTAR PRADESH,162,LUCKNOW,0.0,0.0,0.0,0.0,0.0,0.0,0.0,0.0,1.0,0.0,0.0,0.0,0.0,0.0,0.0,0.0,0.0,0.0,0.0,0.0,0.0,1.0,0.0,0.0,0.0
9,157,820,143329,0,VILLAGE,Purwa,Rural,94,460,237,223,275,159,116,185,78,107,113,224205,verified_name_population_match,existing_village_mapping,9,UTTAR PRADESH,162,LUCKNOW,0.0,0.0,0.0,0.0,0.0,0.0,0.0,0.0,0.0,0.0,1.0,0.0,0.0,0.0,0.0,0.0,0.0,0.0,0.0,0.0,0.0,0.0,0.0,0.0,0.0
9,157,820,143330,0,VILLAGE,Dhatingra,Rural,387,2027,1089,938,1255,781,474,772,308,464,560,224204,verified_name_population_match,existing_village_mapping,9,UTTAR PRADESH,162,LUCKNOW,0.0,0.0,0.0,0.0,0.0,0.0,0.0,0.0,0.0,0.0,0.0,0.0,0.0,0.0,1.0,0.0,0.0,0.0,0.0,0.0,0.0,0.0,0.0,0.0,0.0
9,157,820,143331,0,VILLAGE,Borumau,Rural,521,2870,1478,1392,1499,862,637,1371,616,755,809,224201,verified_name_population_match,existing_village_mapping,9,UTTAR PRADESH,162,LUCKNOW,0.0,0.0,0.0,0.0,2.0,0.0,0.0,0.0,0.0,0.0,0.0,0.0,0.0,0.0,0.0,0.0,0.0,0.0,0.0,0.0,0.0,0.0,0.0,0.0,0.0
9,157,820,143332,0,VILLAGE,Duggor,Rural,333,1813,978,835,898,546,352,915,432,483,576,230204,verified_name_population_match,existing_village_mapping,9,UTTAR PRADESH,162,LUCKNOW,0.0,0.0,0.0,0.0,0.0,0.0,0.0,0.0,0.0,0.0,0.0,0.0,0.0,0.0,0.0,0.0,0.0,2.0,0.0,0.0,0.0,0.0,0.0,0.0,0.0
9,157,820,143333,0,VILLAGE,Laxmi Pur,Rural,100,493,266,227,325,202,123,168,64,104,148,224195,verified_name_population_match,existing_village_mapping,9,UTTAR PRADESH,162,LUCKNOW,0.0,0.0,0.0,0.0,0.0,0.0,0.0,0.0,0.0,0.0,0.0,0.0,0.0,0.0,0.0,0.0,0.0,0.0,0.0,0.0,0.0,0.0,1.0,0.0,0.0
9,157,820,143334,0,VILLAGE,Sairpur,Rural,214,1076,583,493,658,404,254,418,179,239,671,224190,verified_name_population_match,existing_village_mapping,9,UTTAR PRADESH,162,LUCKNOW,0.0,0.0,0.0,0.0,0.0,0.0,1.0,0.0,0.0,1.0,1.0,0.0,1.0,0.0,2.0,0.0,1.0,0.0,0.0,0.0,0.0,0.0,0.0,0.0,0.0
9,157,820,143335,0,VILLAGE,Poorab Gaon,Rural,127,671,350,321,493,292,201,178,58,120,225,224189,verified_name_population_match,existing_village_mapping,9,UTTAR PRADESH,162,LUCKNOW,0.0,0.0,0.0,0.0,0.0,0.0,0.0,0.0,0.0,0.0,0.0,0.0,0.0,0.0,0.0,0.0,0.0,0.0,0.0,0.0,0.0,0.0,0.0,0.0,2.0
9,157,820,143336,0,VILLAGE,Farrukhabad,Rural,149,842,467,375,451,285,166,391,182,209,356,224186,verified_name_population_match,existing_village_mapping,9,UTTAR PRADESH,162,LUCKNOW,0.0,0.0,0.0,0.0,1.0,0.0,0.0,0.0,0.0,0.0,1.0,0.0,0.0,0.0,1.0,0.0,0.0,0.0,0.0,2.0,0.0,0.0,0.0,0.0,0.0
9,157,820,143337,0,VILLAGE,Saidapur,Rural,97,468,235,233,211,105,106,257,130,127,136,224182,verified_name_population_match,existing_village_mapping,9,UTTAR PRADESH,162,LUCKNOW,0.0,0.0,0.0,0.0,1.0,0.0,0.0,0.0,0.0,0.0,1.0,0.0,0.0,0.0,0.0,0.0,0.0,0.0,0.0,0.0,0.0,0.0,0.0,0.0,0.0
9,157,820,143338,0,VILLAGE,Kamlapur,Rural,40,213,106,107,102,50,52,111,56,55,77,224172,verified_name_population_match,existing_village_mapping,9,UTTAR PRADESH,162,LUCKNOW,0.0,0.0,0.0,0.0,0.0,0.0,0.0,0.0,0.0,0.0,0.0,0.0,0.0,0.0,0.0,0.0,0.0,0.0,0.0,0.0,0.0,1.0,0.0,0.0,0.0
9,157,820,143339,0,VILLAGE,Kamlabad,Rural,68,391,190,201,196,113,83,195,77,118,125,224171,verified_name_population_match,existing_village_mapping,9,UTTAR PRADESH,162,LUCKNOW,0.0,0.0,0.0,0.0,1.0,0.0,0.0,0.0,0.0,0.0,0.0,0.0,0.0,0.0,0.0,0.0,0.0,0.0,0.0,0.0,0.0,0.0,0.0,0.0,0.0
9,157,820,143340,0,VILLAGE,Kondri Bholi,Rural,128,642,341,301,322,202,120,320,139,181,230,224168,verified_name_population_match,existing_village_mapping,9,UTTAR PRADESH,162,LUCKNOW,0.0,0.0,0.0,0.0,0.0,0.0,1.0,0.0,0.0,0.0,0.0,0.0,0.0,0.0,0.0,0.0,0.0,0.0,0.0,0.0,0.0,0.0,0.0,0.0,0.0
9,157,820,143341,0,VILLAGE,Dhovaila,Rural,78,470,246,224,221,139,82,249,107,142,118,224164,verified_name_population_match,existing_village_mapping,9,UTTAR PRADESH,162,LUCKNOW,0.0,0.0,0.0,0.0,1.0,0.0,0.0,0.0,0.0,0.0,0.0,0.0,0.0,0.0,1.0,0.0,0.0,0.0,0.0,0.0,0.0,0.0,0.0,0.0,0.0
9,157,820,143342,0,VILLAGE,Khataiya,Rural,67,436,237,199,224,133,91,212,104,108,120,224161,verified_name_population_match,existing_village_mapping,9,UTTAR PRADESH,162,LUCKNOW,0.0,0.0,0.0,0.0,1.0,0.0,0.0,0.0,0.0,0.0,0.0,0.0,0.0,0.0,0.0,0.0,0.0,0.0,0.0,0.0,0.0,0.0,0.0,0.0,0.0
9,157,820,143343,0,VILLAGE,Sarora,Rural,478,2776,1476,1300,1261,754,507,1515,722,793,779,224159,verified_name_population_match,existing_village_mapping,9,UTTAR PRADESH,162,LUCKNOW,0.0,0.0,0.0,0.0,0.0,0.0,0.0,0.0,0.0,0.0,0.0,0.0,1.0,0.0,0.0,0.0,0.0,0.0,0.0,0.0,0.0,1.0,1.0,0.0,1.0
9,157,820,143344,0,VILLAGE,Palhri,Rural,196,1310,664,646,763,442,321,547,222,325,313,224158,tehsil_mode_best_effort,existing_village_mapping,9,UTTAR PRADESH,162,LUCKNOW,0.0,0.0,0.0,0.0,0.0,0.0,0.0,0.0,0.0,0.0,1.0,0.0,0.0,0.0,0.0,0.0,0.0,0.0,0.0,0.0,0.0,0.0,0.0,0.0,0.0
9,157,820,143345,0,VILLAGE,Narharpur,Rural,201,1182,624,558,784,426,358,398,198,200,390,224155,verified_name_population_match,existing_village_mapping,9,UTTAR PRADESH,162,LUCKNOW,0.0,0.0,0.0,0.0,0.0,0.0,0.0,0.0,0.0,1.0,0.0,0.0,0.0,0.0,0.0,0.0,0.0,0.0,0.0,0.0,0.0,1.0,0.0,0.0,0.0
9,157,820,143346,0,VILLAGE,Tiwaripur,Rural,204,1138,618,520,719,417,302,419,201,218,321,224151,tehsil_mode_best_effort,existing_village_mapping,9,UTTAR PRADESH,162,LUCKNOW,0.0,0.0,0.0,0.0,0.0,0.0,1.0,0.0,0.0,0.0,0.0,0.0,0.0,0.0,0.0,0.0,0.0,0.0,0.0,0.0,0.0,0.0,0.0,0.0,0.0
9,157,820,143347,0,VILLAGE,Mirzapur,Rural,289,1528,779,749,910,520,390,618,259,359,478,224149,tehsil_mode_best_effort,existing_village_mapping,9,UTTAR PRADESH,162,LUCKNOW,0.0,0.0,0.0,0.0,0.0,0.0,1.0,0.0,0.0,0.0,0.0,0.0,0.0,0.0,1.0,0.0,3.0,0.0,0.0,0.0,1.0,0.0,0.0,0.0,0.0
9,157,820,143348,0,VILLAGE,Saidpur Jagir,Rural,190,1053,549,504,612,333,279,441,216,225,298,224147,tehsil_mode_best_effort,existing_village_mapping,9,UTTAR PRADESH,162,LUCKNOW,0.0,0.0,0.0,0.0,0.0,0.0,0.0,0.0,0.0,0.0,0.0,0.0,0.0,0.0,0.0,0.0,0.0,0.0,0.0,0.0,0.0,0.0,2.0,0.0,0.0
9,157,820,143349,0,VILLAGE,Khargapur Jagir,Rural,3266,15658,8339,7319,11572,6473,5099,4086,1866,2220,5211,224146,tehsil_mode_best_effort,existing_village_mapping,9,UTTAR PRADESH,162,LUCKNOW,0.0,0.0,0.0,0.0,0.0,0.0,0.0,0.0,0.0,0.0,0.0,0.0,0.0,0.0,0.0,0.0,0.0,0.0,1.0,0.0,0.0,0.0,0.0,0.0,0.0
9,157,820,143350,0,VILLAGE,Muhiuddinpur,Rural,144,877,453,424,519,291,228,358,162,196,323,224141,tehsil_mode_best_effort,existing_village_mapping,9,UTTAR PRADESH,162,LUCKNOW,0.0,0.0,0.0,0.0,0.0,0.0,0.0,0.0,0.0,0.0,0.0,0.0,0.0,0.0,0.0,0.0,0.0,0.0,0.0,0.0,0.0,1.0,0.0,0.0,0.0
9,157,820,143351,0,VILLAGE,Bhitoli Khurd,Rural,413,2241,1177,1064,1565,862,703,676,315,361,819,224139,verified_name_population_match,existing_village_mapping,9,UTTAR PRADESH,162,LUCKNOW,0.0,0.0,0.0,0.0,0.0,1.0,0.0,0.0,0.0,0.0,0.0,0.0,0.0,0.0,0.0,0.0,0.0,0.0,0.0,0.0,0.0,0.0,0.0,0.0,0.0
9,157,820,143352,0,VILLAGE,Pipri,Rural,69,318,167,151,169,100,69,149,67,82,93,224132,tehsil_mode_best_effort,existing_village_mapping,9,UTTAR PRADESH,162,LUCKNOW,0.0,0.0,0.0,0.0,0.0,0.0,0.0,0.0,0.0,0.0,1.0,0.0,0.0,0.0,0.0,0.0,0.0,0.0,0.0,0.0,0.0,0.0,0.0,0.0,0.0
9,157,820,800947,0,TOWN,Mahona (NP),Urban,1455,8557,4510,4047,4596,2650,1946,3961,1860,2101,2861,224129,,town_postal_code,9,UTTAR PRADESH,162,LUCKNOW,0.0,0.0,0.0,0.0,0.0,0.0,0.0,0.0,0.0,0.0,0.0,0.0,0.0,0.0,0.0,0.0,0.0,0.0,0.0,0.0,0.0,0.0,0.0,0.0,1.0
9,157,820,800947,1,WARD,Mahona (NP) WARD NO.-0001,Urban,159,815,430,385,396,241,155,419,189,230,356,224127,,ward_inherited_from_town,9,UTTAR PRADESH,162,LUCKNOW,0.0,0.0,0.0,0.0,0.0,0.0,0.0,0.0,0.0,0.0,1.0,0.0,0.0,0.0,0.0,0.0,0.0,0.0,0.0,0.0,0.0,0.0,0.0,0.0,0.0
9,157,820,800947,2,WARD,Mahona (NP) WARD NO.-0002,Urban,173,888,457,431,358,205,153,530,252,278,272,224123,,ward_inherited_from_town,9,UTTAR PRADESH,162,LUCKNOW,0.0,0.0,0.0,0.0,0.0,0.0,1.0,0.0,0.0,0.0,0.0,0.0,0.0,0.0,0.0,3.0,1.0,0.0,0.0,0.0,0.0,0.0,0.0,0.0,3.0
9,157,820,800947,3,WARD,Mahona (NP) WARD NO.-0003,Urban,146,900,457,443,460,262,198,440,195,245,257,224122,,ward_inherited_from_town,9,UTTAR PRADESH,162,LUCKNOW,0.0,0.0,0.0,0.0,0.0,0.0,0.0,0.0,0.0,0.0,1.0,0.0,0.0,0.0,0.0,0.0,0.0,0.0,0.0,0.0,0.0,0.0,0.0,0.0,1.0
9,157,820,800947,4,WARD,Mahona (NP) WARD NO.-0004,Urban,142,824,419,405,542,287,255,282,132,150,247,224121,,ward_inherited_from_town,9,UTTAR PRADESH,162,LUCKNOW,0.0,0.0,0.0,0.0,1.0,0.0,0.0,0.0,0.0,0.0,1.0,0.0,0.0,0.0,0.0,0.0,0.0,0.0,0.0,0.0,0.0,0.0,0.0,0.0,0.0
9,157,820,800947,5,WARD,Mahona (NP) WARD NO.-0005,Urban,128,772,412,360,384,237,147,388,175,213,214,224120,,ward_inherited_from_town,9,UTTAR PRADESH,162,LUCKNOW,0.0,0.0,0.0,0.0,1.0,0.0,0.0,0.0,0.0,0.0,0.0,0.0,0.0,0.0,0.0,0.0,1.0,0.0,0.0,0.0,0.0,0.0,0.0,0.0,0.0
9,157,820,800947,6,WARD,Mahona (NP) WARD NO.-0006,Urban,157,928,491,437,489,277,212,439,214,225,266,224116,,ward_inherited_from_town,9,UTTAR PRADESH,162,LUCKNOW,0.0,0.0,0.0,0.0,0.0,0.0,0.0,0.0,0.0,0.0,0.0,0.0,0.0,0.0,0.0,0.0,0.0,0.0,0.0,0.0,0.0,1.0,0.0,0.0,0.0
9,157,820,800947,7,WARD,Mahona (NP) WARD NO.-0007,Urban,135,781,443,338,492,309,183,289,134,155,285,224111,,ward_inherited_from_town,9,UTTAR PRADESH,162,LUCKNOW,0.0,0.0,0.0,0.0,0.0,0.0,0.0,0.0,0.0,0.0,0.0,0.0,1.0,0.0,0.0,0.0,0.0,0.0,0.0,0.0,0.0,1.0,0.0,0.0,0.0
9,157,820,800947,8,WARD,Mahona (NP) WARD NO.-0008,Urban,146,910,483,427,482,277,205,428,206,222,300,224024,,ward_inherited_from_town,9,UTTAR PRADESH,162,LUCKNOW,0.0,0.0,0.0,0.0,0.0,0.0,0.0,0.0,0.0,0.0,0.0,0.0,0.0,0.0,0.0,0.0,0.0,0.0,0.0,1.0,0.0,0.0,0.0,0.0,0.0
9,157,820,800947,9,WARD,Mahona (NP) WARD NO.-0009,Urban,143,873,458,415,520,304,216,353,154,199,401,224016,,ward_inherited_from_town,9,UTTAR PRADESH,162,LUCKNOW,0.0,0.0,0.0,0.0,0.0,0.0,0.0,0.0,0.0,1.0,0.0,0.0,0.0,0.0,0.0,0.0,0.0,0.0,0.0,0.0,0.0,0.0,0.0,0.0,0.0
9,157,820,800947,10,WARD,Mahona (NP) WARD NO.-0010,Urban,126,866,460,406,473,251,222,393,209,184,263,224006,,ward_inherited_from_town,9,UTTAR PRADESH,162,LUCKNOW,0.0,0.0,0.0,0.0,0.0,0.0,0.0,0.0,0.0,0.0,1.0,0.0,0.0,0.0,0.0,0.0,0.0,0.0,0.0,0.0,0.0,0.0,0.0,0.0,0.0
9,157,820,800948,0,TOWN,Itaunja (NP),Urban,1246,7305,3962,3343,4546,2600,1946,2759,1362,1397,2342,224004,,town_postal_code,9,UTTAR PRADESH,162,LUCKNOW,0.0,0.0,0.0,0.0,0.0,0.0,0.0,0.0,0.0,1.0,0.0,0.0,1.0,0.0,0.0,0.0,0.0,0.0,0.0,0.0,0.0,0.0,0.0,0.0,0.0
9,157,820,800948,1,WARD,Itaunja (NP) WARD NO.-0001,Urban,158,991,527,464,461,257,204,530,270,260,281,224001,,ward_inherited_from_town,9,UTTAR PRADESH,162,LUCKNOW,0.0,0.0,0.0,0.0,4.0,2.0,0.0,0.0,4.0,2.0,4.0,0.0,2.0,1.0,1.0,0.0,3.0,1.0,0.0,2.0,4.0,4.0,2.0,2.0,13.0
9,157,820,800948,2,WARD,Itaunja (NP) WARD NO.-0002,Urban,117,747,413,334,390,225,165,357,188,169,222,223601,,ward_inherited_from_town,9,UTTAR PRADESH,162,LUCKNOW,0.0,0.0,0.0,0.0,1.0,0.0,0.0,0.0,0.0,0.0,2.0,0.0,0.0,0.0,0.0,0.0,0.0,0.0,0.0,0.0,0.0,0.0,0.0,0.0,0.0
9,157,820,800948,3,WARD,Itaunja (NP) WARD NO.-0003,Urban,122,755,407,348,455,276,179,300,131,169,438,223501,,ward_inherited_from_town,9,UTTAR PRADESH,162,LUCKNOW,0.0,0.0,0.0,0.0,0.0,0.0,0.0,0.0,0.0,0.0,0.0,0.0,0.0,0.0,0.0,0.0,0.0,0.0,0.0,0.0,0.0,0.0,0.0,0.0,1.0
9,157,820,800948,4,WARD,Itaunja (NP) WARD NO.-0004,Urban,117,673,353,320,498,272,226,175,81,94,192,223302,,ward_inherited_from_town,9,UTTAR PRADESH,162,LUCKNOW,0.0,0.0,0.0,0.0,0.0,0.0,0.0,0.0,0.0,0.0,0.0,0.0,0.0,0.0,0.0,0.0,0.0,0.0,0.0,0.0,1.0,0.0,0.0,0.0,0.0
9,157,820,800948,5,WARD,Itaunja (NP) WARD NO.-0005,Urban,117,709,387,322,540,313,227,169,74,95,146,223261,,ward_inherited_from_town,9,UTTAR PRADESH,162,LUCKNOW,0.0,0.0,0.0,0.0,0.0,0.0,0.0,0.0,0.0,1.0,0.0,0.0,0.0,0.0,0.0,0.0,0.0,0.0,0.0,0.0,0.0,0.0,0.0,0.0,0.0
9,157,820,800948,6,WARD,Itaunja (NP) WARD NO.-0006,Urban,124,778,413,365,443,261,182,335,152,183,243,223223,,ward_inherited_from_town,9,UTTAR PRADESH,162,LUCKNOW,0.0,0.0,0.0,0.0,0.0,0.0,0.0,0.0,0.0,0.0,0.0,0.0,0.0,0.0,2.0,0.0,0.0,0.0,0.0,0.0,0.0,0.0,0.0,0.0,0.0
9,157,820,800948,7,WARD,Itaunja (NP) WARD NO.-0007,Urban,114,652,359,293,488,278,210,164,81,83,222,223222,,ward_inherited_from_town,9,UTTAR PRADESH,162,LUCKNOW,0.0,0.0,0.0,0.0,0.0,0.0,0.0,0.0,0.0,0.0,1.0,0.0,0.0,0.0,0.0,0.0,0.0,0.0,0.0,0.0,0.0,0.0,0.0,0.0,0.0
9,157,820,800948,8,WARD,Itaunja (NP) WARD NO.-0008,Urban,135,741,418,323,301,181,120,440,237,203,230,223221,,ward_inherited_from_town,9,UTTAR PRADESH,162,LUCKNOW,0.0,0.0,0.0,0.0,0.0,0.0,0.0,0.0,0.0,0.0,1.0,0.0,0.0,0.0,0.0,0.0,0.0,0.0,0.0,0.0,0.0,0.0,0.0,0.0,0.0
9,157,820,800948,9,WARD,Itaunja (NP) WARD NO.-0009,Urban,124,683,362,321,491,267,224,192,95,97,155,223104,,ward_inherited_from_town,9,UTTAR PRADESH,162,LUCKNOW,0.0,0.0,0.0,0.0,0.0,0.0,0.0,0.0,3.0,0.0,0.0,0.0,0.0,0.0,0.0,0.0,0.0,0.0,0.0,0.0,0.0,0.0,0.0,0.0,1.0
9,157,820,800948,10,WARD,Itaunja (NP) WARD NO.-0010,Urban,118,576,323,253,479,270,209,97,53,44,213,223101,,ward_inherited_from_town,9,UTTAR PRADESH,162,LUCKNOW,0.0,0.0,0.0,0.0,0.0,0.0,0.0,0.0,0.0,0.0,0.0,0.0,0.0,0.0,0.0,0.0,0.0,0.0,0.0,0.0,0.0,0.0,0.0,0.0,1.0
9,157,820,800949,0,TOWN,Bakshi Ka Talab (NP),Urban,8728,49166,25657,23509,31293,18104,13189,17873,7553,10320,14924,223023,,town_postal_code,9,UTTAR PRADESH,162,LUCKNOW,0.0,0.0,0.0,0.0,1.0,0.0,0.0,0.0,0.0,0.0,0.0,0.0,0.0,0.0,0.0,0.0,0.0,0.0,0.0,0.0,0.0,0.0,0.0,0.0,0.0
9,157,820,800949,1,WARD,Bakshi Ka Talab (NP) WARD NO.-0001,Urban,1248,6488,3426,3062,4243,2467,1776,2245,959,1286,2161,223021,,ward_inherited_from_town,9,UTTAR PRADESH,162,LUCKNOW,0.0,0.0,0.0,0.0,0.0,0.0,0.0,0.0,0.0,0.0,0.0,0.0,0.0,0.0,0.0,0.0,0.0,0.0,0.0,0.0,0.0,1.0,0.0,0.0,0.0
9,157,820,800949,2,WARD,Bakshi Ka Talab (NP) WARD NO.-0002,Urban,895,5202,2701,2501,3406,1976,1430,1796,725,1071,1489,223020,,ward_inherited_from_town,9,UTTAR PRADESH,162,LUCKNOW,0.0,0.0,0.0,0.0,1.0,0.0,0.0,0.0,0.0,0.0,0.0,0.0,0.0,0.0,0.0,0.0,0.0,0.0,0.0,0.0,0.0,0.0,0.0,0.0,0.0
9,157,820,800949,3,WARD,Bakshi Ka Talab (NP) WARD NO.-0003,Urban,453,2599,1377,1222,1655,998,657,944,379,565,745,223016,,ward_inherited_from_town,9,UTTAR PRADESH,162,LUCKNOW,0.0,0.0,0.0,0.0,0.0,0.0,0.0,0.0,0.0,0.0,0.0,0.0,0.0,0.0,1.0,0.0,0.0,0.0,0.0,0.0,0.0,0.0,0.0,0.0,1.0
9,157,820,800949,4,WARD,Bakshi Ka Talab (NP) WARD NO.-0004,Urban,738,4001,2081,1920,2523,1464,1059,1478,617,861,1337,223012,,ward_inherited_from_town,9,UTTAR PRADESH,162,LUCKNOW,0.0,0.0,0.0,0.0,0.0,0.0,0.0,0.0,0.0,0.0,0.0,0.0,0.0,0.0,0.0,0.0,0.0,0.0,0.0,0.0,0.0,0.0,0.0,0.0,1.0
9,157,820,800949,5,WARD,Bakshi Ka Talab (NP) WARD NO.-0005,Urban,986,5619,2967,2652,3568,2073,1495,2051,894,1157,1707,223006,,ward_inherited_from_town,9,UTTAR PRADESH,162,LUCKNOW,0.0,0.0,0.0,0.0,0.0,0.0,0.0,0.0,0.0,0.0,1.0,0.0,1.0,0.0,0.0,0.0,0.0,0.0,0.0,0.0,0.0,0.0,0.0,0.0,0.0
9,157,820,800949,6,WARD,Bakshi Ka Talab (NP) WARD NO.-0006,Urban,850,5083,2613,2470,3425,1899,1526,1658,714,944,1576,223003,,ward_inherited_from_town,9,UTTAR PRADESH,162,LUCKNOW,0.0,0.0,0.0,0.0,1.0,0.0,0.0,0.0,0.0,0.0,0.0,0.0,0.0,0.0,0.0,0.0,0.0,0.0,0.0,0.0,0.0,0.0,0.0,0.0,1.0
9,157,820,800949,7,WARD,Bakshi Ka Talab (NP) WARD NO.-0007,Urban,474,2656,1368,1288,1462,852,610,1194,516,678,798,223002,,ward_inherited_from_town,9,UTTAR PRADESH,162,LUCKNOW,0.0,0.0,0.0,0.0,4.0,0.0,0.0,0.0,0.0,0.0,0.0,0.0,0.0,0.0,0.0,0.0,0.0,0.0,0.0,0.0,0.0,0.0,0.0,0.0,0.0
9,157,820,800949,8,WARD,Bakshi Ka Talab (NP) WARD NO.-0008,Urban,262,1691,887,804,1026,620,406,665,267,398,444,222931,,ward_inherited_from_town,9,UTTAR PRADESH,162,LUCKNOW,0.0,0.0,0.0,0.0,0.0,0.0,0.0,0.0,0.0,0.0,0.0,0.0,0.0,0.0,1.0,0.0,0.0,0.0,0.0,0.0,0.0,0.0,0.0,0.0,0.0
9,157,820,800949,9,WARD,Bakshi Ka Talab (NP) WARD NO.-0009,Urban,229,1211,663,548,832,481,351,379,182,197,348,222860,,ward_inherited_from_town,9,UTTAR PRADESH,162,LUCKNOW,0.0,0.0,0.0,0.0,0.0,0.0,0.0,0.0,0.0,0.0,0.0,0.0,1.0,0.0,0.0,0.0,0.0,0.0,0.0,0.0,0.0,0.0,0.0,0.0,0.0
9,157,820,800949,10,WARD,Bakshi Ka Talab (NP) WARD NO.-0010,Urban,239,1330,674,656,650,390,260,680,284,396,416,222715,,ward_inherited_from_town,9,UTTAR PRADESH,162,LUCKNOW,0.0,0.0,0.0,0.0,0.0,0.0,0.0,0.0,0.0,0.0,0.0,0.0,0.0,0.0,0.0,0.0,0.0,0.0,0.0,0.0,0.0,0.0,0.0,0.0,1.0
9,157,820,800949,11,WARD,Bakshi Ka Talab (NP) WARD NO.-0011,Urban,782,4374,2225,2149,2920,1618,1302,1454,607,847,1425,222710,,ward_inherited_from_town,9,UTTAR PRADESH,162,LUCKNOW,0.0,0.0,0.0,0.0,0.0,0.0,0.0,0.0,0.0,0.0,1.0,0.0,0.0,0.0,0.0,0.0,0.0,0.0,0.0,0.0,0.0,0.0,0.0,0.0,0.0
9,157,820,800949,12,WARD,Bakshi Ka Talab (NP) WARD NO.-0012,Urban,143,797,429,368,372,244,128,425,185,240,241,222707,,ward_inherited_from_town,9,UTTAR PRADESH,162,LUCKNOW,0.0,0.0,0.0,0.0,0.0,0.0,0.0,0.0,0.0,0.0,0.0,0.0,0.0,0.0,0.0,0.0,0.0,0.0,0.0,0.0,0.0,0.0,0.0,1.0,0.0
9,157,820,800949,13,WARD,Bakshi Ka Talab (NP) WARD NO.-0013,Urban,133,722,375,347,470,265,205,252,110,142,225,222702,,ward_inherited_from_town,9,UTTAR PRADESH,162,LUCKNOW,0.0,0.0,0.0,0.0,1.0,0.0,0.0,0.0,2.0,0.0,1.0,0.0,0.0,0.0,0.0,0.0,1.0,0.0,0.0,1.0,0.0,0.0,0.0,0.0,0.0
9,157,820,800949,14,WARD,Bakshi Ka Talab (NP) WARD NO.-0014,Urban,188,1106,573,533,730,424,306,376,149,227,302,222650,,ward_inherited_from_town,9,UTTAR PRADESH,162,LUCKNOW,0.0,0.0,0.0,0.0,4.0,0.0,0.0,0.0,0.0,0.0,0.0,0.0,0.0,0.0,0.0,0.0,0.0,0.0,0.0,0.0,0.0,0.0,0.0,0.0,0.0
9,157,820,800949,15,WARD,Bakshi Ka Talab (NP) WARD NO.-0015,Urban,124,716,371,345,496,289,207,220,82,138,186,222630,,ward_inherited_from_town,9,UTTAR PRADESH,162,LUCKNOW,0.0,0.0,0.0,0.0,0.0,0.0,0.0,0.0,0.0,0.0,0.0,0.0,1.0,0.0,0.0,0.0,0.0,0.0,0.0,0.0,0.0,0.0,0.0,0.0,0.0
9,157,820,800949,16,WARD,Bakshi Ka Talab (NP) WARD NO.-0016,Urban,195,1013,532,481,669,385,284,344,147,197,273,222610,,ward_inherited_from_town,9,UTTAR PRADESH,162,LUCKNOW,0.0,0.0,0.0,0.0,0.0,0.0,0.0,0.0,0.0,1.0,0.0,0.0,0.0,0.0,0.0,0.0,0.0,0.0,0.0,0.0,0.0,0.0,0.0,0.0,1.0
9,157,820,800949,17,WARD,Bakshi Ka Talab (NP) WARD NO.-0017,Urban,152,948,500,448,522,309,213,426,191,235,206,222605,,ward_inherited_from_town,9,UTTAR PRADESH,162,LUCKNOW,0.0,0.0,0.0,0.0,0.0,0.0,0.0,0.0,0.0,0.0,0.0,0.0,1.0,0.0,0.0,0.0,0.0,0.0,0.0,0.0,0.0,0.0,0.0,0.0,1.0
9,157,820,800949,18,WARD,Bakshi Ka Talab (NP) WARD NO.-0018,Urban,59,296,157,139,196,113,83,100,44,56,75,222603,,ward_inherited_from_town,9,UTTAR PRADESH,162,LUCKNOW,0.0,0.0,0.0,0.0,0.0,0.0,0.0,0.0,0.0,0.0,1.0,0.0,0.0,0.0,0.0,0.0,3.0,0.0,0.0,0.0,0.0,0.0,0.0,0.0,1.0
9,157,820,800949,19,WARD,Bakshi Ka Talab (NP) WARD NO.-0019,Urban,281,1470,767,703,967,550,417,503,217,286,384,222602,,ward_inherited_from_town,9,UTTAR PRADESH,162,LUCKNOW,0.0,0.0,0.0,0.0,0.0,0.0,0.0,0.0,0.0,0.0,0.0,0.0,0.0,0.0,4.0,0.0,2.0,0.0,0.0,0.0,0.0,1.0,0.0,0.0,1.0
9,157,820,800949,20,WARD,Bakshi Ka Talab (NP) WARD NO.-0020,Urban,92,473,263,210,324,190,134,149,73,76,209,222601,,ward_inherited_from_town,9,UTTAR PRADESH,162,LUCKNOW,0.0,1.0,0.0,0.0,2.0,4.0,0.0,0.0,0.0,1.0,2.0,0.0,0.0,1.0,1.0,0.0,0.0,0.0,0.0,0.0,0.0,0.0,0.0,0.0,4.0
9,157,820,800949,21,WARD,Bakshi Ka Talab (NP) WARD NO.-0021,Urban,69,480,243,237,294,173,121,186,70,116,112,222600,,ward_inherited_from_town,9,UTTAR PRADESH,162,LUCKNOW,0.0,0.0,0.0,0.0,0.0,0.0,0.0,0.0,3.0,0.0,1.0,0.0,1.0,0.0,1.0,0.0,0.0,0.0,0.0,0.0,0.0,1.0,1.0,0.0,2.0
9,157,820,800949,22,WARD,Bakshi Ka Talab (NP) WARD NO.-0022,Urban,123,795,420,375,479,288,191,316,132,184,226,222360,,ward_inherited_from_town,9,UTTAR PRADESH,162,LUCKNOW,0.0,0.0,0.0,1.0,0.0,0.0,0.0,0.0,0.0,0.0,0.0,0.0,0.0,0.0,1.0,0.0,0.0,0.0,0.0,0.0,0.0,0.0,0.0,0.0,0.0
9,157,820,800949,23,WARD,Bakshi Ka Talab (NP) WARD NO.-0023,Urban,13,96,45,51,64,36,28,32,9,23,39,222303,,ward_inherited_from_town,9,UTTAR PRADESH,162,LUCKNOW,0.0,0.0,0.0,0.0,0.0,1.0,0.0,0.0,0.0,0.0,0.0,0.0,0.0,0.0,0.0,0.0,0.0,0.0,0.0,0.0,0.0,0.0,0.0,0.0,0.0
9,157,821,0,0,SUB-DISTRICT,Lucknow,Total,641360,3391208,1765632,1625576,2445079,1336936,1108143,946129,428696,517433,1137786,222302,,subdistrict_hq_postal_code,9,UTTAR PRADESH,162,LUCKNOW,0.0,0.0,0.0,0.0,1.0,0.0,0.0,0.0,0.0,0.0,0.0,0.0,2.0,0.0,0.0,0.0,0.0,0.0,0.0,0.0,0.0,0.0,0.0,0.0,0.0
9,157,821,0,0,SUB-DISTRICT,Lucknow,Rural,83985,468885,246024,222861,288617,168164,120453,180268,77860,102408,153686,222301,,subdistrict_hq_postal_code,9,UTTAR PRADESH,162,LUCKNOW,0.0,0.0,0.0,0.0,0.0,0.0,0.0,0.0,0.0,0.0,0.0,0.0,0.0,0.0,0.0,0.0,0.0,0.0,0.0,0.0,0.0,0.0,0.0,0.0,1.0
9,157,821,0,0,SUB-DISTRICT,Lucknow,Urban,557375,2922323,1519608,1402715,2156462,1168772,987690,765861,350836,415025,984100,222202,,subdistrict_hq_postal_code,9,UTTAR PRADESH,162,LUCKNOW,0.0,0.0,0.0,0.0,0.0,0.0,0.0,0.0,0.0,1.0,0.0,0.0,0.0,0.0,0.0,0.0,0.0,0.0,0.0,0.0,0.0,0.0,0.0,0.0,0.0
9,157,821,143353,0,VILLAGE,Man Mauna,Rural,170,1043,554,489,622,381,241,421,173,248,335,230301,verified_name_population_match,existing_village_mapping,9,UTTAR PRADESH,162,LUCKNOW,0.0,0.0,0.0,0.0,0.0,0.0,0.0,0.0,0.0,0.0,0.0,0.0,1.0,0.0,0.0,0.0,0.0,0.0,0.0,0.0,0.0,0.0,0.0,0.0,1.0
9,157,821,143354,0,VILLAGE,Thavar,Rural,769,4240,2269,1971,2499,1500,999,1741,769,972,1435,230501,verified_name_population_match,existing_village_mapping,9,UTTAR PRADESH,162,LUCKNOW,0.0,0.0,0.0,0.0,0.0,0.0,0.0,0.0,0.0,0.0,0.0,0.0,0.0,0.0,2.0,0.0,0.0,0.0,0.0,0.0,0.0,0.0,0.0,0.0,0.0
9,157,821,143355,0,VILLAGE,Padra Thavar,Rural,136,665,337,328,335,195,140,330,142,188,231,230503,verified_name_population_match,existing_village_mapping,9,UTTAR PRADESH,162,LUCKNOW,0.0,0.0,0.0,0.0,1.0,0.0,0.0,0.0,0.0,0.0,1.0,0.0,1.0,0.0,0.0,0.0,0.0,0.0,0.0,0.0,0.0,0.0,0.0,0.0,0.0
9,157,821,143356,0,VILLAGE,Autrouli,Rural,0,0,0,0,0,0,0,0,0,0,0,222180,tehsil_mode_best_effort,existing_village_mapping,9,UTTAR PRADESH,162,LUCKNOW,0.0,0.0,0.0,0.0,0.0,0.0,0.0,0.0,0.0,1.0,2.0,0.0,0.0,0.0,0.0,0.0,0.0,0.0,0.0,0.0,0.0,0.0,0.0,0.0,0.0
9,157,821,143357,0,VILLAGE,Kusmari,Rural,193,959,509,450,511,319,192,448,190,258,263,222175,tehsil_mode_best_effort,existing_village_mapping,9,UTTAR PRADESH,162,LUCKNOW,0.0,0.0,0.0,0.0,1.0,0.0,0.0,0.0,0.0,0.0,0.0,0.0,0.0,0.0,0.0,0.0,0.0,0.0,0.0,0.0,0.0,0.0,0.0,0.0,0.0
9,157,821,143358,0,VILLAGE,Jagtapur,Rural,124,659,351,308,476,286,190,183,65,118,148,222165,tehsil_mode_best_effort,existing_village_mapping,9,UTTAR PRADESH,162,LUCKNOW,0.0,0.0,0.0,0.0,0.0,0.0,1.0,0.0,0.0,0.0,0.0,0.0,0.0,0.0,0.0,0.0,0.0,0.0,0.0,0.0,0.0,0.0,0.0,0.0,0.0
9,157,821,143359,0,VILLAGE,Allupur,Rural,94,492,266,226,280,168,112,212,98,114,197,222162,tehsil_mode_best_effort,existing_village_mapping,9,UTTAR PRADESH,162,LUCKNOW,0.0,0.0,0.0,0.0,0.0,0.0,0.0,0.0,0.0,0.0,1.0,0.0,0.0,0.0,0.0,0.0,0.0,0.0,0.0,0.0,0.0,0.0,0.0,0.0,0.0
9,157,821,143360,0,VILLAGE,Sirsa Mau,Rural,434,2317,1233,1084,1173,739,434,1144,494,650,784,222161,tehsil_mode_best_effort,existing_village_mapping,9,UTTAR PRADESH,162,LUCKNOW,0.0,0.0,0.0,0.0,1.0,0.0,0.0,0.0,0.0,0.0,0.0,0.0,0.0,0.0,0.0,0.0,0.0,0.0,0.0,0.0,0.0,0.0,0.0,0.0,0.0
9,157,821,143361,0,VILLAGE,Raniya Mau,Rural,146,839,433,406,507,286,221,332,147,185,260,222160,tehsil_mode_best_effort,existing_village_mapping,9,UTTAR PRADESH,162,LUCKNOW,0.0,0.0,0.0,0.0,0.0,0.0,1.0,0.0,0.0,0.0,0.0,0.0,1.0,0.0,0.0,0.0,0.0,0.0,0.0,0.0,0.0,0.0,0.0,0.0,0.0
9,157,821,143362,0,VILLAGE,Godramau,Rural,503,2992,1589,1403,1578,927,651,1414,662,752,1000,222142,tehsil_mode_best_effort,existing_village_mapping,9,UTTAR PRADESH,162,LUCKNOW,0.0,0.0,0.0,0.0,0.0,0.0,0.0,0.0,0.0,1.0,1.0,0.0,0.0,0.0,0.0,0.0,0.0,0.0,0.0,0.0,0.0,0.0,0.0,0.0,0.0
9,157,821,143363,0,VILLAGE,Bighapur,Rural,166,790,418,372,400,239,161,390,179,211,224,222141,tehsil_mode_best_effort,existing_village_mapping,9,UTTAR PRADESH,162,LUCKNOW,0.0,0.0,0.0,0.0,0.0,0.0,0.0,0.0,0.0,0.0,0.0,0.0,0.0,0.0,1.0,0.0,0.0,0.0,0.0,0.0,0.0,0.0,0.0,0.0,0.0
9,157,821,143364,0,VILLAGE,Sarsanda,Rural,316,1523,798,725,884,545,339,639,253,386,878,222139,tehsil_mode_best_effort,existing_village_mapping,9,UTTAR PRADESH,162,LUCKNOW,0.0,0.0,0.0,0.0,0.0,0.0,0.0,0.0,0.0,0.0,0.0,0.0,0.0,0.0,0.0,0.0,0.0,0.0,0.0,1.0,0.0,0.0,0.0,0.0,0.0
9,157,821,143365,0,VILLAGE,Banshigarhi,Rural,311,1499,792,707,799,462,337,700,330,370,414,222136,tehsil_mode_best_effort,existing_village_mapping,9,UTTAR PRADESH,162,LUCKNOW,0.0,0.0,0.0,0.0,0.0,0.0,1.0,0.0,0.0,0.0,0.0,0.0,0.0,0.0,0.0,0.0,0.0,0.0,0.0,0.0,0.0,0.0,0.0,0.0,0.0
9,157,821,143366,0,VILLAGE,Kakrabad,Rural,436,2442,1307,1135,1397,842,555,1045,465,580,993,222135,tehsil_mode_best_effort,existing_village_mapping,9,UTTAR PRADESH,162,LUCKNOW,0.0,0.0,0.0,0.0,0.0,0.0,0.0,0.0,0.0,0.0,0.0,0.0,0.0,0.0,0.0,0.0,0.0,0.0,0.0,0.0,0.0,0.0,0.0,0.0,1.0
9,157,821,143367,0,VILLAGE,Jehta,Rural,1038,5774,3069,2705,3034,1788,1246,2740,1281,1459,2660,222133,tehsil_mode_best_effort,existing_village_mapping,9,UTTAR PRADESH,162,LUCKNOW,0.0,0.0,0.0,0.0,0.0,0.0,0.0,0.0,2.0,1.0,1.0,0.0,0.0,0.0,0.0,0.0,0.0,0.0,0.0,0.0,0.0,0.0,0.0,0.0,0.0
9,157,821,143368,0,VILLAGE,Saitha,Rural,459,2505,1327,1178,1424,843,581,1081,484,597,767,222125,tehsil_mode_best_effort,existing_village_mapping,9,UTTAR PRADESH,162,LUCKNOW,0.0,0.0,0.0,0.0,0.0,0.0,0.0,0.0,0.0,0.0,0.0,0.0,0.0,0.0,0.0,0.0,0.0,0.0,0.0,0.0,0.0,0.0,2.0,0.0,0.0
9,157,821,143369,0,VILLAGE,Maura,Rural,468,2806,1446,1360,1539,895,644,1267,551,716,762,222109,tehsil_mode_best_effort,existing_village_mapping,9,UTTAR PRADESH,162,LUCKNOW,0.0,0.0,0.0,0.0,0.0,0.0,0.0,0.0,0.0,0.0,0.0,0.0,0.0,0.0,1.0,0.0,0.0,0.0,0.0,0.0,0.0,0.0,0.0,0.0,0.0
9,157,821,143370,0,VILLAGE,Saraipremraj,Rural,306,2012,1066,946,1293,757,536,719,309,410,687,222060,tehsil_mode_best_effort,existing_village_mapping,9,UTTAR PRADESH,162,LUCKNOW,0.0,0.0,0.0,0.0,0.0,0.0,0.0,0.0,0.0,0.0,1.0,0.0,0.0,0.0,0.0,0.0,0.0,0.0,0.0,0.0,0.0,0.0,0.0,0.0,0.0
9,157,821,143371,0,VILLAGE,Lalnagar,Rural,153,971,503,468,496,278,218,475,225,250,467,222020,tehsil_mode_best_effort,existing_village_mapping,9,UTTAR PRADESH,162,LUCKNOW,0.0,0.0,0.0,0.0,0.0,1.0,0.0,0.0,0.0,0.0,0.0,0.0,0.0,0.0,0.0,0.0,0.0,0.0,0.0,0.0,0.0,0.0,0.0,0.0,0.0
9,157,821,143372,0,VILLAGE,Sikrauri,Rural,982,6038,3167,2871,3518,1959,1559,2520,1208,1312,1918,222018,tehsil_mode_best_effort,existing_village_mapping,9,UTTAR PRADESH,162,LUCKNOW,0.0,0.0,0.0,0.0,0.0,0.0,2.0,0.0,0.0,1.0,0.0,0.0,0.0,0.0,0.0,0.0,0.0,0.0,0.0,0.0,0.0,0.0,0.0,0.0,0.0
9,157,821,143373,0,VILLAGE,Dashaari,Rural,255,1422,754,668,688,413,275,734,341,393,495,222012,tehsil_mode_best_effort,existing_village_mapping,9,UTTAR PRADESH,162,LUCKNOW,0.0,0.0,0.0,0.0,0.0,0.0,0.0,0.0,0.0,0.0,0.0,0.0,0.0,0.0,0.0,0.0,0.0,0.0,0.0,0.0,0.0,0.0,0.0,0.0,1.0
9,157,821,143374,0,VILLAGE,Muhinuddin Pur,Rural,145,798,416,382,472,292,180,326,124,202,341,222006,tehsil_mode_best_effort,existing_village_mapping,9,UTTAR PRADESH,162,LUCKNOW,0.0,0.0,0.0,0.0,0.0,0.0,0.0,0.0,0.0,0.0,0.0,0.0,0.0,0.0,0.0,0.0,0.0,0.0,0.0,0.0,0.0,0.0,0.0,0.0,1.0
9,157,821,143375,0,VILLAGE,Chakdadanpur,Rural,59,333,181,152,124,71,53,209,110,99,174,222002,tehsil_mode_best_effort,existing_village_mapping,9,UTTAR PRADESH,162,LUCKNOW,0.0,0.0,0.0,0.0,0.0,0.0,0.0,0.0,0.0,0.0,0.0,0.0,0.0,0.0,0.0,0.0,0.0,0.0,0.0,1.0,1.0,0.0,0.0,0.0,2.0
9,157,821,143376,0,VILLAGE,Saidpur Gaheri,Rural,390,2089,1096,993,1206,722,484,883,374,509,545,222001,tehsil_mode_best_effort,existing_village_mapping,9,UTTAR PRADESH,162,LUCKNOW,0.0,0.0,0.0,0.0,0.0,0.0,0.0,0.0,1.0,0.0,1.0,0.0,0.0,0.0,1.0,0.0,0.0,1.0,0.0,0.0,0.0,0.0,0.0,0.0,2.0
9,157,821,143377,0,VILLAGE,Paliya,Rural,179,1168,604,564,564,306,258,604,298,306,358,231001,verified_name_population_match,existing_village_mapping,9,UTTAR PRADESH,162,LUCKNOW,0.0,0.0,0.0,0.0,0.0,0.0,0.0,0.0,2.0,0.0,0.0,0.0,0.0,0.0,0.0,0.0,0.0,0.0,0.0,0.0,0.0,1.0,1.0,0.0,1.0
9,157,821,143378,0,VILLAGE,Bithona,Rural,151,796,412,384,497,306,191,299,106,193,350,221760,tehsil_mode_best_effort,existing_village_mapping,9,UTTAR PRADESH,162,LUCKNOW,0.0,0.0,0.0,0.0,0.0,0.0,0.0,0.0,0.0,0.0,0.0,0.0,0.0,0.0,0.0,0.0,0.0,1.0,0.0,0.0,0.0,0.0,0.0,0.0,0.0
9,157,821,143379,0,VILLAGE,Muzaffar Pur,Rural,219,1196,621,575,690,419,271,506,202,304,524,221717,tehsil_mode_best_effort,existing_village_mapping,9,UTTAR PRADESH,162,LUCKNOW,0.0,1.0,0.0,0.0,0.0,0.0,0.0,0.0,0.0,0.0,0.0,0.0,0.0,0.0,0.0,0.0,0.0,0.0,0.0,0.0,0.0,0.0,0.0,0.0,0.0
9,157,821,143380,0,VILLAGE,Raipur,Rural,144,898,455,443,530,308,222,368,147,221,231,221716,tehsil_mode_best_effort,existing_village_mapping,9,UTTAR PRADESH,162,LUCKNOW,0.0,0.0,0.0,0.0,0.0,0.0,0.0,0.0,0.0,0.0,0.0,0.0,0.0,0.0,0.0,0.0,0.0,1.0,0.0,0.0,0.0,0.0,0.0,0.0,0.0
9,157,821,143381,0,VILLAGE,Salempur,Rural,1130,5992,3127,2865,3512,2029,1483,2480,1098,1382,1859,221715,tehsil_mode_best_effort,existing_village_mapping,9,UTTAR PRADESH,162,LUCKNOW,0.0,0.0,0.0,0.0,0.0,0.0,2.0,0.0,0.0,0.0,1.0,0.0,0.0,0.0,1.0,0.0,0.0,0.0,0.0,0.0,0.0,0.0,0.0,0.0,1.0
9,157,821,143382,0,VILLAGE,Mahipatmau,Rural,758,5722,2839,2883,3886,2002,1884,1836,837,999,1301,221711,tehsil_mode_best_effort,existing_village_mapping,9,UTTAR PRADESH,162,LUCKNOW,0.0,0.0,0.0,0.0,0.0,0.0,1.0,0.0,0.0,0.0,0.0,0.0,0.0,0.0,0.0,0.0,0.0,0.0,0.0,0.0,0.0,0.0,0.0,0.0,1.0
9,157,821,143383,0,VILLAGE,Kushmora Dhaluapur,Rural,527,3000,1575,1425,1768,1073,695,1232,502,730,963,221707,tehsil_mode_best_effort,existing_village_mapping,9,UTTAR PRADESH,162,LUCKNOW,0.0,0.0,0.0,1.0,0.0,0.0,0.0,0.0,0.0,0.0,0.0,0.0,2.0,0.0,0.0,0.0,0.0,0.0,0.0,0.0,0.0,0.0,0.0,0.0,0.0
9,157,821,143384,0,VILLAGE,Amethiasalempur,Rural,1160,6618,3416,3202,3980,2232,1748,2638,1184,1454,1983,221706,tehsil_mode_best_effort,existing_village_mapping,9,UTTAR PRADESH,162,LUCKNOW,0.0,0.0,0.0,0.0,0.0,0.0,0.0,0.0,0.0,0.0,0.0,0.0,0.0,0.0,1.0,0.0,0.0,0.0,0.0,0.0,0.0,0.0,0.0,0.0,0.0
9,157,821,143385,0,VILLAGE,Pahiaajampur,Rural,302,1844,929,915,1373,745,628,471,184,287,729,221705,tehsil_mode_best_effort,existing_village_mapping,9,UTTAR PRADESH,162,LUCKNOW,0.0,0.0,0.0,0.0,1.0,0.0,0.0,0.0,0.0,0.0,0.0,0.0,0.0,0.0,0.0,0.0,0.0,0.0,0.0,0.0,0.0,0.0,0.0,0.0,0.0
9,157,821,143386,0,VILLAGE,Kakori,Rural,473,2459,1292,1167,1427,852,575,1032,440,592,902,221701,tehsil_mode_best_effort,existing_village_mapping,9,UTTAR PRADESH,162,LUCKNOW,0.0,0.0,0.0,0.0,1.0,0.0,0.0,0.0,0.0,0.0,0.0,0.0,0.0,0.0,0.0,0.0,0.0,0.0,0.0,0.0,0.0,0.0,0.0,0.0,0.0
9,157,821,143387,0,VILLAGE,Birahu,Rural,205,977,498,479,606,359,247,371,139,232,548,221680,tehsil_mode_best_effort,existing_village_mapping,9,UTTAR PRADESH,162,LUCKNOW,0.0,0.0,0.0,0.0,0.0,0.0,0.0,0.0,0.0,0.0,0.0,0.0,0.0,0.0,0.0,0.0,0.0,0.0,0.0,0.0,1.0,0.0,0.0,0.0,0.0
9,157,821,143388,0,VILLAGE,Dashdoi,Rural,425,2270,1227,1043,1296,810,486,974,417,557,647,221618,tehsil_mode_best_effort,existing_village_mapping,9,UTTAR PRADESH,162,LUCKNOW,0.0,0.0,0.0,0.0,0.0,0.0,0.0,0.0,0.0,2.0,1.0,0.0,0.0,0.0,0.0,0.0,0.0,0.0,0.0,0.0,1.0,0.0,0.0,0.0,1.0
9,157,821,143389,0,VILLAGE,Gohra Mau,Rural,285,1481,791,690,929,573,356,552,218,334,406,221602,tehsil_mode_best_effort,existing_village_mapping,9,UTTAR PRADESH,162,LUCKNOW,0.0,0.0,0.0,0.0,1.0,0.0,0.0,0.0,0.0,0.0,0.0,0.0,0.0,0.0,0.0,0.0,0.0,0.0,0.0,0.0,0.0,0.0,0.0,0.0,1.0
9,157,821,143390,0,VILLAGE,Karjhan,Rural,212,1220,640,580,828,488,340,392,152,240,349,221601,tehsil_mode_best_effort,existing_village_mapping,9,UTTAR PRADESH,162,LUCKNOW,0.0,0.0,0.0,0.0,0.0,0.0,0.0,0.0,0.0,0.0,0.0,0.0,0.0,0.0,0.0,0.0,0.0,0.0,0.0,0.0,0.0,1.0,0.0,0.0,0.0
9,157,821,143391,0,VILLAGE,Chiloki,Rural,119,638,341,297,345,211,134,293,130,163,382,221508,tehsil_mode_best_effort,existing_village_mapping,9,UTTAR PRADESH,162,LUCKNOW,0.0,0.0,0.0,0.0,1.0,0.0,0.0,0.0,0.0,1.0,0.0,0.0,0.0,0.0,1.0,0.0,0.0,0.0,0.0,0.0,0.0,0.0,0.0,0.0,0.0
9,157,821,143392,0,VILLAGE,Mubarakpur,Rural,99,598,324,274,293,173,120,305,151,154,299,221507,tehsil_mode_best_effort,existing_village_mapping,9,UTTAR PRADESH,162,LUCKNOW,0.0,0.0,0.0,0.0,0.0,0.0,0.0,0.0,0.0,0.0,0.0,0.0,0.0,0.0,1.0,0.0,0.0,0.0,0.0,0.0,0.0,0.0,0.0,0.0,0.0
9,157,821,143393,0,VILLAGE,Chakperva,Rural,99,577,331,246,341,209,132,236,122,114,176,221503,tehsil_mode_best_effort,existing_village_mapping,9,UTTAR PRADESH,162,LUCKNOW,0.0,0.0,0.0,0.0,0.0,0.0,0.0,0.0,1.0,0.0,0.0,0.0,0.0,0.0,0.0,0.0,1.0,0.0,0.0,0.0,0.0,2.0,0.0,0.0,0.0
9,157,821,143394,0,VILLAGE,Karimabad,Rural,243,1421,766,655,765,462,303,656,304,352,555,221502,tehsil_mode_best_effort,existing_village_mapping,9,UTTAR PRADESH,162,LUCKNOW,0.0,0.0,0.0,0.0,0.0,0.0,0.0,0.0,0.0,0.0,0.0,0.0,1.0,0.0,0.0,0.0,0.0,0.0,0.0,0.0,0.0,0.0,0.0,0.0,1.0
9,157,821,143395,0,VILLAGE,Baragoan,Rural,536,3084,1642,1442,1857,1085,772,1227,557,670,974,221489,tehsil_mode_best_effort,existing_village_mapping,9,UTTAR PRADESH,162,LUCKNOW,0.0,0.0,0.0,0.0,0.0,0.0,0.0,0.0,0.0,0.0,0.0,0.0,0.0,0.0,0.0,0.0,1.0,0.0,0.0,0.0,0.0,0.0,0.0,0.0,0.0
9,157,821,143396,0,VILLAGE,Mahtava,Rural,157,834,422,412,440,257,183,394,165,229,313,221406,tehsil_mode_best_effort,existing_village_mapping,9,UTTAR PRADESH,162,LUCKNOW,0.0,0.0,0.0,0.0,0.0,0.0,0.0,0.0,1.0,0.0,0.0,0.0,0.0,0.0,0.0,0.0,0.0,0.0,0.0,0.0,0.0,0.0,0.0,0.0,0.0
9,157,821,143397,0,VILLAGE,Gvalpur,Rural,90,531,279,252,280,164,116,251,115,136,170,221405,tehsil_mode_best_effort,existing_village_mapping,9,UTTAR PRADESH,162,LUCKNOW,2.0,0.0,0.0,0.0,0.0,0.0,0.0,0.0,0.0,2.0,1.0,0.0,0.0,0.0,0.0,0.0,0.0,0.0,0.0,0.0,0.0,0.0,0.0,0.0,0.0
9,157,821,143398,0,VILLAGE,Shahpur,Rural,371,1969,1003,966,1150,672,478,819,331,488,456,221404,tehsil_mode_best_effort,existing_village_mapping,9,UTTAR PRADESH,162,LUCKNOW,0.0,0.0,0.0,0.0,0.0,0.0,0.0,0.0,0.0,0.0,0.0,0.0,0.0,0.0,0.0,1.0,0.0,0.0,0.0,1.0,0.0,0.0,0.0,0.0,1.0
9,157,821,143399,0,VILLAGE,Bhatau Jamalpur,Rural,297,1784,934,850,1171,688,483,613,246,367,497,221309,tehsil_mode_best_effort,existing_village_mapping,9,UTTAR PRADESH,162,LUCKNOW,0.0,0.0,0.0,0.0,0.0,0.0,0.0,0.0,0.0,0.0,0.0,0.0,0.0,0.0,0.0,0.0,1.0,0.0,0.0,0.0,0.0,0.0,0.0,0.0,0.0
9,157,821,143400,0,VILLAGE,Kusmi,Rural,163,858,460,398,525,322,203,333,138,195,266,221308,tehsil_mode_best_effort,existing_village_mapping,9,UTTAR PRADESH,162,LUCKNOW,0.0,0.0,0.0,0.0,0.0,0.0,0.0,0.0,0.0,0.0,0.0,0.0,0.0,0.0,1.0,0.0,0.0,0.0,0.0,0.0,0.0,0.0,0.0,0.0,0.0
9,157,821,143401,0,VILLAGE,Bhaliya,Rural,476,2550,1336,1214,1680,978,702,870,358,512,826,221306,tehsil_mode_best_effort,existing_village_mapping,9,UTTAR PRADESH,162,LUCKNOW,0.0,0.0,0.0,0.0,3.0,0.0,0.0,0.0,0.0,0.0,0.0,0.0,0.0,0.0,0.0,0.0,0.0,0.0,0.0,0.0,0.0,0.0,0.0,0.0,0.0
9,157,821,143402,0,VILLAGE,Adampur Indwara,Rural,78,484,252,232,304,172,132,180,80,100,215,221305,tehsil_mode_best_effort,existing_village_mapping,9,UTTAR PRADESH,162,LUCKNOW,0.0,0.0,0.0,0.0,0.0,0.0,0.0,0.0,0.0,0.0,0.0,0.0,1.0,0.0,0.0,0.0,0.0,0.0,0.0,0.0,0.0,0.0,0.0,0.0,2.0
9,157,821,143403,0,VILLAGE,Gahalwara,Rural,166,1020,527,493,435,280,155,585,247,338,829,221304,tehsil_mode_best_effort,existing_village_mapping,9,UTTAR PRADESH,162,LUCKNOW,0.0,0.0,0.0,0.0,0.0,0.0,0.0,0.0,0.0,0.0,1.0,0.0,1.0,0.0,0.0,0.0,0.0,0.0,0.0,0.0,0.0,0.0,0.0,0.0,1.0
9,157,821,143404,0,VILLAGE,Dona,Rural,729,4180,2186,1994,2250,1302,948,1930,884,1046,1393,221303,tehsil_mode_best_effort,existing_village_mapping,9,UTTAR PRADESH,162,LUCKNOW,0.0,0.0,0.0,0.0,0.0,0.0,0.0,0.0,0.0,0.0,0.0,0.0,0.0,0.0,1.0,0.0,0.0,0.0,0.0,0.0,0.0,0.0,0.0,0.0,0.0
9,157,821,143405,0,VILLAGE,Naktora,Rural,86,414,210,204,212,116,96,202,94,108,176,221171,tehsil_mode_best_effort,existing_village_mapping,9,UTTAR PRADESH,162,LUCKNOW,0.0,0.0,0.0,0.0,1.0,0.0,0.0,0.0,0.0,0.0,0.0,0.0,0.0,0.0,0.0,0.0,0.0,0.0,0.0,0.0,0.0,0.0,0.0,0.0,0.0
9,157,821,143406,0,VILLAGE,Jaliyamau,Rural,432,2398,1270,1128,1150,702,448,1248,568,680,778,221131,tehsil_mode_best_effort,existing_village_mapping,9,UTTAR PRADESH,162,LUCKNOW,0.0,0.0,0.0,0.0,0.0,0.0,0.0,0.0,0.0,0.0,0.0,0.0,0.0,0.0,0.0,0.0,0.0,0.0,0.0,0.0,1.0,0.0,0.0,0.0,0.0
9,157,821,143407,0,VILLAGE,Ajmatnagar,Rural,65,352,189,163,213,128,85,139,61,78,110,221126,tehsil_mode_best_effort,existing_village_mapping,9,UTTAR PRADESH,162,LUCKNOW,0.0,0.0,0.0,0.0,1.0,0.0,0.0,0.0,0.0,0.0,0.0,0.0,0.0,0.0,0.0,0.0,0.0,0.0,0.0,0.0,0.0,0.0,0.0,0.0,0.0
9,157,821,143408,0,VILLAGE,Mahmoodpur,Rural,43,214,100,114,162,84,78,52,16,36,64,221107,tehsil_mode_best_effort,existing_village_mapping,9,UTTAR PRADESH,162,LUCKNOW,1.0,0.0,0.0,0.0,1.0,1.0,0.0,0.0,0.0,0.0,1.0,0.0,0.0,0.0,0.0,0.0,0.0,0.0,0.0,0.0,0.0,0.0,0.0,0.0,0.0
9,157,821,143409,0,VILLAGE,Goshalalpur,Rural,360,2000,1064,936,1034,630,404,966,434,532,585,221062,tehsil_mode_best_effort,existing_village_mapping,9,UTTAR PRADESH,162,LUCKNOW,0.0,0.0,0.0,0.0,0.0,0.0,0.0,0.0,0.0,0.0,0.0,0.0,0.0,0.0,0.0,0.0,0.0,0.0,0.0,0.0,0.0,0.0,0.0,0.0,1.0
9,157,821,143410,0,VILLAGE,Dariyapur,Rural,76,463,259,204,326,192,134,137,67,70,174,221060,tehsil_mode_best_effort,existing_village_mapping,9,UTTAR PRADESH,162,LUCKNOW,0.0,0.0,0.0,0.0,0.0,0.0,0.0,0.0,2.0,0.0,1.0,0.0,1.0,0.0,0.0,0.0,0.0,0.0,1.0,0.0,0.0,1.0,0.0,0.0,2.0
9,157,821,143411,0,VILLAGE,Saiphalpur,Rural,159,933,502,431,636,364,272,297,138,159,296,221029,tehsil_mode_best_effort,existing_village_mapping,9,UTTAR PRADESH,162,LUCKNOW,0.0,0.0,0.0,0.0,0.0,0.0,0.0,0.0,0.0,0.0,0.0,0.0,0.0,0.0,0.0,0.0,0.0,1.0,0.0,0.0,0.0,0.0,0.0,0.0,0.0
9,157,821,143412,0,VILLAGE,Soodi,Rural,23,118,58,60,34,16,18,84,42,42,33,221026,tehsil_mode_best_effort,existing_village_mapping,9,UTTAR PRADESH,162,LUCKNOW,0.0,0.0,0.0,0.0,0.0,0.0,0.0,0.0,0.0,0.0,0.0,0.0,1.0,0.0,0.0,0.0,0.0,0.0,1.0,0.0,0.0,0.0,0.0,0.0,0.0
9,157,821,143413,0,VILLAGE,Sherpurmau,Rural,228,1286,689,597,781,499,282,505,190,315,402,221020,tehsil_mode_best_effort,existing_village_mapping,9,UTTAR PRADESH,162,LUCKNOW,0.0,0.0,0.0,0.0,0.0,0.0,0.0,0.0,0.0,0.0,0.0,0.0,0.0,0.0,0.0,0.0,0.0,0.0,0.0,0.0,1.0,0.0,0.0,0.0,0.0
9,157,821,143414,0,VILLAGE,Sarai Alipur,Rural,189,1070,548,522,579,350,229,491,198,293,654,221017,tehsil_mode_best_effort,existing_village_mapping,9,UTTAR PRADESH,162,LUCKNOW,0.0,0.0,0.0,0.0,0.0,0.0,0.0,0.0,0.0,0.0,0.0,0.0,1.0,0.0,0.0,1.0,0.0,0.0,0.0,0.0,0.0,0.0,0.0,0.0,0.0
9,157,821,143415,0,VILLAGE,Basrela,Rural,285,1535,823,712,882,537,345,653,286,367,472,221016,tehsil_mode_best_effort,existing_village_mapping,9,UTTAR PRADESH,162,LUCKNOW,0.0,1.0,0.0,0.0,0.0,0.0,0.0,0.0,0.0,1.0,0.0,0.0,0.0,0.0,0.0,0.0,0.0,0.0,0.0,0.0,0.0,0.0,0.0,0.0,2.0
9,157,821,143416,0,VILLAGE,Khanpur Mau,Rural,124,764,393,371,492,290,202,272,103,169,191,221013,tehsil_mode_best_effort,existing_village_mapping,9,UTTAR PRADESH,162,LUCKNOW,0.0,0.0,0.0,0.0,0.0,0.0,0.0,0.0,0.0,0.0,0.0,0.0,0.0,0.0,1.0,0.0,0.0,0.0,0.0,0.0,0.0,0.0,0.0,0.0,0.0
9,157,821,143417,0,VILLAGE,Behru,Rural,678,3991,2147,1844,2324,1403,921,1667,744,923,1269,221012,tehsil_mode_best_effort,existing_village_mapping,9,UTTAR PRADESH,162,LUCKNOW,0.0,0.0,0.0,0.0,0.0,0.0,0.0,0.0,0.0,0.0,0.0,0.0,0.0,0.0,0.0,0.0,0.0,0.0,0.0,0.0,0.0,0.0,0.0,0.0,1.0
9,157,821,143418,0,VILLAGE,Revari,Rural,164,908,487,421,518,318,200,390,169,221,280,221010,tehsil_mode_best_effort,existing_village_mapping,9,UTTAR PRADESH,162,LUCKNOW,0.0,0.0,0.0,0.0,1.0,1.0,0.0,0.0,0.0,2.0,1.0,0.0,0.0,0.0,0.0,0.0,0.0,0.0,0.0,0.0,0.0,0.0,0.0,0.0,0.0
9,157,821,143419,0,VILLAGE,Kathigera,Rural,316,1590,854,736,973,589,384,617,265,352,566,221007,tehsil_mode_best_effort,existing_village_mapping,9,UTTAR PRADESH,162,LUCKNOW,0.0,0.0,0.0,0.0,0.0,0.0,0.0,0.0,0.0,0.0,0.0,0.0,0.0,0.0,0.0,0.0,0.0,0.0,0.0,0.0,1.0,0.0,0.0,0.0,0.0
9,157,821,143420,0,VILLAGE,Belwa,Rural,136,772,407,365,364,217,147,408,190,218,190,221005,tehsil_mode_best_effort,existing_village_mapping,9,UTTAR PRADESH,162,LUCKNOW,0.0,0.0,0.0,0.0,0.0,0.0,0.0,0.0,0.0,0.0,0.0,0.0,0.0,0.0,0.0,0.0,0.0,0.0,0.0,0.0,0.0,0.0,0.0,0.0,1.0
9,157,821,143421,0,VILLAGE,Sakra,Rural,550,2858,1530,1328,1732,1041,691,1126,489,637,877,221003,tehsil_mode_best_effort,existing_village_mapping,9,UTTAR PRADESH,162,LUCKNOW,0.0,2.0,0.0,0.0,0.0,0.0,0.0,0.0,0.0,0.0,0.0,0.0,0.0,0.0,0.0,0.0,0.0,0.0,0.0,0.0,0.0,0.0,0.0,0.0,0.0
9,157,821,143422,0,VILLAGE,Tej Krishna Khera,Rural,271,1392,738,654,671,401,270,721,337,384,504,221002,tehsil_mode_best_effort,existing_village_mapping,9,UTTAR PRADESH,162,LUCKNOW,0.0,1.0,0.0,1.0,9.0,0.0,2.0,0.0,5.0,2.0,3.0,0.0,1.0,0.0,1.0,0.0,3.0,2.0,1.0,0.0,0.0,0.0,3.0,0.0,7.0
9,157,821,143423,0,VILLAGE,Ibrahim Ganj,Rural,209,1110,608,502,515,319,196,595,289,306,376,221001,tehsil_mode_best_effort,existing_village_mapping,9,UTTAR PRADESH,162,LUCKNOW,0.0,0.0,0.0,0.0,0.0,0.0,0.0,0.0,5.0,1.0,1.0,0.0,0.0,0.0,0.0,0.0,1.0,0.0,0.0,0.0,0.0,1.0,4.0,0.0,1.0
9,157,821,143424,0,VILLAGE,Madarpur,Rural,144,762,420,342,379,226,153,383,194,189,293,220816,tehsil_mode_best_effort,existing_village_mapping,9,UTTAR PRADESH,162,LUCKNOW,0.0,0.0,0.0,0.0,0.0,0.0,0.0,0.0,0.0,0.0,0.0,0.0,0.0,0.0,0.0,0.0,0.0,0.0,0.0,0.0,0.0,0.0,0.0,0.0,1.0
9,157,821,143425,0,VILLAGE,Saraimuhib,Rural,11,41,23,18,26,16,10,15,7,8,21,220812,tehsil_mode_best_effort,existing_village_mapping,9,UTTAR PRADESH,162,LUCKNOW,0.0,0.0,0.0,0.0,0.0,0.0,0.0,0.0,0.0,0.0,0.0,0.0,3.0,0.0,0.0,0.0,0.0,0.0,0.0,0.0,0.0,0.0,0.0,0.0,3.0
9,157,821,143426,0,VILLAGE,Puraina,Rural,274,1447,754,693,795,484,311,652,270,382,617,231208,tehsil_mode_best_effort,existing_village_mapping,9,UTTAR PRADESH,162,LUCKNOW,0.0,0.0,0.0,0.0,0.0,0.0,0.0,0.0,0.0,0.0,0.0,0.0,0.0,0.0,0.0,0.0,0.0,1.0,0.0,0.0,0.0,0.0,0.0,0.0,0.0
9,157,821,143427,0,VILLAGE,Kuda Eat Gaon,Rural,506,2811,1495,1316,1607,940,667,1204,555,649,813,231213,verified_name_population_match,existing_village_mapping,9,UTTAR PRADESH,162,LUCKNOW,0.0,0.0,0.0,0.0,0.0,0.0,0.0,0.0,0.0,0.0,1.0,0.0,0.0,0.0,0.0,0.0,0.0,0.0,0.0,0.0,0.0,0.0,0.0,0.0,0.0
9,157,821,143428,0,VILLAGE,Barkatabad Jahangirabad,Rural,351,1939,1025,914,1230,724,506,709,301,408,525,231215,verified_name_population_match,existing_village_mapping,9,UTTAR PRADESH,162,LUCKNOW,0.0,0.0,0.0,0.0,0.0,0.0,0.0,0.0,6.0,0.0,0.0,0.0,0.0,0.0,0.0,0.0,0.0,0.0,0.0,0.0,0.0,0.0,0.0,0.0,0.0
9,157,821,143429,0,VILLAGE,Shivari,Rural,479,2710,1477,1233,1197,764,433,1513,713,800,728,231216,tehsil_mode_best_effort,existing_village_mapping,9,UTTAR PRADESH,162,LUCKNOW,0.0,0.0,0.0,0.0,0.0,0.0,0.0,0.0,0.0,0.0,0.0,0.0,0.0,0.0,1.0,0.0,0.0,0.0,0.0,0.0,0.0,0.0,0.0,0.0,1.0
9,157,821,143430,0,VILLAGE,Hardoiyalal Nagar,Rural,334,1870,994,876,1168,684,484,702,310,392,573,231219,tehsil_mode_best_effort,existing_village_mapping,9,UTTAR PRADESH,162,LUCKNOW,0.0,0.0,0.0,0.0,0.0,0.0,0.0,0.0,0.0,0.0,0.0,0.0,0.0,0.0,1.0,0.0,0.0,0.0,0.0,0.0,0.0,0.0,1.0,0.0,0.0
9,157,821,143431,0,VILLAGE,Tendava,Rural,125,826,410,416,505,285,220,321,125,196,293,231223,tehsil_mode_best_effort,existing_village_mapping,9,UTTAR PRADESH,162,LUCKNOW,0.0,0.0,0.0,0.0,1.0,0.0,0.0,0.0,0.0,1.0,0.0,0.0,0.0,0.0,0.0,0.0,0.0,0.0,0.0,0.0,0.0,0.0,0.0,0.0,0.0
9,157,821,143432,0,VILLAGE,Khushal Ganj,Rural,675,4337,2276,2061,2133,1187,946,2204,1089,1115,1690,231304,tehsil_mode_best_effort,existing_village_mapping,9,UTTAR PRADESH,162,LUCKNOW,0.0,0.0,0.0,0.0,0.0,0.0,0.0,0.0,0.0,0.0,0.0,0.0,0.0,0.0,0.0,0.0,0.0,0.0,0.0,0.0,0.0,0.0,1.0,0.0,0.0
9,157,821,143433,0,VILLAGE,Fatehganj,Rural,308,1810,899,911,925,519,406,885,380,505,565,220664,tehsil_mode_best_effort,existing_village_mapping,9,UTTAR PRADESH,162,LUCKNOW,0.0,0.0,0.0,0.0,0.0,0.0,0.0,0.0,0.0,0.0,0.0,0.0,0.0,0.0,0.0,0.0,0.0,0.0,0.0,0.0,0.0,0.0,0.0,0.0,1.0
9,157,821,143434,0,VILLAGE,Narona,Rural,457,2594,1366,1228,1471,871,600,1123,495,628,844,220628,tehsil_mode_best_effort,existing_village_mapping,9,UTTAR PRADESH,162,LUCKNOW,0.0,0.0,0.0,0.0,2.0,0.0,0.0,0.0,3.0,0.0,0.0,0.0,3.0,0.0,0.0,0.0,0.0,0.0,0.0,0.0,0.0,1.0,1.0,0.0,2.0
9,157,821,143435,0,VILLAGE,Sarosa Bharosa,Rural,831,5585,3117,2468,3573,2231,1342,2012,886,1126,1456,220625,tehsil_mode_best_effort,existing_village_mapping,9,UTTAR PRADESH,162,LUCKNOW,0.0,0.0,0.0,0.0,0.0,0.0,0.0,0.0,0.0,0.0,0.0,0.0,0.0,0.0,0.0,0.0,0.0,0.0,0.0,0.0,0.0,0.0,1.0,0.0,0.0
9,157,821,143436,0,VILLAGE,Alinagar,Rural,110,722,372,350,431,247,184,291,125,166,223,220624,tehsil_mode_best_effort,existing_village_mapping,9,UTTAR PRADESH,162,LUCKNOW,0.0,0.0,0.0,0.0,1.0,0.0,0.0,0.0,0.0,0.0,1.0,0.0,0.0,0.0,0.0,0.0,0.0,0.0,0.0,0.0,0.0,0.0,0.0,0.0,1.0
9,157,821,143437,0,VILLAGE,Ghaila,Rural,519,3323,1706,1617,1485,833,652,1838,873,965,839,220622,tehsil_mode_best_effort,existing_village_mapping,9,UTTAR PRADESH,162,LUCKNOW,0.0,0.0,0.0,0.0,0.0,0.0,0.0,0.0,0.0,0.0,0.0,0.0,0.0,0.0,0.0,0.0,0.0,0.0,0.0,0.0,0.0,0.0,2.0,0.0,0.0
9,157,821,143438,0,VILLAGE,Allu Nagar Diguria,Rural,538,3521,1881,1640,1965,1155,810,1556,726,830,1242,220621,tehsil_mode_best_effort,existing_village_mapping,9,UTTAR PRADESH,162,LUCKNOW,0.0,0.0,0.0,0.0,0.0,0.0,0.0,0.0,0.0,0.0,2.0,0.0,1.0,0.0,0.0,0.0,0.0,0.0,0.0,0.0,0.0,2.0,2.0,1.0,0.0
9,157,821,143439,0,VILLAGE,Kakoli,Rural,146,860,465,395,497,286,211,363,179,184,261,220620,verified_name_population_match,existing_village_mapping,9,UTTAR PRADESH,162,LUCKNOW,0.0,0.0,0.0,0.0,0.0,0.0,0.0,0.0,10.0,0.0,0.0,0.0,0.0,0.0,0.0,0.0,0.0,0.0,0.0,0.0,0.0,1.0,0.0,0.0,0.0
9,157,821,143440,0,VILLAGE,Mutkkipur,Rural,466,2593,1339,1254,1521,839,682,1072,500,572,701,220618,verified_name_population_match,existing_village_mapping,9,UTTAR PRADESH,162,LUCKNOW,0.0,0.0,0.0,1.0,2.0,0.0,1.0,0.0,0.0,3.0,0.0,0.0,0.0,0.0,0.0,0.0,0.0,0.0,0.0,0.0,0.0,0.0,0.0,0.0,1.0
9,157,821,143441,0,VILLAGE,Raipur,Rural,668,3330,1764,1566,2349,1331,1018,981,433,548,1098,220617,tehsil_mode_best_effort,existing_village_mapping,9,UTTAR PRADESH,162,LUCKNOW,0.0,0.0,0.0,0.0,0.0,0.0,0.0,0.0,0.0,0.0,0.0,0.0,0.0,0.0,0.0,0.0,0.0,0.0,0.0,0.0,0.0,1.0,0.0,0.0,0.0
9,157,821,143442,0,VILLAGE,Naubasta Kala,Rural,480,2578,1350,1228,1736,1006,730,842,344,498,828,220616,tehsil_mode_best_effort,existing_village_mapping,9,UTTAR PRADESH,162,LUCKNOW,0.0,0.0,0.0,0.0,0.0,0.0,0.0,0.0,0.0,0.0,0.0,0.0,0.0,0.0,0.0,0.0,0.0,0.0,0.0,0.0,0.0,0.0,0.0,0.0,2.0
9,157,821,143443,0,VILLAGE,Dhawa,Rural,418,2518,1272,1246,1354,754,600,1164,518,646,777,220615,tehsil_mode_best_effort,existing_village_mapping,9,UTTAR PRADESH,162,LUCKNOW,0.0,0.0,0.0,0.0,1.0,0.0,0.0,0.0,0.0,1.0,1.0,0.0,0.0,0.0,0.0,0.0,0.0,0.0,0.0,0.0,0.0,0.0,0.0,0.0,0.0
9,157,821,143444,0,VILLAGE,Papnamau,Rural,431,2363,1230,1133,1650,942,708,713,288,425,891,220612,tehsil_mode_best_effort,existing_village_mapping,9,UTTAR PRADESH,162,LUCKNOW,0.0,0.0,0.0,0.0,1.0,0.0,0.0,0.0,0.0,0.0,0.0,0.0,0.0,0.0,0.0,0.0,0.0,1.0,0.0,0.0,0.0,0.0,0.0,0.0,0.0
9,157,821,143445,0,VILLAGE,Anora Kala,Rural,442,2698,1399,1299,1729,1005,724,969,394,575,714,220611,tehsil_mode_best_effort,existing_village_mapping,9,UTTAR PRADESH,162,LUCKNOW,0.0,0.0,0.0,0.0,0.0,0.0,1.0,0.0,0.0,2.0,0.0,0.0,0.0,0.0,0.0,0.0,0.0,0.0,0.0,0.0,0.0,0.0,0.0,0.0,0.0
9,157,821,143446,0,VILLAGE,Uattardhona,Rural,772,4386,2180,2206,2777,1559,1218,1609,621,988,1702,232104,verified_name_population_match,existing_village_mapping,9,UTTAR PRADESH,162,LUCKNOW,0.0,0.0,0.0,0.0,0.0,0.0,0.0,0.0,0.0,0.0,0.0,0.0,0.0,0.0,0.0,0.0,0.0,0.0,0.0,0.0,0.0,0.0,0.0,0.0,1.0
9,157,821,143447,0,VILLAGE,Ganeshpur Rahmanpur,Rural,1250,6670,3475,3195,4719,2640,2079,1951,835,1116,2017,220610,tehsil_mode_best_effort,existing_village_mapping,9,UTTAR PRADESH,162,LUCKNOW,0.0,0.0,0.0,0.0,0.0,0.0,1.0,0.0,0.0,0.0,0.0,0.0,0.0,0.0,0.0,0.0,0.0,0.0,0.0,0.0,0.0,0.0,0.0,0.0,0.0
9,157,821,143448,0,VILLAGE,Semra,Rural,359,1816,961,855,1215,690,525,601,271,330,471,220602,tehsil_mode_best_effort,existing_village_mapping,9,UTTAR PRADESH,162,LUCKNOW,0.0,0.0,0.0,0.0,0.0,1.0,0.0,0.0,0.0,2.0,1.0,0.0,2.0,0.0,1.0,0.0,1.0,1.0,0.0,0.0,0.0,0.0,0.0,0.0,3.0
9,157,821,143449,0,VILLAGE,Shahpur,Rural,285,1554,786,768,1109,615,494,445,171,274,515,220601,tehsil_mode_best_effort,existing_village_mapping,9,UTTAR PRADESH,162,LUCKNOW,0.0,0.0,0.0,0.0,0.0,0.0,0.0,0.0,1.0,0.0,0.0,0.0,0.0,0.0,0.0,0.0,0.0,0.0,0.0,0.0,1.0,0.0,1.0,0.0,2.0
9,157,821,143450,0,VILLAGE,Sarai Shekh,Rural,559,3364,1672,1692,2082,1169,913,1282,503,779,836,232106,verified_name_population_match,existing_village_mapping,9,UTTAR PRADESH,162,LUCKNOW,0.0,0.0,0.0,0.0,1.0,0.0,0.0,0.0,0.0,0.0,0.0,0.0,0.0,0.0,0.0,0.0,0.0,0.0,0.0,0.0,0.0,0.0,0.0,0.0,0.0
9,157,821,143451,0,VILLAGE,Tera Khas,Rural,93,490,259,231,216,124,92,274,135,139,120,220600,tehsil_mode_best_effort,existing_village_mapping,9,UTTAR PRADESH,162,LUCKNOW,0.0,0.0,0.0,1.0,0.0,1.0,1.0,0.0,0.0,0.0,0.0,0.0,0.0,0.0,0.0,0.0,0.0,0.0,0.0,0.0,0.0,0.0,0.0,0.0,1.0
9,157,821,143452,0,VILLAGE,Narendi,Rural,207,1051,549,502,713,406,307,338,143,195,287,220305,tehsil_mode_best_effort,existing_village_mapping,9,UTTAR PRADESH,162,LUCKNOW,0.0,0.0,0.0,0.0,0.0,0.0,0.0,0.0,0.0,0.0,0.0,0.0,1.0,0.0,0.0,0.0,0.0,0.0,0.0,0.0,0.0,0.0,0.0,0.0,0.0
9,157,821,143453,0,VILLAGE,Jugor,Rural,1590,9478,4983,4495,5668,3402,2266,3810,1581,2229,3008,220226,tehsil_mode_best_effort,existing_village_mapping,9,UTTAR PRADESH,162,LUCKNOW,0.0,0.0,0.0,0.0,0.0,0.0,0.0,0.0,0.0,0.0,0.0,0.0,0.0,0.0,0.0,0.0,0.0,1.0,0.0,0.0,0.0,0.0,0.0,0.0,0.0
9,157,821,143454,0,VILLAGE,Mehora,Rural,245,1441,760,681,731,443,288,710,317,393,442,220203,tehsil_mode_best_effort,existing_village_mapping,9,UTTAR PRADESH,162,LUCKNOW,0.0,0.0,0.0,0.0,0.0,0.0,0.0,0.0,0.0,0.0,1.0,0.0,0.0,0.0,0.0,0.0,0.0,0.0,0.0,0.0,0.0,0.0,0.0,0.0,0.0
9,157,821,143455,0,VILLAGE,Bharwara,Rural,678,3876,2033,1843,2767,1595,1172,1109,438,671,1118,220102,tehsil_mode_best_effort,existing_village_mapping,9,UTTAR PRADESH,162,LUCKNOW,0.0,0.0,0.0,0.0,0.0,0.0,0.0,0.0,0.0,1.0,0.0,0.0,0.0,0.0,0.0,0.0,0.0,0.0,0.0,0.0,0.0,0.0,0.0,0.0,0.0
9,157,821,143456,0,VILLAGE,Nijampur Malhor,Rural,847,4906,2534,2372,3045,1720,1325,1861,814,1047,1389,232327,verified_name_population_match,existing_village_mapping,9,UTTAR PRADESH,162,LUCKNOW,0.0,0.0,0.0,0.0,0.0,0.0,0.0,0.0,0.0,0.0,1.0,0.0,0.0,0.0,0.0,0.0,0.0,0.0,0.0,0.0,0.0,0.0,0.0,0.0,0.0
9,157,821,143457,0,VILLAGE,Lolai,Rural,578,3255,1711,1544,2051,1199,852,1204,512,692,985,220101,tehsil_mode_best_effort,existing_village_mapping,9,UTTAR PRADESH,162,LUCKNOW,0.0,0.0,0.0,0.0,0.0,0.0,0.0,0.0,0.0,0.0,0.0,0.0,0.0,0.0,0.0,0.0,0.0,0.0,0.0,0.0,0.0,0.0,0.0,0.0,1.0
9,157,821,143458,0,VILLAGE,Sikanderpur Khurd,Rural,236,1360,703,657,807,497,310,553,206,347,373,220066,tehsil_mode_best_effort,existing_village_mapping,9,UTTAR PRADESH,162,LUCKNOW,0.0,0.0,0.0,0.0,0.0,0.0,0.0,1.0,0.0,0.0,0.0,0.0,0.0,0.0,0.0,0.0,0.0,0.0,0.0,0.0,0.0,0.0,1.0,0.0,0.0
9,157,821,143459,0,VILLAGE,Devariya,Rural,392,2149,1133,1016,1013,624,389,1136,509,627,901,220063,tehsil_mode_best_effort,existing_village_mapping,9,UTTAR PRADESH,162,LUCKNOW,0.0,0.0,0.0,0.0,1.0,0.0,0.0,0.0,1.0,0.0,0.0,0.0,0.0,0.0,0.0,0.0,0.0,0.0,0.0,0.0,0.0,0.0,0.0,0.0,0.0
9,157,821,143460,0,VILLAGE,Thasemau,Rural,189,1233,638,595,769,445,324,464,193,271,340,220061,tehsil_mode_best_effort,existing_village_mapping,9,UTTAR PRADESH,162,LUCKNOW,0.0,0.0,0.0,0.0,0.0,0.0,0.0,0.0,0.0,0.0,1.0,0.0,0.0,0.0,0.0,0.0,0.0,0.0,0.0,0.0,0.0,0.0,0.0,0.0,0.0
9,157,821,143461,0,VILLAGE,Lonapur,Rural,232,1322,675,647,853,503,350,469,172,297,293,220060,tehsil_mode_best_effort,existing_village_mapping,9,UTTAR PRADESH,162,LUCKNOW,0.0,0.0,0.0,0.0,0.0,0.0,0.0,0.0,0.0,0.0,0.0,0.0,0.0,0.0,0.0,1.0,0.0,0.0,0.0,0.0,1.0,0.0,0.0,0.0,0.0
9,157,821,143462,0,VILLAGE,Bhaisora,Rural,66,409,220,189,251,149,102,158,71,87,89,220025,verified_name_population_match,existing_village_mapping,9,UTTAR PRADESH,162,LUCKNOW,0.0,0.0,0.0,0.0,0.0,0.0,0.0,0.0,0.0,1.0,0.0,0.0,0.0,0.0,0.0,0.0,0.0,0.0,0.0,0.0,0.0,0.0,0.0,0.0,0.0
9,157,821,143463,0,VILLAGE,Makhdoom Pur,Rural,600,3209,1680,1529,2119,1204,915,1090,476,614,927,220022,verified_name_population_match,existing_village_mapping,9,UTTAR PRADESH,162,LUCKNOW,0.0,0.0,0.0,0.0,0.0,0.0,0.0,0.0,0.0,0.0,0.0,0.0,0.0,0.0,0.0,0.0,0.0,0.0,0.0,1.0,0.0,0.0,0.0,0.0,0.0
9,157,821,143464,0,VILLAGE,Khargapur,Rural,1833,9459,5017,4442,7404,4168,3236,2055,849,1206,2842,220018,verified_name_population_match,existing_village_mapping,9,UTTAR PRADESH,162,LUCKNOW,0.0,0.0,0.0,0.0,1.0,0.0,0.0,0.0,0.0,0.0,0.0,0.0,0.0,0.0,0.0,0.0,0.0,0.0,0.0,0.0,0.0,0.0,0.0,0.0,0.0
9,157,821,143465,0,VILLAGE,Malesemau,Rural,582,3828,1899,1929,2334,1252,1082,1494,647,847,1113,220017,verified_name_population_match,existing_village_mapping,9,UTTAR PRADESH,162,LUCKNOW,0.0,0.0,0.0,0.0,0.0,0.0,0.0,0.0,0.0,0.0,2.0,0.0,0.0,0.0,0.0,0.0,0.0,0.0,0.0,0.0,0.0,0.0,0.0,0.0,0.0
9,157,821,143466,0,VILLAGE,Badhamau,Rural,320,1688,821,867,1018,536,482,670,285,385,416,220008,verified_name_population_match,existing_village_mapping,9,UTTAR PRADESH,162,LUCKNOW,0.0,0.0,0.0,0.0,0.0,0.0,0.0,0.0,1.0,0.0,0.0,0.0,0.0,0.0,0.0,0.0,0.0,0.0,0.0,0.0,0.0,0.0,0.0,0.0,1.0
9,157,821,143467,0,VILLAGE,Chandiyamau,Rural,196,1113,570,543,554,323,231,559,247,312,373,220006,verified_name_population_match,existing_village_mapping,9,UTTAR PRADESH,162,LUCKNOW,0.0,0.0,0.0,0.0,0.0,0.0,0.0,0.0,0.0,0.0,1.0,0.0,0.0,0.0,0.0,0.0,0.0,0.0,0.0,0.0,0.0,0.0,0.0,0.0,0.0
9,157,821,143468,0,VILLAGE,Maunda,Rural,803,4987,2618,2369,3079,1784,1295,1908,834,1074,1450,220004,tehsil_mode_best_effort,existing_village_mapping,9,UTTAR PRADESH,162,LUCKNOW,0.0,0.0,0.0,0.0,1.0,0.0,0.0,0.0,0.0,0.0,2.0,0.0,1.0,0.0,0.0,0.0,0.0,0.0,0.0,0.0,1.0,0.0,0.0,0.0,0.0
9,157,821,143469,0,VILLAGE,Dhighiya,Rural,242,1457,799,658,893,559,334,564,240,324,396,220003,tehsil_mode_best_effort,existing_village_mapping,9,UTTAR PRADESH,162,LUCKNOW,0.0,0.0,0.0,0.0,0.0,0.0,0.0,0.0,0.0,1.0,0.0,0.0,1.0,0.0,0.0,0.0,0.0,0.0,0.0,0.0,0.0,0.0,0.0,0.0,0.0
9,157,821,143470,0,VILLAGE,Sadrauna,Rural,634,3886,2057,1829,2297,1325,972,1589,732,857,1309,220002,tehsil_mode_best_effort,existing_village_mapping,9,UTTAR PRADESH,162,LUCKNOW,0.0,0.0,0.0,0.0,0.0,0.0,0.0,0.0,0.0,0.0,0.0,0.0,1.0,0.0,0.0,0.0,0.0,0.0,0.0,0.0,0.0,0.0,0.0,0.0,1.0
9,157,821,143471,0,VILLAGE,Pyare Pur,Rural,358,1912,1012,900,1210,704,506,702,308,394,522,232339,tehsil_mode_best_effort,existing_village_mapping,9,UTTAR PRADESH,162,LUCKNOW,0.0,0.0,0.0,0.0,1.0,0.0,0.0,0.0,0.0,0.0,1.0,0.0,0.0,0.0,0.0,0.0,0.0,0.0,0.0,0.0,0.0,0.0,0.0,0.0,0.0
9,157,821,143472,0,VILLAGE,Kaliya Khera,Rural,257,1453,759,694,941,557,384,512,202,310,640,232340,tehsil_mode_best_effort,existing_village_mapping,9,UTTAR PRADESH,162,LUCKNOW,0.0,2.0,0.0,0.0,0.0,0.0,0.0,0.0,0.0,0.0,0.0,0.0,0.0,0.0,0.0,0.0,0.0,0.0,0.0,0.0,0.0,0.0,0.0,0.0,1.0
9,157,821,143473,0,VILLAGE,Alinagar Sonhara,Rural,118,588,301,287,350,195,155,238,106,132,226,233001,tehsil_mode_best_effort,existing_village_mapping,9,UTTAR PRADESH,162,LUCKNOW,0.0,0.0,0.0,0.0,1.0,0.0,0.0,0.0,2.0,1.0,1.0,0.0,0.0,0.0,0.0,0.0,1.0,0.0,1.0,1.0,0.0,0.0,0.0,0.0,0.0
9,157,821,143474,0,VILLAGE,Anora,Rural,243,1511,772,739,1082,592,490,429,180,249,385,233222,tehsil_mode_best_effort,existing_village_mapping,9,UTTAR PRADESH,162,LUCKNOW,0.0,0.0,0.0,0.0,0.0,0.0,0.0,0.0,0.0,0.0,0.0,0.0,0.0,0.0,0.0,0.0,0.0,0.0,0.0,0.0,0.0,1.0,0.0,0.0,0.0
9,157,821,143475,0,VILLAGE,Samda Khera,Rural,186,952,500,452,578,343,235,374,157,217,269,233224,tehsil_mode_best_effort,existing_village_mapping,9,UTTAR PRADESH,162,LUCKNOW,0.0,0.0,0.0,0.0,0.0,0.0,0.0,0.0,0.0,0.0,0.0,0.0,0.0,0.0,0.0,0.0,0.0,0.0,0.0,0.0,0.0,1.0,0.0,0.0,0.0
9,157,821,143476,0,VILLAGE,Palenhada,Rural,249,1240,647,593,703,422,281,537,225,312,549,233228,tehsil_mode_best_effort,existing_village_mapping,9,UTTAR PRADESH,162,LUCKNOW,0.0,0.0,0.0,0.0,1.0,0.0,0.0,0.0,0.0,0.0,0.0,0.0,0.0,0.0,0.0,0.0,0.0,0.0,0.0,0.0,0.0,0.0,0.0,0.0,0.0
9,157,821,143477,0,VILLAGE,Behta,Rural,717,3638,1887,1751,1998,1143,855,1640,744,896,1470,233230,tehsil_mode_best_effort,existing_village_mapping,9,UTTAR PRADESH,162,LUCKNOW,0.0,0.0,0.0,0.0,0.0,0.0,0.0,0.0,0.0,0.0,0.0,0.0,0.0,0.0,0.0,0.0,0.0,0.0,0.0,0.0,1.0,0.0,0.0,0.0,1.0
9,157,821,143478,0,VILLAGE,Khurrampur,Rural,262,1420,740,680,837,477,360,583,263,320,361,233304,verified_name_population_match,existing_village_mapping,9,UTTAR PRADESH,162,LUCKNOW,0.0,0.0,0.0,0.0,0.0,0.0,0.0,0.0,2.0,0.0,0.0,0.0,0.0,0.0,0.0,0.0,0.0,0.0,0.0,0.0,0.0,0.0,0.0,0.0,0.0
9,157,821,143479,0,VILLAGE,Chakoli,Rural,319,1942,1027,915,1234,737,497,708,290,418,568,217111,tehsil_mode_best_effort,existing_village_mapping,9,UTTAR PRADESH,162,LUCKNOW,0.0,0.0,0.0,0.0,0.0,0.0,0.0,0.0,0.0,0.0,0.0,0.0,0.0,0.0,0.0,0.0,0.0,0.0,0.0,0.0,0.0,0.0,0.0,0.0,1.0
9,157,821,143480,0,VILLAGE,Andhpur Umrao,Rural,131,684,351,333,433,254,179,251,97,154,260,217105,tehsil_mode_best_effort,existing_village_mapping,9,UTTAR PRADESH,162,LUCKNOW,0.0,0.0,0.0,0.0,0.0,0.0,0.0,0.0,0.0,0.0,0.0,0.0,0.0,0.0,0.0,0.0,1.0,0.0,0.0,0.0,0.0,0.0,0.0,0.0,0.0
9,157,821,143481,0,VILLAGE,Piparsand,Rural,769,4336,2262,2074,2717,1605,1112,1619,657,962,1459,216203,tehsil_mode_best_effort,existing_village_mapping,9,UTTAR PRADESH,162,LUCKNOW,0.0,0.0,0.0,0.0,0.0,0.0,0.0,0.0,0.0,1.0,0.0,0.0,0.0,0.0,0.0,0.0,0.0,0.0,0.0,0.0,0.0,0.0,0.0,0.0,0.0
9,157,821,143482,0,VILLAGE,Lonha,Rural,600,3365,1806,1559,2009,1182,827,1356,624,732,911,216101,tehsil_mode_best_effort,existing_village_mapping,9,UTTAR PRADESH,162,LUCKNOW,0.0,0.0,0.0,0.0,0.0,0.0,0.0,0.0,0.0,0.0,0.0,0.0,0.0,0.0,0.0,0.0,0.0,0.0,0.0,0.0,0.0,0.0,0.0,0.0,1.0
9,157,821,143483,0,VILLAGE,Bhadoi,Rural,321,1573,810,763,938,554,384,635,256,379,699,216029,tehsil_mode_best_effort,existing_village_mapping,9,UTTAR PRADESH,162,LUCKNOW,0.0,0.0,0.0,0.0,0.0,0.0,0.0,0.0,0.0,0.0,1.0,0.0,0.0,0.0,0.0,0.0,0.0,0.0,0.0,0.0,0.0,0.0,0.0,0.0,0.0
9,157,821,143484,0,VILLAGE,Mavaipadhiyana,Rural,489,2565,1322,1243,1633,892,741,932,430,502,1154,216021,tehsil_mode_best_effort,existing_village_mapping,9,UTTAR PRADESH,162,LUCKNOW,0.0,0.0,0.0,0.0,0.0,0.0,0.0,0.0,0.0,0.0,1.0,0.0,0.0,0.0,0.0,0.0,0.0,0.0,0.0,0.0,0.0,0.0,0.0,0.0,1.0
9,157,821,143485,0,VILLAGE,Amavan,Rural,415,2301,1224,1077,1452,826,626,849,398,451,1019,216020,verified_name_population_match,existing_village_mapping,9,UTTAR PRADESH,162,LUCKNOW,0.0,0.0,0.0,0.0,0.0,0.0,0.0,0.0,0.0,0.0,0.0,0.0,0.0,0.0,0.0,0.0,0.0,0.0,0.0,0.0,0.0,0.0,1.0,0.0,0.0
9,157,821,143486,0,VILLAGE,Ramdas Pur,Rural,202,941,495,446,608,360,248,333,135,198,294,216018,tehsil_mode_best_effort,existing_village_mapping,9,UTTAR PRADESH,162,LUCKNOW,0.0,0.0,0.0,0.0,1.0,0.0,0.0,0.0,0.0,0.0,0.0,0.0,0.0,0.0,0.0,0.0,0.0,0.0,0.0,0.0,0.0,0.0,0.0,0.0,0.0
9,157,821,143487,0,VILLAGE,Sahijanpur,Rural,343,1858,962,896,1004,600,404,854,362,492,525,216014,tehsil_mode_best_effort,existing_village_mapping,9,UTTAR PRADESH,162,LUCKNOW,0.0,0.0,0.0,0.0,0.0,0.0,0.0,0.0,0.0,0.0,1.0,0.0,0.0,0.0,0.0,0.0,0.0,0.0,0.0,0.0,0.0,0.0,0.0,0.0,0.0
9,157,821,143488,0,VILLAGE,Godoli,Rural,336,1789,958,831,1150,705,445,639,253,386,546,216012,tehsil_mode_best_effort,existing_village_mapping,9,UTTAR PRADESH,162,LUCKNOW,0.0,0.0,0.0,0.0,0.0,0.0,0.0,0.0,0.0,0.0,0.0,0.0,0.0,0.0,0.0,0.0,0.0,0.0,0.0,0.0,0.0,0.0,0.0,0.0,1.0
9,157,821,143489,0,VILLAGE,Ain,Rural,960,5052,2583,2469,3379,1924,1455,1673,659,1014,2036,216010,tehsil_mode_best_effort,existing_village_mapping,9,UTTAR PRADESH,162,LUCKNOW,0.0,0.0,0.0,0.0,1.0,0.0,0.0,0.0,0.0,0.0,0.0,0.0,0.0,0.0,0.0,0.0,0.0,0.0,0.0,0.0,0.0,0.0,0.0,0.0,0.0
9,157,821,143490,0,VILLAGE,Nanmau,Rural,333,1746,949,797,1105,682,423,641,267,374,600,236001,tehsil_mode_best_effort,existing_village_mapping,9,UTTAR PRADESH,162,LUCKNOW,0.0,0.0,0.0,0.0,1.0,0.0,0.0,0.0,0.0,0.0,0.0,0.0,1.0,0.0,0.0,1.0,0.0,0.0,0.0,0.0,0.0,0.0,1.0,0.0,0.0
9,157,821,143491,0,VILLAGE,Sadulla Nagar,Rural,353,1918,1001,917,1182,661,521,736,340,396,513,216002,tehsil_mode_best_effort,existing_village_mapping,9,UTTAR PRADESH,162,LUCKNOW,0.0,0.0,0.0,0.0,0.0,0.0,0.0,0.0,0.0,0.0,0.0,0.0,0.0,0.0,1.0,0.0,0.0,0.0,0.0,0.0,0.0,0.0,0.0,0.0,0.0
9,157,821,143492,0,VILLAGE,Terwa,Rural,433,2180,1145,1035,1340,818,522,840,327,513,622,236002,tehsil_mode_best_effort,existing_village_mapping,9,UTTAR PRADESH,162,LUCKNOW,0.0,0.0,0.0,0.0,0.0,0.0,0.0,0.0,0.0,0.0,0.0,0.0,0.0,0.0,0.0,0.0,1.0,0.0,0.0,0.0,0.0,0.0,0.0,0.0,0.0
9,157,821,143493,0,VILLAGE,Narainpur,Rural,438,2596,1348,1248,1784,1031,753,812,317,495,727,236003,tehsil_mode_best_effort,existing_village_mapping,9,UTTAR PRADESH,162,LUCKNOW,0.0,0.0,0.0,0.0,1.0,0.0,0.0,0.0,0.0,0.0,1.0,0.0,1.0,0.0,1.0,0.0,0.0,0.0,0.0,0.0,0.0,0.0,1.0,0.0,0.0
9,157,821,143494,0,VILLAGE,Darab Nagar,Rural,208,1161,608,553,725,456,269,436,152,284,815,236004,tehsil_mode_best_effort,existing_village_mapping,9,UTTAR PRADESH,162,LUCKNOW,0.0,0.0,0.0,0.0,0.0,0.0,0.0,0.0,0.0,0.0,0.0,0.0,0.0,0.0,0.0,0.0,0.0,0.0,0.0,1.0,0.0,0.0,0.0,0.0,0.0
9,157,821,143495,0,VILLAGE,Saidpur Purhi,Rural,221,1178,627,551,864,512,352,314,115,199,446,236008,verified_name_population_match,existing_village_mapping,9,UTTAR PRADESH,162,LUCKNOW,0.0,0.0,0.0,0.0,0.0,0.0,0.0,0.0,0.0,0.0,0.0,0.0,0.0,0.0,0.0,0.0,0.0,0.0,0.0,0.0,0.0,0.0,0.0,0.0,1.0
9,157,821,143496,0,VILLAGE,Haroni,Rural,444,2446,1262,1184,1653,944,709,793,318,475,1113,236010,tehsil_mode_best_effort,existing_village_mapping,9,UTTAR PRADESH,162,LUCKNOW,1.0,0.0,0.0,0.0,0.0,0.0,0.0,0.0,0.0,0.0,0.0,0.0,1.0,0.0,0.0,0.0,0.0,0.0,0.0,0.0,0.0,1.0,0.0,0.0,0.0
9,157,821,143497,0,VILLAGE,Hulas Khera,Rural,97,462,245,217,312,179,133,150,66,84,135,236011,tehsil_mode_best_effort,existing_village_mapping,9,UTTAR PRADESH,162,LUCKNOW,0.0,0.0,0.0,0.0,0.0,0.0,0.0,0.0,0.0,0.0,0.0,0.0,0.0,0.0,0.0,0.0,0.0,0.0,0.0,0.0,0.0,0.0,1.0,0.0,0.0
9,157,821,143498,0,VILLAGE,Bhatgoan Pande,Rural,152,787,401,386,463,268,195,324,133,191,260,236012,tehsil_mode_best_effort,existing_village_mapping,9,UTTAR PRADESH,162,LUCKNOW,0.0,0.0,0.0,0.0,0.0,0.0,0.0,0.0,0.0,0.0,0.0,0.0,1.0,0.0,0.0,1.0,0.0,0.0,0.0,0.0,0.0,0.0,0.0,0.0,0.0
9,157,821,143499,0,VILLAGE,Mirzapur Lutova,Rural,73,386,209,177,232,147,85,154,62,92,123,236015,tehsil_mode_best_effort,existing_village_mapping,9,UTTAR PRADESH,162,LUCKNOW,0.0,0.0,0.0,0.0,0.0,0.0,0.0,0.0,0.0,0.0,0.0,0.0,0.0,0.0,0.0,0.0,0.0,0.0,0.0,0.0,0.0,0.0,1.0,0.0,0.0
9,157,821,143500,0,VILLAGE,Bahdanamau,Rural,65,350,185,165,239,150,89,111,35,76,92,236016,tehsil_mode_best_effort,existing_village_mapping,9,UTTAR PRADESH,162,LUCKNOW,0.0,0.0,0.0,0.0,0.0,0.0,0.0,0.0,0.0,0.0,0.0,0.0,0.0,0.0,2.0,0.0,0.0,0.0,1.0,0.0,0.0,0.0,0.0,0.0,0.0
9,157,821,143501,0,VILLAGE,Rahimnagar Padhiyana,Rural,1403,7851,4148,3703,4693,2859,1834,3158,1289,1869,2898,236017,verified_name_population_match,existing_village_mapping,9,UTTAR PRADESH,162,LUCKNOW,0.0,0.0,0.0,0.0,0.0,0.0,0.0,0.0,0.0,0.0,0.0,0.0,0.0,0.0,0.0,0.0,0.0,0.0,0.0,0.0,0.0,0.0,1.0,0.0,0.0
9,157,821,143502,0,VILLAGE,Latif Nagar,Rural,555,3263,1746,1517,1924,1163,761,1339,583,756,1130,236018,tehsil_mode_best_effort,existing_village_mapping,9,UTTAR PRADESH,162,LUCKNOW,0.0,0.0,0.0,0.0,0.0,0.0,0.0,0.0,0.0,0.0,0.0,0.0,0.0,0.0,1.0,0.0,0.0,0.0,0.0,0.0,0.0,0.0,0.0,0.0,0.0
9,157,821,143503,0,VILLAGE,Bhat Goan,Rural,1353,7131,3724,3407,4451,2572,1879,2680,1152,1528,2562,236019,tehsil_mode_best_effort,existing_village_mapping,9,UTTAR PRADESH,162,LUCKNOW,0.0,0.0,0.0,0.0,1.0,0.0,0.0,0.0,0.0,0.0,0.0,0.0,0.0,0.0,0.0,0.0,0.0,0.0,0.0,0.0,0.0,0.0,0.0,0.0,0.0
9,157,821,143504,0,VILLAGE,Garhi Chunoti,Rural,663,3817,1994,1823,2241,1335,906,1576,659,917,1190,236020,tehsil_mode_best_effort,existing_village_mapping,9,UTTAR PRADESH,162,LUCKNOW,0.0,0.0,0.0,0.0,0.0,0.0,0.0,0.0,0.0,0.0,0.0,0.0,0.0,0.0,0.0,0.0,1.0,0.0,0.0,0.0,0.0,1.0,0.0,0.0,0.0
9,157,821,143505,0,VILLAGE,Andhpurdev,Rural,191,1096,591,505,729,455,274,367,136,231,302,236026,tehsil_mode_best_effort,existing_village_mapping,9,UTTAR PRADESH,162,LUCKNOW,0.0,0.0,0.0,0.0,0.0,0.0,0.0,0.0,0.0,0.0,0.0,0.0,0.0,0.0,0.0,0.0,0.0,0.0,1.0,0.0,0.0,0.0,0.0,0.0,0.0
9,157,821,143506,0,VILLAGE,Aorava,Rural,234,1604,828,776,1153,649,504,451,179,272,438,236028,tehsil_mode_best_effort,existing_village_mapping,9,UTTAR PRADESH,162,LUCKNOW,0.0,0.0,0.0,0.0,0.0,0.0,1.0,0.0,0.0,0.0,0.0,0.0,0.0,0.0,1.0,0.0,0.0,0.0,0.0,0.0,0.0,0.0,0.0,1.0,0.0
9,157,821,143507,0,VILLAGE,Ramchora,Rural,425,2258,1164,1094,1478,844,634,780,320,460,782,236029,tehsil_mode_best_effort,existing_village_mapping,9,UTTAR PRADESH,162,LUCKNOW,0.0,0.0,0.0,0.0,0.0,0.0,0.0,0.0,0.0,0.0,1.0,0.0,0.0,0.0,0.0,0.0,0.0,0.0,0.0,0.0,0.0,0.0,0.0,0.0,0.0
9,157,821,143508,0,VILLAGE,Dadoopur,Rural,229,1406,715,691,1041,591,450,365,124,241,359,236031,tehsil_mode_best_effort,existing_village_mapping,9,UTTAR PRADESH,162,LUCKNOW,0.0,0.0,0.0,0.0,1.0,0.0,0.0,0.0,0.0,0.0,0.0,0.0,0.0,0.0,0.0,0.0,0.0,0.0,0.0,0.0,0.0,0.0,0.0,0.0,0.0
9,157,821,143509,0,VILLAGE,Khandedev,Rural,624,3639,1900,1739,2382,1413,969,1257,487,770,1352,236203,tehsil_mode_best_effort,existing_village_mapping,9,UTTAR PRADESH,162,LUCKNOW,0.0,0.0,0.0,0.0,0.0,0.0,0.0,0.0,0.0,0.0,0.0,0.0,0.0,0.0,0.0,0.0,0.0,0.0,0.0,0.0,0.0,0.0,0.0,0.0,2.0
9,157,821,143510,0,VILLAGE,Bhokapur,Rural,189,1081,569,512,731,435,296,350,134,216,296,236302,tehsil_mode_best_effort,existing_village_mapping,9,UTTAR PRADESH,162,LUCKNOW,0.0,0.0,0.0,0.0,0.0,0.0,0.0,0.0,0.0,1.0,0.0,0.0,0.0,0.0,0.0,0.0,0.0,0.0,0.0,0.0,0.0,0.0,0.0,0.0,0.0
9,157,821,143511,0,VILLAGE,Benti,Rural,893,4520,2415,2105,3061,1848,1213,1459,567,892,1401,236303,verified_name_population_match,existing_village_mapping,9,UTTAR PRADESH,162,LUCKNOW,0.0,0.0,0.0,0.0,0.0,0.0,0.0,0.0,0.0,0.0,0.0,0.0,0.0,0.0,0.0,0.0,0.0,1.0,0.0,0.0,0.0,0.0,0.0,0.0,1.0
9,157,821,143512,0,VILLAGE,Sarai Sahjadi,Rural,397,2328,1233,1095,1443,853,590,885,380,505,657,237105,tehsil_mode_best_effort,existing_village_mapping,9,UTTAR PRADESH,162,LUCKNOW,0.0,0.0,0.0,0.0,0.0,0.0,0.0,0.0,0.0,0.0,0.0,0.0,1.0,0.0,0.0,0.0,0.0,0.0,0.0,0.0,0.0,0.0,0.0,0.0,0.0
9,157,821,143513,0,VILLAGE,Bani,Rural,318,1741,900,841,1237,704,533,504,196,308,591,237111,tehsil_mode_best_effort,existing_village_mapping,9,UTTAR PRADESH,162,LUCKNOW,0.0,0.0,0.0,0.0,1.0,0.0,0.0,0.0,0.0,0.0,0.0,0.0,0.0,0.0,0.0,0.0,0.0,0.0,0.0,0.0,0.0,0.0,0.0,0.0,0.0
9,157,821,143514,0,VILLAGE,Pahar Pur,Rural,362,2050,1087,963,1433,840,593,617,247,370,612,237202,tehsil_mode_best_effort,existing_village_mapping,9,UTTAR PRADESH,162,LUCKNOW,0.0,0.0,0.0,0.0,0.0,0.0,0.0,0.0,0.0,0.0,0.0,0.0,1.0,0.0,0.0,0.0,0.0,0.0,0.0,0.0,0.0,0.0,0.0,0.0,0.0
9,157,821,143515,0,VILLAGE,Banthra Sikander Pur,Rural,1885,10989,5730,5259,7425,4233,3192,3564,1497,2067,3370,237305,tehsil_mode_best_effort,existing_village_mapping,9,UTTAR PRADESH,162,LUCKNOW,0.0,0.0,0.0,0.0,1.0,0.0,0.0,0.0,0.0,0.0,0.0,0.0,0.0,0.0,0.0,0.0,0.0,0.0,0.0,0.0,0.0,0.0,0.0,0.0,0.0
9,157,821,143516,0,VILLAGE,Miranpur Pinvat,Rural,888,4656,2437,2219,3471,1960,1511,1185,477,708,1411,212665,tehsil_mode_best_effort,existing_village_mapping,9,UTTAR PRADESH,162,LUCKNOW,0.0,0.0,0.0,0.0,1.0,0.0,0.0,0.0,0.0,0.0,1.0,0.0,0.0,0.0,0.0,0.0,0.0,0.0,0.0,0.0,0.0,0.0,0.0,0.0,0.0
9,157,821,143517,0,VILLAGE,Natkur,Rural,878,5091,2694,2397,3028,1769,1259,2063,925,1138,1492,212664,tehsil_mode_best_effort,existing_village_mapping,9,UTTAR PRADESH,162,LUCKNOW,0.0,0.0,0.0,0.0,0.0,0.0,0.0,0.0,0.0,0.0,1.0,0.0,0.0,0.0,0.0,0.0,0.0,0.0,0.0,0.0,0.0,0.0,0.0,0.0,0.0
9,157,821,143518,0,VILLAGE,Bijnor,Rural,2515,14105,7557,6548,9477,5426,4051,4628,2131,2497,4451,212661,verified_name_population_match,existing_village_mapping,9,UTTAR PRADESH,162,LUCKNOW,0.0,0.0,0.0,0.0,1.0,0.0,0.0,0.0,0.0,0.0,0.0,0.0,0.0,0.0,0.0,0.0,0.0,0.0,0.0,0.0,0.0,0.0,0.0,0.0,0.0
9,157,821,143519,0,VILLAGE,Rasoolpur Iduria,Rural,94,536,309,227,283,181,102,253,128,125,375,212655,tehsil_mode_best_effort,existing_village_mapping,9,UTTAR PRADESH,162,LUCKNOW,0.0,0.0,0.0,1.0,0.0,0.0,0.0,0.0,0.0,0.0,0.0,0.0,0.0,0.0,0.0,0.0,0.0,0.0,0.0,0.0,0.0,1.0,0.0,0.0,0.0
9,157,821,143520,0,VILLAGE,Alinagar Khurd,Rural,136,772,406,366,476,307,169,296,99,197,188,212653,tehsil_mode_best_effort,existing_village_mapping,9,UTTAR PRADESH,162,LUCKNOW,0.0,0.0,0.0,0.0,0.0,0.0,0.0,0.0,0.0,0.0,1.0,0.0,0.0,0.0,0.0,0.0,0.0,0.0,0.0,0.0,0.0,0.0,1.0,0.0,0.0
9,157,821,143521,0,VILLAGE,Ashraf Nagar,Rural,377,2202,1127,1075,1323,752,571,879,375,504,730,212645,tehsil_mode_best_effort,existing_village_mapping,9,UTTAR PRADESH,162,LUCKNOW,0.0,0.0,0.0,0.0,0.0,1.0,0.0,0.0,0.0,0.0,2.0,0.0,0.0,0.0,0.0,0.0,0.0,0.0,0.0,0.0,0.0,0.0,0.0,0.0,0.0
9,157,821,143522,0,VILLAGE,Ahmadpur Urf Kamlapur,Rural,260,1272,673,599,818,480,338,454,193,261,490,212602,tehsil_mode_best_effort,existing_village_mapping,9,UTTAR PRADESH,162,LUCKNOW,0.0,0.0,0.0,0.0,0.0,0.0,0.0,0.0,0.0,0.0,0.0,0.0,0.0,0.0,0.0,0.0,0.0,0.0,0.0,0.0,0.0,0.0,0.0,0.0,1.0
9,157,821,143523,0,VILLAGE,Noorpur Bhadarsa,Rural,216,1204,651,553,953,550,403,251,101,150,496,212601,verified_name_population_match,existing_village_mapping,9,UTTAR PRADESH,162,LUCKNOW,0.0,0.0,0.0,0.0,1.0,0.0,0.0,0.0,0.0,0.0,0.0,0.0,0.0,0.0,0.0,0.0,0.0,0.0,0.0,0.0,0.0,0.0,0.0,0.0,1.0
9,157,821,143524,0,VILLAGE,Chandraval,Rural,341,2057,1070,987,1293,781,512,764,289,475,612,212600,verified_name_population_match,existing_village_mapping,9,UTTAR PRADESH,162,LUCKNOW,0.0,0.0,0.0,0.0,0.0,0.0,0.0,1.0,0.0,0.0,0.0,0.0,0.0,0.0,0.0,0.0,0.0,0.0,0.0,0.0,0.0,0.0,0.0,0.0,0.0
9,157,821,143525,0,VILLAGE,Saraiya,Rural,184,932,477,455,633,361,272,299,116,183,293,212402,verified_name_population_match,existing_village_mapping,9,UTTAR PRADESH,162,LUCKNOW,0.0,0.0,0.0,0.0,0.0,0.0,0.0,0.0,1.0,0.0,0.0,0.0,0.0,0.0,0.0,0.0,0.0,0.0,0.0,0.0,0.0,0.0,0.0,0.0,0.0
9,157,821,143526,0,VILLAGE,Shahpur Majhgaon,Rural,136,782,407,375,549,316,233,233,91,142,230,212401,verified_name_population_match,existing_village_mapping,9,UTTAR PRADESH,162,LUCKNOW,0.0,0.0,0.0,0.0,0.0,0.0,0.0,0.0,0.0,0.0,1.0,0.0,0.0,0.0,0.0,0.0,0.0,0.0,0.0,0.0,0.0,0.0,0.0,0.0,0.0
9,157,821,143527,0,VILLAGE,Kuroni,Rural,875,4640,2465,2175,2738,1620,1118,1902,845,1057,1805,212306,tehsil_mode_best_effort,existing_village_mapping,9,UTTAR PRADESH,162,LUCKNOW,0.0,0.0,0.0,0.0,0.0,0.0,0.0,0.0,0.0,0.0,0.0,0.0,1.0,0.0,0.0,0.0,0.0,0.0,0.0,0.0,0.0,0.0,0.0,0.0,0.0
9,157,821,143528,0,VILLAGE,Jahanabad,Rural,80,454,237,217,289,176,113,165,61,104,125,212303,tehsil_mode_best_effort,existing_village_mapping,9,UTTAR PRADESH,162,LUCKNOW,0.0,0.0,0.0,0.0,0.0,0.0,0.0,0.0,0.0,1.0,0.0,0.0,0.0,0.0,0.0,0.0,0.0,0.0,0.0,0.0,0.0,0.0,0.0,0.0,0.0
9,157,821,143529,0,VILLAGE,Kishunpur Kodia,Rural,330,1749,945,804,1151,701,450,598,244,354,711,212301,tehsil_mode_best_effort,existing_village_mapping,9,UTTAR PRADESH,162,LUCKNOW,0.0,0.0,0.0,0.0,0.0,0.0,0.0,0.0,0.0,0.0,1.0,0.0,1.0,0.0,0.0,0.0,0.0,0.0,0.0,0.0,0.0,0.0,0.0,0.0,0.0
9,157,821,143530,0,VILLAGE,Khasarwara,Rural,259,1314,695,619,743,448,295,571,247,324,666,212205,tehsil_mode_best_effort,existing_village_mapping,9,UTTAR PRADESH,162,LUCKNOW,0.0,0.0,0.0,0.0,0.0,0.0,0.0,0.0,0.0,1.0,0.0,0.0,0.0,0.0,0.0,0.0,0.0,0.0,0.0,0.0,0.0,0.0,0.0,0.0,0.0
9,157,821,143531,0,VILLAGE,Dhawapur Khasarwara,Rural,153,846,438,408,601,331,270,245,107,138,445,212108,tehsil_mode_best_effort,existing_village_mapping,9,UTTAR PRADESH,162,LUCKNOW,0.0,0.0,0.0,0.0,0.0,0.0,0.0,0.0,0.0,0.0,0.0,0.0,0.0,1.0,2.0,0.0,0.0,0.0,0.0,0.0,0.0,0.0,0.0,0.0,1.0
9,157,821,143532,0,VILLAGE,Bibipur,Rural,376,1963,1020,943,1364,769,595,599,251,348,511,212106,tehsil_mode_best_effort,existing_village_mapping,9,UTTAR PRADESH,162,LUCKNOW,0.0,0.0,0.0,0.0,0.0,0.0,0.0,0.0,0.0,0.0,0.0,0.0,0.0,0.0,0.0,0.0,1.0,0.0,0.0,0.0,0.0,0.0,0.0,0.0,2.0
9,157,821,143533,0,VILLAGE,Memora,Rural,617,2842,1545,1297,2095,1217,878,747,328,419,941,212104,tehsil_mode_best_effort,existing_village_mapping,9,UTTAR PRADESH,162,LUCKNOW,0.0,0.0,0.0,0.0,0.0,0.0,1.0,0.0,0.0,0.0,0.0,0.0,0.0,0.0,0.0,0.0,0.0,0.0,0.0,0.0,0.0,0.0,0.0,0.0,0.0
9,157,821,143534,0,VILLAGE,Neeva,Rural,487,2679,1439,1240,1832,1084,748,847,355,492,887,211019,tehsil_mode_best_effort,existing_village_mapping,9,UTTAR PRADESH,162,LUCKNOW,0.0,0.0,0.0,0.0,0.0,0.0,0.0,0.0,0.0,0.0,0.0,0.0,0.0,0.0,0.0,0.0,0.0,0.0,0.0,0.0,1.0,1.0,0.0,0.0,0.0
9,157,821,143535,0,VILLAGE,Khatola,Rural,235,1280,679,601,716,429,287,564,250,314,541,211016,tehsil_mode_best_effort,existing_village_mapping,9,UTTAR PRADESH,162,LUCKNOW,0.0,0.0,0.0,0.0,0.0,0.0,0.0,0.0,0.0,0.0,1.0,0.0,0.0,0.0,0.0,0.0,0.0,0.0,0.0,0.0,0.0,0.0,0.0,0.0,0.0
9,157,821,143536,0,VILLAGE,Makhdoompur Kaithi,Rural,269,1405,711,694,784,467,317,621,244,377,577,211013,tehsil_mode_best_effort,existing_village_mapping,9,UTTAR PRADESH,162,LUCKNOW,0.0,0.0,0.0,0.0,0.0,0.0,0.0,0.0,0.0,0.0,0.0,0.0,1.0,0.0,0.0,0.0,0.0,0.0,0.0,0.0,0.0,0.0,0.0,0.0,0.0
9,157,821,143537,0,VILLAGE,Ratoli,Rural,187,924,476,448,478,277,201,446,199,247,441,241001,verified_name_population_match,existing_village_mapping,9,UTTAR PRADESH,162,LUCKNOW,1.0,0.0,0.0,0.0,5.0,0.0,1.0,0.0,5.0,4.0,2.0,0.0,3.0,1.0,3.0,0.0,0.0,0.0,0.0,0.0,0.0,1.0,1.0,1.0,7.0
9,157,821,143538,0,VILLAGE,Bhagu Khera,Rural,246,1160,609,551,726,439,287,434,170,264,385,211012,tehsil_mode_best_effort,existing_village_mapping,9,UTTAR PRADESH,162,LUCKNOW,0.0,0.0,0.0,0.0,0.0,0.0,0.0,0.0,0.0,0.0,0.0,0.0,1.0,0.0,0.0,0.0,0.0,0.0,0.0,0.0,0.0,0.0,0.0,0.0,0.0
9,157,821,143539,0,VILLAGE,Jaitikhera,Rural,525,2806,1471,1335,1816,1055,761,990,416,574,1185,211011,tehsil_mode_best_effort,existing_village_mapping,9,UTTAR PRADESH,162,LUCKNOW,0.0,0.0,0.0,0.0,0.0,0.0,0.0,0.0,0.0,0.0,0.0,0.0,0.0,0.0,0.0,0.0,0.0,0.0,1.0,1.0,0.0,0.0,0.0,0.0,0.0
9,157,821,143540,0,VILLAGE,Mati,Rural,1071,5833,3052,2781,3791,2223,1568,2042,829,1213,2022,211008,tehsil_mode_best_effort,existing_village_mapping,9,UTTAR PRADESH,162,LUCKNOW,0.0,0.0,0.0,0.0,0.0,0.0,0.0,0.0,0.0,0.0,0.0,0.0,0.0,0.0,0.0,0.0,0.0,0.0,1.0,0.0,0.0,0.0,0.0,0.0,0.0
9,157,821,143541,0,VILLAGE,Parvar Pashchim,Rural,1043,5341,2807,2534,2982,1754,1228,2359,1053,1306,1863,241123,verified_name_population_match,existing_village_mapping,9,UTTAR PRADESH,162,LUCKNOW,0.0,0.0,0.0,0.0,0.0,0.0,0.0,0.0,0.0,0.0,0.0,0.0,0.0,0.0,0.0,0.0,0.0,0.0,0.0,0.0,0.0,0.0,0.0,0.0,1.0
9,157,821,143542,0,VILLAGE,Parvar Poorab,Rural,493,2280,1215,1065,1309,794,515,971,421,550,802,211007,tehsil_mode_best_effort,existing_village_mapping,9,UTTAR PRADESH,162,LUCKNOW,0.0,0.0,0.0,0.0,0.0,0.0,0.0,0.0,0.0,0.0,0.0,0.0,0.0,0.0,0.0,0.0,0.0,0.0,0.0,0.0,0.0,0.0,0.0,0.0,1.0
9,157,821,143543,0,VILLAGE,Kalli Poorab,Rural,575,2963,1558,1405,1656,974,682,1307,584,723,977,211006,tehsil_mode_best_effort,existing_village_mapping,9,UTTAR PRADESH,162,LUCKNOW,0.0,0.0,0.0,0.0,0.0,0.0,0.0,0.0,0.0,0.0,1.0,0.0,0.0,0.0,0.0,0.0,0.0,0.0,0.0,0.0,0.0,0.0,0.0,0.0,2.0
9,157,821,143544,0,VILLAGE,Birura,Rural,161,827,435,392,461,267,194,366,168,198,229,211003,tehsil_mode_best_effort,existing_village_mapping,9,UTTAR PRADESH,162,LUCKNOW,0.0,0.0,0.0,0.0,1.0,0.0,2.0,0.0,0.0,5.0,2.0,0.0,1.0,0.0,1.0,0.0,0.0,1.0,0.0,1.0,0.0,0.0,0.0,0.0,2.0
9,157,821,143545,0,VILLAGE,Baraulikhalilabad,Rural,307,1531,813,718,725,455,270,806,358,448,421,211002,tehsil_mode_best_effort,existing_village_mapping,9,UTTAR PRADESH,162,LUCKNOW,0.0,0.0,0.0,0.0,0.0,0.0,0.0,0.0,0.0,0.0,0.0,0.0,0.0,0.0,0.0,0.0,0.0,0.0,0.0,1.0,0.0,1.0,0.0,0.0,1.0
9,157,821,143546,0,VILLAGE,Sevai,Rural,461,2665,1390,1275,1553,885,668,1112,505,607,721,211001,tehsil_mode_best_effort,existing_village_mapping,9,UTTAR PRADESH,162,LUCKNOW,0.0,0.0,0.0,0.0,1.0,0.0,2.0,0.0,0.0,0.0,0.0,0.0,0.0,0.0,0.0,0.0,0.0,0.0,0.0,0.0,0.0,0.0,0.0,0.0,2.0
9,157,821,143547,0,VILLAGE,Devamau,Rural,196,983,509,474,598,345,253,385,164,221,297,241124,tehsil_mode_best_effort,existing_village_mapping,9,UTTAR PRADESH,162,LUCKNOW,0.0,0.0,0.0,1.0,0.0,0.0,0.0,0.0,0.0,0.0,1.0,0.0,2.0,0.0,0.0,0.0,0.0,0.0,0.0,0.0,0.0,0.0,0.0,0.0,0.0
9,157,821,143548,0,VILLAGE,Gusval Kala,Rural,199,1197,633,564,792,456,336,405,177,228,342,241126,tehsil_mode_best_effort,existing_village_mapping,9,UTTAR PRADESH,162,LUCKNOW,0.0,0.0,0.0,0.0,0.0,0.0,0.0,0.0,0.0,0.0,0.0,0.0,0.0,0.0,1.0,0.0,0.0,0.0,1.0,0.0,0.0,0.0,1.0,1.0,0.0
9,157,821,143549,0,VILLAGE,Malak,Rural,686,3627,1877,1750,2939,1600,1339,688,277,411,1076,241201,tehsil_mode_best_effort,existing_village_mapping,9,UTTAR PRADESH,162,LUCKNOW,0.0,0.0,0.0,0.0,1.0,0.0,0.0,0.0,0.0,0.0,1.0,0.0,0.0,0.0,1.0,0.0,0.0,0.0,0.0,2.0,1.0,0.0,0.0,0.0,0.0
9,157,821,143550,0,VILLAGE,Harihar Pur,Rural,700,3668,1961,1707,2327,1352,975,1341,609,732,911,241202,tehsil_mode_best_effort,existing_village_mapping,9,UTTAR PRADESH,162,LUCKNOW,0.0,2.0,0.0,0.0,1.0,0.0,0.0,0.0,0.0,2.0,3.0,0.0,0.0,0.0,1.0,0.0,0.0,0.0,1.0,0.0,0.0,0.0,0.0,0.0,0.0
9,157,821,143551,0,VILLAGE,Muzaffar Nagar Ghusval,Rural,242,1497,790,707,952,564,388,545,226,319,506,241203,verified_name_population_match,existing_village_mapping,9,UTTAR PRADESH,162,LUCKNOW,0.0,0.0,0.0,0.0,0.0,0.0,0.0,0.0,0.0,0.0,1.0,0.0,1.0,1.0,3.0,0.0,0.0,0.0,0.0,0.0,0.0,0.0,0.0,0.0,1.0
9,157,821,143552,0,VILLAGE,Ardonamau,Rural,164,922,464,458,603,342,261,319,122,197,230,241204,tehsil_mode_best_effort,existing_village_mapping,9,UTTAR PRADESH,162,LUCKNOW,0.0,1.0,0.0,0.0,15.0,0.0,3.0,0.0,2.0,2.0,4.0,0.0,4.0,0.0,7.0,0.0,1.0,0.0,1.0,1.0,1.0,1.0,0.0,0.0,10.0
9,157,821,143553,0,VILLAGE,Ahmamau,Rural,630,3427,1793,1634,2373,1341,1032,1054,452,602,950,241301,tehsil_mode_best_effort,existing_village_mapping,9,UTTAR PRADESH,162,LUCKNOW,0.0,0.0,0.0,0.0,0.0,1.0,0.0,0.0,0.0,0.0,0.0,0.0,0.0,0.0,1.0,0.0,0.0,0.0,0.0,0.0,0.0,0.0,0.0,0.0,0.0
9,157,821,143554,0,VILLAGE,Yusufnagar,Rural,248,1392,679,713,767,434,333,625,245,380,399,241302,verified_name_population_match,existing_village_mapping,9,UTTAR PRADESH,162,LUCKNOW,0.0,0.0,0.0,0.0,0.0,1.0,0.0,0.0,0.0,0.0,0.0,0.0,0.0,0.0,0.0,0.0,0.0,0.0,0.0,0.0,0.0,0.0,1.0,0.0,0.0
9,157,821,143555,0,VILLAGE,Hasanpur Khevali,Rural,418,2338,1243,1095,1352,848,504,986,395,591,674,241303,tehsil_mode_best_effort,existing_village_mapping,9,UTTAR PRADESH,162,LUCKNOW,0.0,0.0,0.0,0.0,1.0,1.0,1.0,0.0,0.0,1.0,2.0,0.0,0.0,0.0,0.0,0.0,0.0,0.0,0.0,0.0,0.0,0.0,0.0,0.0,2.0
9,157,821,143556,0,VILLAGE,Nijampur Majhigaon,Rural,410,2120,1118,1002,1159,709,450,961,409,552,616,241304,tehsil_mode_best_effort,existing_village_mapping,9,UTTAR PRADESH,162,LUCKNOW,0.0,0.0,0.0,0.0,1.0,0.0,3.0,0.0,1.0,1.0,0.0,0.0,2.0,0.0,2.0,0.0,0.0,0.0,0.0,0.0,0.0,1.0,0.0,0.0,0.0
9,157,821,143557,0,VILLAGE,Barauna,Rural,763,4329,2254,2075,2279,1371,908,2050,883,1167,1203,241305,tehsil_mode_best_effort,existing_village_mapping,9,UTTAR PRADESH,162,LUCKNOW,0.0,0.0,0.0,0.0,1.0,0.0,0.0,0.0,0.0,0.0,0.0,0.0,1.0,0.0,0.0,0.0,0.0,0.0,0.0,0.0,0.0,2.0,0.0,0.0,0.0
9,157,821,800950,0,TOWN,Kakori (NP),Urban,3409,19403,10157,9246,10983,6093,4890,8420,4064,4356,6596,241402,,town_postal_code,9,UTTAR PRADESH,162,LUCKNOW,0.0,0.0,0.0,0.0,0.0,0.0,0.0,0.0,0.0,1.0,0.0,0.0,0.0,0.0,0.0,0.0,0.0,0.0,1.0,0.0,0.0,0.0,0.0,0.0,0.0
9,157,821,800950,1,WARD,Kakori (NP) WARD NO.-0001,Urban,302,1644,852,792,829,476,353,815,376,439,521,241403,,ward_inherited_from_town,9,UTTAR PRADESH,162,LUCKNOW,0.0,0.0,0.0,0.0,1.0,0.0,0.0,0.0,1.0,0.0,1.0,0.0,0.0,0.0,0.0,0.0,0.0,0.0,0.0,0.0,0.0,0.0,0.0,0.0,0.0
9,157,821,800950,2,WARD,Kakori (NP) WARD NO.-0002,Urban,265,1508,799,709,997,556,441,511,243,268,492,241404,,ward_inherited_from_town,9,UTTAR PRADESH,162,LUCKNOW,0.0,0.0,0.0,0.0,0.0,0.0,0.0,0.0,0.0,0.0,0.0,0.0,0.0,0.0,0.0,0.0,0.0,0.0,0.0,0.0,0.0,0.0,0.0,0.0,1.0
9,157,821,800950,3,WARD,Kakori (NP) WARD NO.-0003,Urban,262,1433,739,694,867,469,398,566,270,296,477,241407,,ward_inherited_from_town,9,UTTAR PRADESH,162,LUCKNOW,0.0,0.0,0.0,1.0,0.0,0.0,0.0,0.0,0.0,0.0,0.0,0.0,0.0,0.0,0.0,0.0,0.0,0.0,0.0,0.0,0.0,0.0,1.0,0.0,0.0
9,157,821,800950,4,WARD,Kakori (NP) WARD NO.-0004,Urban,301,1882,991,891,638,368,270,1244,623,621,561,241501,,ward_inherited_from_town,9,UTTAR PRADESH,162,LUCKNOW,0.0,0.0,0.0,0.0,1.0,0.0,0.0,0.0,0.0,0.0,0.0,0.0,0.0,0.0,0.0,0.0,0.0,0.0,0.0,0.0,0.0,0.0,0.0,0.0,0.0
9,157,821,800950,5,WARD,Kakori (NP) WARD NO.-0005,Urban,231,1268,640,628,774,423,351,494,217,277,400,241502,,ward_inherited_from_town,9,UTTAR PRADESH,162,LUCKNOW,0.0,0.0,0.0,0.0,0.0,0.0,0.0,0.0,0.0,0.0,0.0,0.0,1.0,0.0,0.0,0.0,0.0,0.0,0.0,0.0,0.0,0.0,0.0,0.0,0.0
9,157,821,800950,6,WARD,Kakori (NP) WARD NO.-0006,Urban,264,1451,783,668,998,553,445,453,230,223,506,241503,,ward_inherited_from_town,9,UTTAR PRADESH,162,LUCKNOW,0.0,1.0,0.0,0.0,2.0,0.0,0.0,0.0,0.0,1.0,4.0,0.0,4.0,0.0,7.0,0.0,1.0,1.0,0.0,0.0,0.0,0.0,0.0,0.0,2.0
9,157,821,800950,7,WARD,Kakori (NP) WARD NO.-0007,Urban,230,1342,692,650,841,451,390,501,241,260,765,241504,,ward_inherited_from_town,9,UTTAR PRADESH,162,LUCKNOW,0.0,0.0,0.0,0.0,1.0,0.0,0.0,0.0,0.0,0.0,0.0,0.0,0.0,0.0,1.0,0.0,0.0,0.0,0.0,0.0,0.0,0.0,0.0,0.0,1.0
9,157,821,800950,8,WARD,Kakori (NP) WARD NO.-0008,Urban,204,1084,593,491,823,463,360,261,130,131,307,210502,,ward_inherited_from_town,9,UTTAR PRADESH,162,LUCKNOW,0.0,0.0,0.0,0.0,0.0,0.0,0.0,0.0,0.0,0.0,0.0,0.0,0.0,0.0,1.0,0.0,0.0,0.0,0.0,0.0,0.0,0.0,0.0,0.0,0.0
9,157,821,800950,9,WARD,Kakori (NP) WARD NO.-0009,Urban,276,1475,774,701,979,553,426,496,221,275,515,210501,,ward_inherited_from_town,9,UTTAR PRADESH,162,LUCKNOW,0.0,0.0,0.0,0.0,0.0,0.0,0.0,0.0,0.0,0.0,1.0,0.0,0.0,0.0,0.0,0.0,0.0,0.0,0.0,0.0,0.0,0.0,0.0,0.0,0.0
9,157,821,800950,10,WARD,Kakori (NP) WARD NO.-0010,Urban,266,1517,801,716,850,471,379,667,330,337,494,210431,,ward_inherited_from_town,9,UTTAR PRADESH,162,LUCKNOW,0.0,0.0,0.0,0.0,0.0,0.0,0.0,0.0,0.0,0.0,0.0,0.0,1.0,0.0,0.0,0.0,0.0,0.0,0.0,0.0,0.0,0.0,0.0,0.0,0.0
9,157,821,800950,11,WARD,Kakori (NP) WARD NO.-0011,Urban,338,1953,1035,918,992,561,431,961,474,487,753,210427,,ward_inherited_from_town,9,UTTAR PRADESH,162,LUCKNOW,0.0,0.0,0.0,0.0,0.0,0.0,0.0,0.0,0.0,0.0,0.0,0.0,1.0,0.0,0.0,0.0,0.0,0.0,0.0,0.0,0.0,0.0,0.0,0.0,0.0
9,157,821,800950,12,WARD,Kakori (NP) WARD NO.-0012,Urban,202,1258,657,601,682,373,309,576,284,292,332,210301,,ward_inherited_from_town,9,UTTAR PRADESH,162,LUCKNOW,0.0,0.0,0.0,0.0,0.0,0.0,0.0,0.0,0.0,0.0,0.0,0.0,0.0,0.0,1.0,0.0,0.0,0.0,0.0,0.0,0.0,0.0,0.0,0.0,0.0
9,157,821,800950,13,WARD,Kakori (NP) WARD NO.-0013,Urban,268,1588,801,787,713,376,337,875,425,450,473,210209,,ward_inherited_from_town,9,UTTAR PRADESH,162,LUCKNOW,0.0,0.0,0.0,0.0,1.0,0.0,0.0,0.0,0.0,0.0,0.0,0.0,0.0,0.0,0.0,0.0,0.0,0.0,0.0,0.0,0.0,0.0,0.0,0.0,0.0
9,157,821,800951,0,TOWN,Lucknow (M Corp.),Urban,538149,2817105,1460970,1356135,2081727,1124261,957466,735378,336709,398669,944295,210205,,town_postal_code,9,UTTAR PRADESH,162,LUCKNOW,0.0,0.0,0.0,0.0,0.0,1.0,0.0,0.0,0.0,0.0,1.0,0.0,0.0,0.0,0.0,0.0,0.0,0.0,0.0,0.0,0.0,0.0,0.0,0.0,0.0
9,157,821,800951,1,WARD,Lucknow (M Corp.) WARD NO.-0001,Urban,8570,43282,22531,20751,32471,18001,14470,10811,4530,6281,12689,210001,,ward_inherited_from_town,9,UTTAR PRADESH,162,LUCKNOW,0.0,0.0,0.0,0.0,3.0,0.0,2.0,0.0,0.0,3.0,0.0,0.0,0.0,0.0,0.0,0.0,0.0,0.0,0.0,0.0,0.0,0.0,0.0,0.0,2.0
9,157,821,800951,2,WARD,Lucknow (M Corp.) WARD NO.-0002,Urban,8251,41971,22194,19777,28000,15956,12044,13971,6238,7733,14181,242001,,ward_inherited_from_town,9,UTTAR PRADESH,162,LUCKNOW,0.0,0.0,0.0,0.0,1.0,0.0,0.0,0.0,0.0,0.0,0.0,0.0,0.0,0.0,0.0,0.0,0.0,0.0,0.0,0.0,0.0,0.0,0.0,0.0,1.0
9,157,821,800951,3,WARD,Lucknow (M Corp.) WARD NO.-0003,Urban,3350,17988,9166,8822,11921,6305,5616,6067,2861,3206,5875,242104,,ward_inherited_from_town,9,UTTAR PRADESH,162,LUCKNOW,0.0,0.0,0.0,0.0,0.0,0.0,1.0,0.0,0.0,0.0,0.0,0.0,0.0,0.0,0.0,0.0,0.0,0.0,0.0,0.0,0.0,0.0,0.0,0.0,0.0
9,157,821,800951,4,WARD,Lucknow (M Corp.) WARD NO.-0004,Urban,4012,22717,12009,10708,15667,9042,6625,7050,2967,4083,7653,209881,,ward_inherited_from_town,9,UTTAR PRADESH,162,LUCKNOW,0.0,0.0,0.0,0.0,0.0,0.0,0.0,0.0,3.0,0.0,2.0,0.0,0.0,0.0,0.0,0.0,0.0,0.0,2.0,0.0,0.0,0.0,0.0,0.0,1.0
9,157,821,800951,5,WARD,Lucknow (M Corp.) WARD NO.-0005,Urban,4267,21960,11562,10398,13247,7645,5602,8713,3917,4796,6921,242127,,ward_inherited_from_town,9,UTTAR PRADESH,162,LUCKNOW,0.0,0.0,0.0,0.0,0.0,0.0,0.0,0.0,0.0,0.0,0.0,0.0,0.0,0.0,1.0,0.0,0.0,0.0,0.0,0.0,0.0,0.0,0.0,0.0,0.0
9,157,821,800951,6,WARD,Lucknow (M Corp.) WARD NO.-0006,Urban,7276,38910,20685,18225,24783,14220,10563,14127,6465,7662,13236,209871,,ward_inherited_from_town,9,UTTAR PRADESH,162,LUCKNOW,0.0,0.0,0.0,0.0,0.0,0.0,0.0,0.0,0.0,0.0,0.0,0.0,0.0,0.0,0.0,0.0,0.0,0.0,0.0,0.0,0.0,0.0,0.0,0.0,1.0
9,157,821,800951,7,WARD,Lucknow (M Corp.) WARD NO.-0007,Urban,3662,18999,10005,8994,13553,7441,6112,5446,2564,2882,6315,209870,,ward_inherited_from_town,9,UTTAR PRADESH,162,LUCKNOW,0.0,0.0,0.0,0.0,0.0,0.0,0.0,0.0,0.0,0.0,0.0,0.0,0.0,0.0,1.0,0.0,0.0,0.0,0.0,0.0,0.0,0.0,0.0,0.0,0.0
9,157,821,800951,8,WARD,Lucknow (M Corp.) WARD NO.-0008,Urban,5073,25553,13187,12366,18403,9916,8487,7150,3271,3879,8713,209868,,ward_inherited_from_town,9,UTTAR PRADESH,162,LUCKNOW,0.0,0.0,0.0,0.0,2.0,0.0,0.0,0.0,0.0,0.0,0.0,0.0,0.0,0.0,0.0,0.0,0.0,0.0,0.0,0.0,0.0,0.0,0.0,0.0,0.0
9,157,821,800951,9,WARD,Lucknow (M Corp.) WARD NO.-0009,Urban,9001,50574,26489,24085,30622,17076,13546,19952,9413,10539,14709,209861,,ward_inherited_from_town,9,UTTAR PRADESH,162,LUCKNOW,0.0,0.0,0.0,0.0,1.0,0.0,0.0,0.0,0.0,0.0,0.0,0.0,0.0,0.0,0.0,0.0,0.0,0.0,0.0,0.0,0.0,1.0,0.0,0.0,1.0
9,157,821,800951,10,WARD,Lucknow (M Corp.) WARD NO.-0010,Urban,7099,38053,19823,18230,29676,16343,13333,8377,3480,4897,11639,209859,,ward_inherited_from_town,9,UTTAR PRADESH,162,LUCKNOW,0.0,0.0,0.0,0.0,7.0,3.0,0.0,0.0,0.0,0.0,3.0,0.0,4.0,0.0,6.0,0.0,1.0,1.0,0.0,0.0,0.0,1.0,0.0,0.0,6.0
9,157,821,800951,11,WARD,Lucknow (M Corp.) WARD NO.-0011,Urban,10850,54513,28888,25625,39749,22140,17609,14764,6748,8016,17149,209841,,ward_inherited_from_town,9,UTTAR PRADESH,162,LUCKNOW,0.0,0.0,0.0,0.0,2.0,0.0,0.0,0.0,0.0,0.0,0.0,0.0,0.0,0.0,0.0,0.0,1.0,0.0,0.0,0.0,0.0,1.0,1.0,0.0,1.0
9,157,821,800951,12,WARD,Lucknow (M Corp.) WARD NO.-0012,Urban,10202,55227,29272,25955,35677,20316,15361,19550,8956,10594,16980,209831,,ward_inherited_from_town,9,UTTAR PRADESH,162,LUCKNOW,0.0,0.0,0.0,0.0,1.0,0.0,0.0,0.0,1.0,0.0,0.0,0.0,0.0,0.0,1.0,0.0,0.0,0.0,0.0,0.0,0.0,0.0,0.0,0.0,2.0
9,157,821,800951,13,WARD,Lucknow (M Corp.) WARD NO.-0013,Urban,3661,19668,10168,9500,15690,8366,7324,3978,1802,2176,6526,209827,,ward_inherited_from_town,9,UTTAR PRADESH,162,LUCKNOW,0.0,0.0,0.0,0.0,1.0,0.0,0.0,0.0,1.0,2.0,0.0,0.0,0.0,0.0,1.0,0.0,0.0,0.0,0.0,0.0,0.0,0.0,0.0,0.0,1.0
9,157,821,800951,14,WARD,Lucknow (M Corp.) WARD NO.-0014,Urban,3580,19946,10508,9438,13335,7627,5708,6611,2881,3730,6230,209825,,ward_inherited_from_town,9,UTTAR PRADESH,162,LUCKNOW,1.0,1.0,0.0,0.0,1.0,0.0,0.0,0.0,0.0,0.0,1.0,0.0,1.0,0.0,3.0,0.0,0.0,0.0,1.0,0.0,0.0,0.0,0.0,0.0,2.0
9,157,821,800951,15,WARD,Lucknow (M Corp.) WARD NO.-0015,Urban,8601,46057,24418,21639,34165,19232,14933,11892,5186,6706,14585,209824,,ward_inherited_from_town,9,UTTAR PRADESH,162,LUCKNOW,0.0,0.0,0.0,0.0,0.0,0.0,0.0,0.0,0.0,0.0,0.0,0.0,1.0,0.0,0.0,0.0,0.0,0.0,0.0,0.0,0.0,0.0,0.0,0.0,0.0
9,157,821,800951,16,WARD,Lucknow (M Corp.) WARD NO.-0016,Urban,10449,55566,29442,26124,33148,19059,14089,22418,10383,12035,16025,209821,,ward_inherited_from_town,9,UTTAR PRADESH,162,LUCKNOW,0.0,2.0,0.0,0.0,1.0,0.0,1.0,0.0,4.0,0.0,2.0,0.0,1.0,0.0,5.0,0.0,1.0,0.0,1.0,0.0,0.0,1.0,4.0,0.0,1.0
9,157,821,800951,17,WARD,Lucknow (M Corp.) WARD NO.-0017,Urban,3667,16072,8540,7532,11722,6391,5331,4350,2149,2201,5679,209808,,ward_inherited_from_town,9,UTTAR PRADESH,162,LUCKNOW,0.0,1.0,0.0,0.0,0.0,0.0,0.0,0.0,0.0,0.0,0.0,0.0,0.0,0.0,0.0,0.0,0.0,0.0,0.0,0.0,0.0,0.0,0.0,0.0,0.0
9,157,821,800951,18,WARD,Lucknow (M Corp.) WARD NO.-0018,Urban,4300,23292,11917,11375,19588,10219,9369,3704,1698,2006,8175,209801,,ward_inherited_from_town,9,UTTAR PRADESH,162,LUCKNOW,0.0,0.0,0.0,1.0,2.0,0.0,1.0,0.0,2.0,5.0,3.0,0.0,3.0,0.0,4.0,0.0,0.0,0.0,0.0,0.0,2.0,1.0,1.0,0.0,8.0
9,157,821,800951,19,WARD,Lucknow (M Corp.) WARD NO.-0019,Urban,4595,23588,12176,11412,18285,10097,8188,5303,2079,3224,8064,242221,,ward_inherited_from_town,9,UTTAR PRADESH,162,LUCKNOW,0.0,0.0,0.0,0.0,0.0,0.0,0.0,0.0,0.0,0.0,1.0,0.0,1.0,0.0,0.0,0.0,0.0,0.0,0.0,0.0,1.0,0.0,0.0,0.0,0.0
9,157,821,800951,20,WARD,Lucknow (M Corp.) WARD NO.-0020,Urban,3819,19054,9874,9180,14605,8004,6601,4449,1870,2579,5887,209739,,ward_inherited_from_town,9,UTTAR PRADESH,162,LUCKNOW,0.0,0.0,0.0,0.0,0.0,0.0,0.0,0.0,0.0,0.0,0.0,0.0,1.0,0.0,0.0,0.0,0.0,0.0,0.0,0.0,0.0,0.0,0.0,0.0,0.0
9,157,821,800951,21,WARD,Lucknow (M Corp.) WARD NO.-0021,Urban,14270,68993,36009,32984,54721,29836,24885,14272,6173,8099,22989,209732,,ward_inherited_from_town,9,UTTAR PRADESH,162,LUCKNOW,0.0,0.0,0.0,0.0,0.0,0.0,0.0,0.0,0.0,0.0,0.0,0.0,0.0,0.0,1.0,0.0,0.0,0.0,0.0,0.0,0.0,0.0,0.0,0.0,0.0
9,157,821,800951,22,WARD,Lucknow (M Corp.) WARD NO.-0022,Urban,4751,27010,14124,12886,21780,11798,9982,5230,2326,2904,9280,209722,,ward_inherited_from_town,9,UTTAR PRADESH,162,LUCKNOW,0.0,0.0,0.0,0.0,1.0,0.0,0.0,0.0,0.0,0.0,0.0,0.0,0.0,0.0,0.0,0.0,0.0,0.0,0.0,0.0,0.0,0.0,0.0,0.0,0.0
9,157,821,800951,23,WARD,Lucknow (M Corp.) WARD NO.-0023,Urban,3713,19263,9800,9463,14292,7548,6744,4971,2252,2719,6362,242301,,ward_inherited_from_town,9,UTTAR PRADESH,162,LUCKNOW,0.0,0.0,0.0,0.0,0.0,0.0,0.0,0.0,0.0,1.0,0.0,0.0,0.0,0.0,0.0,0.0,0.0,0.0,0.0,0.0,0.0,0.0,0.0,0.0,0.0
9,157,821,800951,24,WARD,Lucknow (M Corp.) WARD NO.-0024,Urban,7023,35400,18296,17104,26293,14217,12076,9107,4079,5028,11504,209625,,ward_inherited_from_town,9,UTTAR PRADESH,162,LUCKNOW,0.0,0.0,0.0,0.0,1.0,0.0,0.0,0.0,0.0,1.0,0.0,0.0,0.0,0.0,0.0,0.0,0.0,0.0,0.0,0.0,0.0,0.0,0.0,0.0,0.0
9,157,821,800951,25,WARD,Lucknow (M Corp.) WARD NO.-0025,Urban,6547,35312,18245,17067,21829,12049,9780,13483,6196,7287,11464,209601,,ward_inherited_from_town,9,UTTAR PRADESH,162,LUCKNOW,0.0,0.0,0.0,0.0,1.0,0.0,0.0,0.0,0.0,0.0,0.0,0.0,0.0,0.0,0.0,0.0,0.0,0.0,0.0,0.0,0.0,0.0,0.0,0.0,0.0
9,157,821,800951,26,WARD,Lucknow (M Corp.) WARD NO.-0026,Urban,3606,19965,10341,9624,16650,8987,7663,3315,1354,1961,6667,242401,,ward_inherited_from_town,9,UTTAR PRADESH,162,LUCKNOW,0.0,0.0,0.0,0.0,0.0,0.0,0.0,0.0,0.0,0.0,1.0,0.0,0.0,0.0,0.0,0.0,0.0,0.0,0.0,0.0,0.0,0.0,0.0,0.0,0.0
9,157,821,800951,27,WARD,Lucknow (M Corp.) WARD NO.-0027,Urban,3624,18326,9413,8913,14050,7498,6552,4276,1915,2361,6658,242405,,ward_inherited_from_town,9,UTTAR PRADESH,162,LUCKNOW,0.0,0.0,0.0,0.0,1.0,0.0,0.0,0.0,0.0,2.0,0.0,0.0,0.0,0.0,0.0,0.0,1.0,0.0,0.0,0.0,0.0,0.0,0.0,0.0,0.0
9,157,821,800951,28,WARD,Lucknow (M Corp.) WARD NO.-0028,Urban,4321,25218,13141,12077,19862,10856,9006,5356,2285,3071,8452,209506,,ward_inherited_from_town,9,UTTAR PRADESH,162,LUCKNOW,0.0,0.0,0.0,0.0,2.0,0.0,0.0,0.0,0.0,0.0,0.0,0.0,0.0,0.0,0.0,0.0,0.0,0.0,0.0,0.0,0.0,1.0,0.0,0.0,0.0
9,157,821,800951,29,WARD,Lucknow (M Corp.) WARD NO.-0029,Urban,4984,22318,11807,10511,16881,9191,7690,5437,2616,2821,8555,209203,,ward_inherited_from_town,9,UTTAR PRADESH,162,LUCKNOW,0.0,0.0,0.0,0.0,1.0,0.0,0.0,0.0,0.0,0.0,0.0,0.0,0.0,0.0,0.0,0.0,0.0,0.0,0.0,0.0,0.0,0.0,0.0,0.0,0.0
9,157,821,800951,30,WARD,Lucknow (M Corp.) WARD NO.-0030,Urban,10335,53630,27960,25670,39499,21679,17820,14131,6281,7850,16364,209201,,ward_inherited_from_town,9,UTTAR PRADESH,162,LUCKNOW,0.0,0.0,0.0,0.0,0.0,0.0,0.0,0.0,1.0,0.0,0.0,0.0,0.0,0.0,0.0,0.0,0.0,0.0,0.0,0.0,0.0,0.0,0.0,0.0,0.0
9,157,821,800951,31,WARD,Lucknow (M Corp.) WARD NO.-0031,Urban,2034,11065,5595,5470,8577,4553,4024,2488,1042,1446,4044,243001,,ward_inherited_from_town,9,UTTAR PRADESH,162,LUCKNOW,0.0,0.0,0.0,0.0,0.0,0.0,1.0,0.0,0.0,1.0,0.0,0.0,0.0,0.0,0.0,0.0,0.0,0.0,0.0,0.0,0.0,0.0,0.0,0.0,1.0
9,157,821,800951,32,WARD,Lucknow (M Corp.) WARD NO.-0032,Urban,9692,52328,27059,25269,37429,20482,16947,14899,6577,8322,15722,243005,,ward_inherited_from_town,9,UTTAR PRADESH,162,LUCKNOW,0.0,1.0,0.0,0.0,0.0,0.0,0.0,0.0,0.0,0.0,0.0,0.0,0.0,0.0,0.0,0.0,0.0,1.0,0.0,0.0,0.0,1.0,0.0,0.0,2.0
9,157,821,800951,33,WARD,Lucknow (M Corp.) WARD NO.-0033,Urban,3449,17224,8838,8386,12994,6834,6160,4230,2004,2226,6776,243006,,ward_inherited_from_town,9,UTTAR PRADESH,162,LUCKNOW,0.0,0.0,0.0,0.0,1.0,0.0,0.0,0.0,0.0,0.0,0.0,0.0,0.0,0.0,0.0,0.0,0.0,0.0,0.0,0.0,0.0,0.0,0.0,0.0,0.0
9,157,821,800951,34,WARD,Lucknow (M Corp.) WARD NO.-0034,Urban,3186,15832,8372,7460,11869,6445,5424,3963,1927,2036,6226,243122,,ward_inherited_from_town,9,UTTAR PRADESH,162,LUCKNOW,0.0,0.0,0.0,0.0,0.0,0.0,1.0,0.0,0.0,0.0,0.0,0.0,0.0,0.0,1.0,0.0,0.0,2.0,0.0,0.0,0.0,0.0,0.0,0.0,1.0
9,157,821,800951,35,WARD,Lucknow (M Corp.) WARD NO.-0035,Urban,6305,31756,16631,15125,23628,12964,10664,8128,3667,4461,9993,243502,,ward_inherited_from_town,9,UTTAR PRADESH,162,LUCKNOW,0.0,0.0,0.0,0.0,0.0,0.0,0.0,0.0,0.0,1.0,0.0,0.0,0.0,0.0,0.0,0.0,0.0,0.0,0.0,0.0,0.0,0.0,0.0,0.0,0.0
9,157,821,800951,36,WARD,Lucknow (M Corp.) WARD NO.-0036,Urban,5525,26795,13829,12966,22030,11694,10336,4765,2135,2630,8894,243601,,ward_inherited_from_town,9,UTTAR PRADESH,162,LUCKNOW,0.0,0.0,0.0,0.0,0.0,0.0,0.0,0.0,0.0,0.0,1.0,0.0,0.0,0.0,0.0,0.0,0.0,0.0,0.0,0.0,0.0,0.0,0.0,0.0,0.0
9,157,821,800951,37,WARD,Lucknow (M Corp.) WARD NO.-0037,Urban,4508,21207,10665,10542,17861,9211,8650,3346,1454,1892,7245,243633,,ward_inherited_from_town,9,UTTAR PRADESH,162,LUCKNOW,0.0,0.0,0.0,0.0,0.0,0.0,0.0,0.0,0.0,0.0,0.0,0.0,0.0,0.0,0.0,1.0,0.0,0.0,0.0,0.0,0.0,1.0,0.0,0.0,6.0
9,157,821,800951,38,WARD,Lucknow (M Corp.) WARD NO.-0038,Urban,4463,20544,10345,10199,16559,8512,8047,3985,1833,2152,7126,243724,,ward_inherited_from_town,9,UTTAR PRADESH,162,LUCKNOW,0.0,0.0,0.0,0.0,0.0,0.0,1.0,0.0,0.0,0.0,0.0,0.0,0.0,0.0,0.0,0.0,0.0,0.0,0.0,0.0,0.0,0.0,0.0,0.0,0.0
9,157,821,800951,39,WARD,Lucknow (M Corp.) WARD NO.-0039,Urban,2740,14829,7643,7186,11641,6196,5445,3188,1447,1741,5371,243751,,ward_inherited_from_town,9,UTTAR PRADESH,162,LUCKNOW,0.0,0.0,0.0,0.0,0.0,0.0,0.0,0.0,0.0,0.0,3.0,0.0,0.0,0.0,0.0,0.0,0.0,0.0,0.0,0.0,0.0,0.0,0.0,0.0,0.0
9,157,821,800951,40,WARD,Lucknow (M Corp.) WARD NO.-0040,Urban,6609,31412,16431,14981,24602,13418,11184,6810,3013,3797,10803,208027,,ward_inherited_from_town,9,UTTAR PRADESH,162,LUCKNOW,0.0,0.0,0.0,0.0,1.0,0.0,1.0,0.0,0.0,0.0,2.0,0.0,2.0,0.0,2.0,0.0,0.0,0.0,0.0,0.0,2.0,0.0,0.0,0.0,0.0
9,157,821,800951,41,WARD,Lucknow (M Corp.) WARD NO.-0041,Urban,6772,34903,17885,17018,26837,14685,12152,8066,3200,4866,11336,208026,,ward_inherited_from_town,9,UTTAR PRADESH,162,LUCKNOW,0.0,0.0,0.0,0.0,0.0,0.0,0.0,0.0,0.0,0.0,0.0,0.0,0.0,0.0,0.0,0.0,1.0,0.0,0.0,0.0,0.0,0.0,0.0,0.0,0.0
9,157,821,800951,42,WARD,Lucknow (M Corp.) WARD NO.-0042,Urban,3514,16816,8838,7978,13629,7439,6190,3187,1399,1788,5834,208025,,ward_inherited_from_town,9,UTTAR PRADESH,162,LUCKNOW,0.0,0.0,0.0,0.0,0.0,0.0,0.0,0.0,0.0,2.0,0.0,0.0,0.0,0.0,0.0,0.0,0.0,0.0,0.0,0.0,0.0,1.0,0.0,0.0,3.0
9,157,821,800951,43,WARD,Lucknow (M Corp.) WARD NO.-0043,Urban,5136,24961,12999,11962,18968,10350,8618,5993,2649,3344,8128,208023,,ward_inherited_from_town,9,UTTAR PRADESH,162,LUCKNOW,0.0,0.0,0.0,0.0,1.0,0.0,0.0,0.0,0.0,0.0,0.0,0.0,0.0,0.0,1.0,0.0,0.0,0.0,0.0,0.0,0.0,1.0,0.0,0.0,1.0
9,157,821,800951,44,WARD,Lucknow (M Corp.) WARD NO.-0044,Urban,5622,29270,15189,14081,24514,13090,11424,4756,2099,2657,9893,208022,,ward_inherited_from_town,9,UTTAR PRADESH,162,LUCKNOW,0.0,0.0,0.0,0.0,2.0,0.0,0.0,0.0,0.0,0.0,0.0,0.0,0.0,0.0,0.0,0.0,0.0,0.0,1.0,0.0,0.0,0.0,0.0,0.0,0.0
9,157,821,800951,45,WARD,Lucknow (M Corp.) WARD NO.-0045,Urban,6026,29036,15068,13968,21432,11598,9834,7604,3470,4134,10860,208021,,ward_inherited_from_town,9,UTTAR PRADESH,162,LUCKNOW,0.0,0.0,0.0,0.0,0.0,0.0,0.0,0.0,0.0,0.0,1.0,0.0,0.0,0.0,0.0,0.0,0.0,0.0,0.0,1.0,0.0,0.0,1.0,0.0,0.0
9,157,821,800951,46,WARD,Lucknow (M Corp.) WARD NO.-0046,Urban,4474,24264,12363,11901,17434,9114,8320,6830,3249,3581,8034,208020,,ward_inherited_from_town,9,UTTAR PRADESH,162,LUCKNOW,0.0,0.0,0.0,0.0,0.0,1.0,0.0,0.0,0.0,0.0,0.0,0.0,0.0,0.0,1.0,0.0,0.0,0.0,0.0,0.0,0.0,0.0,0.0,0.0,1.0
9,157,821,800951,47,WARD,Lucknow (M Corp.) WARD NO.-0047,Urban,5742,32543,16933,15610,18767,10280,8487,13776,6653,7123,10592,208019,,ward_inherited_from_town,9,UTTAR PRADESH,162,LUCKNOW,0.0,0.0,0.0,0.0,1.0,0.0,0.0,0.0,0.0,0.0,0.0,0.0,0.0,0.0,1.0,0.0,0.0,0.0,0.0,0.0,0.0,0.0,1.0,0.0,1.0
9,157,821,800951,48,WARD,Lucknow (M Corp.) WARD NO.-0048,Urban,4054,21552,11044,10508,16587,8818,7769,4965,2226,2739,7933,208017,,ward_inherited_from_town,9,UTTAR PRADESH,162,LUCKNOW,0.0,0.0,0.0,0.0,0.0,0.0,0.0,0.0,0.0,0.0,0.0,0.0,0.0,0.0,0.0,0.0,0.0,1.0,0.0,0.0,0.0,0.0,0.0,0.0,1.0
9,157,821,800951,49,WARD,Lucknow (M Corp.) WARD NO.-0049,Urban,4526,21023,11026,9997,17904,9690,8214,3119,1336,1783,7211,208016,,ward_inherited_from_town,9,UTTAR PRADESH,162,LUCKNOW,0.0,0.0,0.0,0.0,0.0,0.0,2.0,0.0,1.0,0.0,0.0,0.0,0.0,0.0,0.0,0.0,0.0,0.0,0.0,0.0,0.0,0.0,0.0,0.0,0.0
9,157,821,800951,50,WARD,Lucknow (M Corp.) WARD NO.-0050,Urban,3604,18196,9352,8844,15156,8007,7149,3040,1345,1695,5737,208014,,ward_inherited_from_town,9,UTTAR PRADESH,162,LUCKNOW,0.0,1.0,0.0,1.0,5.0,0.0,0.0,0.0,0.0,1.0,2.0,0.0,0.0,0.0,0.0,0.0,0.0,0.0,0.0,0.0,0.0,0.0,0.0,0.0,1.0
9,157,821,800951,51,WARD,Lucknow (M Corp.) WARD NO.-0051,Urban,3714,22192,11351,10841,13955,7477,6478,8237,3874,4363,8003,208013,,ward_inherited_from_town,9,UTTAR PRADESH,162,LUCKNOW,0.0,1.0,0.0,0.0,2.0,0.0,0.0,0.0,0.0,2.0,0.0,0.0,1.0,0.0,0.0,0.0,0.0,0.0,0.0,0.0,0.0,0.0,0.0,0.0,0.0
9,157,821,800951,52,WARD,Lucknow (M Corp.) WARD NO.-0052,Urban,4649,21938,11294,10644,16848,8957,7891,5090,2337,2753,7780,208012,,ward_inherited_from_town,9,UTTAR PRADESH,162,LUCKNOW,0.0,0.0,0.0,0.0,2.0,0.0,0.0,0.0,0.0,0.0,0.0,0.0,0.0,0.0,0.0,0.0,0.0,0.0,0.0,0.0,0.0,1.0,0.0,1.0,2.0
9,157,821,800951,53,WARD,Lucknow (M Corp.) WARD NO.-0053,Urban,5189,29006,15051,13955,19643,10565,9078,9363,4486,4877,9497,208011,,ward_inherited_from_town,9,UTTAR PRADESH,162,LUCKNOW,0.0,0.0,0.0,0.0,2.0,0.0,0.0,0.0,7.0,1.0,0.0,0.0,1.0,0.0,1.0,0.0,0.0,0.0,0.0,0.0,0.0,0.0,0.0,0.0,8.0
9,157,821,800951,54,WARD,Lucknow (M Corp.) WARD NO.-0054,Urban,3213,17086,8859,8227,13391,7191,6200,3695,1668,2027,6521,208010,,ward_inherited_from_town,9,UTTAR PRADESH,162,LUCKNOW,1.0,0.0,0.0,0.0,0.0,0.0,0.0,0.0,0.0,0.0,1.0,0.0,0.0,0.0,0.0,0.0,0.0,0.0,0.0,0.0,0.0,0.0,0.0,0.0,0.0
9,157,821,800951,55,WARD,Lucknow (M Corp.) WARD NO.-0055,Urban,3349,17087,8827,8260,13486,7213,6273,3601,1614,1987,5758,208007,,ward_inherited_from_town,9,UTTAR PRADESH,162,LUCKNOW,0.0,0.0,0.0,0.0,4.0,0.0,1.0,0.0,1.0,0.0,1.0,0.0,1.0,0.0,1.0,1.0,2.0,0.0,0.0,1.0,0.0,0.0,0.0,0.0,4.0
9,157,821,800951,56,WARD,Lucknow (M Corp.) WARD NO.-0056,Urban,3002,16353,8357,7996,11584,6161,5423,4769,2196,2573,5396,208006,,ward_inherited_from_town,9,UTTAR PRADESH,162,LUCKNOW,0.0,0.0,0.0,0.0,0.0,0.0,0.0,1.0,0.0,0.0,0.0,0.0,0.0,0.0,0.0,0.0,0.0,0.0,0.0,0.0,0.0,0.0,0.0,0.0,0.0
9,157,821,800951,57,WARD,Lucknow (M Corp.) WARD NO.-0057,Urban,3326,17016,8869,8147,12433,6898,5535,4583,1971,2612,5811,208003,,ward_inherited_from_town,9,UTTAR PRADESH,162,LUCKNOW,0.0,0.0,0.0,0.0,1.0,2.0,0.0,0.0,0.0,1.0,1.0,0.0,0.0,0.0,0.0,0.0,0.0,0.0,0.0,0.0,0.0,0.0,0.0,0.0,0.0
9,157,821,800951,58,WARD,Lucknow (M Corp.) WARD NO.-0058,Urban,4266,23299,12089,11210,19456,10361,9095,3843,1728,2115,7556,208002,,ward_inherited_from_town,9,UTTAR PRADESH,162,LUCKNOW,0.0,0.0,0.0,0.0,0.0,0.0,0.0,0.0,1.0,0.0,0.0,0.0,0.0,0.0,0.0,0.0,0.0,0.0,0.0,0.0,0.0,0.0,0.0,0.0,0.0
9,157,821,800951,59,WARD,Lucknow (M Corp.) WARD NO.-0059,Urban,3893,22074,11508,10566,14015,7503,6512,8059,4005,4054,7392,208001,,ward_inherited_from_town,9,UTTAR PRADESH,162,LUCKNOW,0.0,0.0,0.0,0.0,9.0,0.0,1.0,0.0,0.0,3.0,2.0,0.0,1.0,0.0,0.0,0.0,0.0,1.0,0.0,0.0,0.0,0.0,0.0,0.0,3.0
9,157,821,800951,60,WARD,Lucknow (M Corp.) WARD NO.-0060,Urban,3674,18365,9445,8920,14324,7647,6677,4041,1798,2243,6221,244001,,ward_inherited_from_town,9,UTTAR PRADESH,162,LUCKNOW,0.0,0.0,0.0,0.0,0.0,0.0,0.0,0.0,0.0,1.0,0.0,0.0,0.0,0.0,0.0,0.0,0.0,0.0,0.0,1.0,0.0,0.0,0.0,0.0,2.0
9,157,821,800951,61,WARD,Lucknow (M Corp.) WARD NO.-0061,Urban,3185,17218,8461,8757,13048,6773,6275,4170,1688,2482,6503,244221,,ward_inherited_from_town,9,UTTAR PRADESH,162,LUCKNOW,0.0,0.0,0.0,0.0,0.0,0.0,0.0,0.0,0.0,0.0,1.0,0.0,0.0,0.0,0.0,0.0,0.0,0.0,0.0,0.0,0.0,0.0,0.0,0.0,1.0
9,157,821,800951,62,WARD,Lucknow (M Corp.) WARD NO.-0062,Urban,4777,24040,12569,11471,18122,9875,8247,5918,2694,3224,8534,244225,,ward_inherited_from_town,9,UTTAR PRADESH,162,LUCKNOW,0.0,0.0,0.0,0.0,0.0,0.0,0.0,0.0,0.0,0.0,1.0,0.0,0.0,0.0,0.0,0.0,0.0,0.0,0.0,0.0,0.0,0.0,0.0,0.0,0.0
9,157,821,800951,63,WARD,Lucknow (M Corp.) WARD NO.-0063,Urban,5625,30739,15947,14792,24675,13255,11420,6064,2692,3372,10832,244231,,ward_inherited_from_town,9,UTTAR PRADESH,162,LUCKNOW,0.0,0.0,0.0,0.0,0.0,0.0,1.0,0.0,0.0,0.0,0.0,0.0,0.0,0.0,0.0,0.0,0.0,0.0,0.0,0.0,0.0,0.0,0.0,0.0,0.0
9,157,821,800951,64,WARD,Lucknow (M Corp.) WARD NO.-0064,Urban,3492,17919,9218,8701,14834,7810,7024,3085,1408,1677,6482,244255,,ward_inherited_from_town,9,UTTAR PRADESH,162,LUCKNOW,0.0,0.0,0.0,0.0,0.0,0.0,1.0,0.0,0.0,0.0,0.0,0.0,0.0,0.0,0.0,0.0,0.0,0.0,0.0,0.0,0.0,0.0,0.0,0.0,0.0
9,157,821,800951,65,WARD,Lucknow (M Corp.) WARD NO.-0065,Urban,3109,15583,8053,7530,12227,6549,5678,3356,1504,1852,6305,244302,,ward_inherited_from_town,9,UTTAR PRADESH,162,LUCKNOW,0.0,0.0,0.0,0.0,0.0,0.0,0.0,0.0,0.0,1.0,0.0,0.0,0.0,0.0,0.0,0.0,0.0,0.0,0.0,0.0,0.0,0.0,0.0,0.0,0.0
9,157,821,800951,66,WARD,Lucknow (M Corp.) WARD NO.-0066,Urban,6388,32880,16971,15909,25543,13738,11805,7337,3233,4104,11009,207502,,ward_inherited_from_town,9,UTTAR PRADESH,162,LUCKNOW,0.0,0.0,0.0,0.0,1.0,1.0,0.0,0.0,0.0,0.0,0.0,0.0,0.0,0.0,0.0,0.0,0.0,0.0,0.0,0.0,0.0,0.0,0.0,0.0,0.0
9,157,821,800951,67,WARD,Lucknow (M Corp.) WARD NO.-0067,Urban,3383,20828,11599,9229,15399,9078,6321,5429,2521,2908,6065,244501,,ward_inherited_from_town,9,UTTAR PRADESH,162,LUCKNOW,0.0,0.0,0.0,0.0,0.0,0.0,1.0,0.0,0.0,0.0,1.0,0.0,0.0,0.0,0.0,0.0,0.0,0.0,0.0,0.0,0.0,0.0,0.0,0.0,0.0
9,157,821,800951,68,WARD,Lucknow (M Corp.) WARD NO.-0068,Urban,3043,14747,7593,7154,10928,5945,4983,3819,1648,2171,5198,207401,,ward_inherited_from_town,9,UTTAR PRADESH,162,LUCKNOW,0.0,0.0,0.0,0.0,0.0,1.0,0.0,0.0,0.0,0.0,1.0,0.0,0.0,0.0,0.0,0.0,0.0,0.0,0.0,0.0,0.0,0.0,0.0,0.0,0.0
9,157,821,800951,69,WARD,Lucknow (M Corp.) WARD NO.-0069,Urban,4794,24770,12727,12043,20764,10993,9771,4006,1734,2272,8692,244713,,ward_inherited_from_town,9,UTTAR PRADESH,162,LUCKNOW,0.0,0.0,0.0,0.0,0.0,0.0,0.0,0.0,0.0,0.0,1.0,0.0,0.0,0.0,0.0,0.0,0.0,0.0,0.0,0.0,0.0,0.0,0.0,0.0,0.0
9,157,821,800951,70,WARD,Lucknow (M Corp.) WARD NO.-0070,Urban,6454,34253,17856,16397,25246,13764,11482,9007,4092,4915,11206,207246,,ward_inherited_from_town,9,UTTAR PRADESH,162,LUCKNOW,0.0,0.0,0.0,0.0,0.0,0.0,0.0,0.0,0.0,0.0,0.0,0.0,0.0,0.0,0.0,0.0,0.0,0.0,0.0,2.0,0.0,0.0,0.0,0.0,0.0
9,157,821,800951,71,WARD,Lucknow (M Corp.) WARD NO.-0071,Urban,2523,13367,6916,6451,8115,4381,3734,5252,2535,2717,4792,207245,,ward_inherited_from_town,9,UTTAR PRADESH,162,LUCKNOW,0.0,0.0,0.0,0.0,0.0,0.0,0.0,0.0,0.0,0.0,1.0,0.0,0.0,0.0,0.0,0.0,0.0,0.0,0.0,0.0,0.0,0.0,0.0,0.0,1.0
9,157,821,800951,72,WARD,Lucknow (M Corp.) WARD NO.-0072,Urban,3094,17657,9103,8554,13610,7243,6367,4047,1860,2187,5788,207244,,ward_inherited_from_town,9,UTTAR PRADESH,162,LUCKNOW,0.0,0.0,0.0,0.0,0.0,0.0,0.0,0.0,0.0,0.0,0.0,0.0,0.0,0.0,0.0,0.0,0.0,0.0,0.0,1.0,0.0,0.0,0.0,0.0,1.0
9,157,821,800951,73,WARD,Lucknow (M Corp.) WARD NO.-0073,Urban,8428,39612,20627,18985,33767,18096,15671,5845,2531,3314,14205,207123,,ward_inherited_from_town,9,UTTAR PRADESH,162,LUCKNOW,0.0,0.0,0.0,0.0,0.0,0.0,0.0,0.0,0.0,0.0,1.0,0.0,0.0,0.0,0.0,0.0,0.0,0.0,0.0,0.0,1.0,0.0,0.0,0.0,0.0
9,157,821,800951,74,WARD,Lucknow (M Corp.) WARD NO.-0074,Urban,4923,23256,12142,11114,17673,9535,8138,5583,2607,2976,7897,207115,,ward_inherited_from_town,9,UTTAR PRADESH,162,LUCKNOW,0.0,0.0,0.0,0.0,1.0,0.0,0.0,0.0,0.0,0.0,0.0,0.0,0.0,0.0,0.0,0.0,0.0,0.0,0.0,0.0,0.0,0.0,0.0,0.0,0.0
9,157,821,800951,75,WARD,Lucknow (M Corp.) WARD NO.-0075,Urban,3228,16314,8570,7744,12739,6933,5806,3575,1637,1938,5256,207105,,ward_inherited_from_town,9,UTTAR PRADESH,162,LUCKNOW,0.0,0.0,0.0,0.0,1.0,0.0,0.0,0.0,0.0,0.0,0.0,0.0,0.0,0.0,0.0,0.0,0.0,0.0,0.0,0.0,0.0,0.0,0.0,0.0,0.0
9,157,821,800951,76,WARD,Lucknow (M Corp.) WARD NO.-0076,Urban,3890,20055,10436,9619,15106,8215,6891,4949,2221,2728,6999,207101,,ward_inherited_from_town,9,UTTAR PRADESH,162,LUCKNOW,0.0,0.0,0.0,0.0,1.0,0.0,0.0,0.0,0.0,0.0,0.0,0.0,0.0,0.0,0.0,0.0,0.0,0.0,0.0,0.0,0.0,0.0,0.0,0.0,0.0
9,157,821,800951,77,WARD,Lucknow (M Corp.) WARD NO.-0077,Urban,4139,20361,10487,9874,15610,8395,7215,4751,2092,2659,6670,244901,,ward_inherited_from_town,9,UTTAR PRADESH,162,LUCKNOW,0.0,0.0,0.0,0.0,2.0,0.0,0.0,0.0,0.0,0.0,0.0,0.0,0.0,1.0,0.0,0.0,0.0,0.0,0.0,0.0,0.0,0.0,0.0,0.0,0.0
9,157,821,800951,78,WARD,Lucknow (M Corp.) WARD NO.-0078,Urban,6670,36173,18922,17251,26879,15024,11855,9294,3898,5396,11452,244921,,ward_inherited_from_town,9,UTTAR PRADESH,162,LUCKNOW,0.0,0.0,0.0,0.0,0.0,0.0,0.0,0.0,0.0,0.0,0.0,0.0,0.0,0.0,1.0,0.0,0.0,1.0,0.0,0.0,0.0,0.0,0.0,0.0,0.0
9,157,821,800951,79,WARD,Lucknow (M Corp.) WARD NO.-0079,Urban,3381,19524,10188,9336,14499,7744,6755,5025,2444,2581,6641,244922,,ward_inherited_from_town,9,UTTAR PRADESH,162,LUCKNOW,0.0,0.0,0.0,0.0,0.0,0.0,0.0,0.0,0.0,0.0,1.0,0.0,0.0,0.0,0.0,0.0,0.0,0.0,0.0,0.0,0.0,0.0,0.0,0.0,0.0
9,157,821,800951,80,WARD,Lucknow (M Corp.) WARD NO.-0080,Urban,3801,20501,10604,9897,16578,8737,7841,3923,1867,2056,6756,207001,,ward_inherited_from_town,9,UTTAR PRADESH,162,LUCKNOW,0.0,0.0,0.0,0.0,0.0,0.0,0.0,0.0,1.0,0.0,2.0,0.0,0.0,0.0,0.0,0.0,0.0,0.0,0.0,0.0,0.0,0.0,0.0,0.0,0.0
9,157,821,800951,81,WARD,Lucknow (M Corp.) WARD NO.-0081,Urban,5561,26055,13591,12464,22548,11970,10578,3507,1621,1886,8761,245206,,ward_inherited_from_town,9,UTTAR PRADESH,162,LUCKNOW,0.0,0.0,0.0,0.0,0.0,0.0,0.0,0.0,1.0,0.0,0.0,0.0,0.0,0.0,0.0,0.0,0.0,0.0,0.0,0.0,0.0,0.0,0.0,0.0,0.0
9,157,821,800951,82,WARD,Lucknow (M Corp.) WARD NO.-0082,Urban,6372,37800,19556,18244,25214,13497,11717,12586,6059,6527,12977,206401,,ward_inherited_from_town,9,UTTAR PRADESH,162,LUCKNOW,0.0,0.0,0.0,0.0,1.0,0.0,0.0,0.0,0.0,0.0,0.0,0.0,0.0,1.0,0.0,0.0,1.0,0.0,0.0,0.0,0.0,1.0,2.0,0.0,1.0
9,157,821,800951,83,WARD,Lucknow (M Corp.) WARD NO.-0083,Urban,3305,16256,8298,7958,13114,6810,6304,3142,1488,1654,5697,206301,,ward_inherited_from_town,9,UTTAR PRADESH,162,LUCKNOW,0.0,0.0,0.0,0.0,0.0,0.0,0.0,0.0,0.0,0.0,1.0,0.0,0.0,0.0,0.0,0.0,0.0,0.0,0.0,0.0,0.0,0.0,0.0,0.0,0.0
9,157,821,800951,84,WARD,Lucknow (M Corp.) WARD NO.-0084,Urban,5540,26103,13465,12638,22422,11758,10664,3681,1707,1974,8973,206250,,ward_inherited_from_town,9,UTTAR PRADESH,162,LUCKNOW,0.0,0.0,0.0,0.0,0.0,0.0,0.0,0.0,0.0,0.0,1.0,0.0,0.0,0.0,0.0,0.0,0.0,0.0,0.0,0.0,0.0,0.0,0.0,0.0,0.0
9,157,821,800951,85,WARD,Lucknow (M Corp.) WARD NO.-0085,Urban,4488,26973,13903,13070,15896,8452,7444,11077,5451,5626,9196,206247,,ward_inherited_from_town,9,UTTAR PRADESH,162,LUCKNOW,0.0,0.0,0.0,0.0,0.0,0.0,0.0,0.0,0.0,0.0,0.0,0.0,0.0,0.0,0.0,0.0,0.0,0.0,0.0,2.0,0.0,0.0,0.0,0.0,1.0
9,157,821,800951,86,WARD,Lucknow (M Corp.) WARD NO.-0086,Urban,4160,24452,12644,11808,16606,8659,7947,7846,3985,3861,9152,206245,,ward_inherited_from_town,9,UTTAR PRADESH,162,LUCKNOW,0.0,0.0,0.0,0.0,0.0,0.0,0.0,0.0,0.0,0.0,0.0,0.0,0.0,0.0,0.0,0.0,0.0,0.0,0.0,0.0,0.0,0.0,0.0,1.0,0.0
9,157,821,800951,87,WARD,Lucknow (M Corp.) WARD NO.-0087,Urban,4735,22154,10694,11460,18113,9143,8970,4041,1551,2490,7984,206242,,ward_inherited_from_town,9,UTTAR PRADESH,162,LUCKNOW,0.0,0.0,0.0,0.0,0.0,0.0,1.0,0.0,0.0,0.0,1.0,0.0,0.0,0.0,1.0,1.0,1.0,0.0,1.0,4.0,2.0,0.0,0.0,0.0,6.0
9,157,821,800951,88,WARD,Lucknow (M Corp.) WARD NO.-0088,Urban,5709,26217,13400,12817,22711,11832,10879,3506,1568,1938,9005,206201,,ward_inherited_from_town,9,UTTAR PRADESH,162,LUCKNOW,0.0,0.0,0.0,0.0,0.0,0.0,0.0,0.0,0.0,1.0,0.0,0.0,0.0,0.0,0.0,0.0,0.0,0.0,0.0,0.0,0.0,0.0,0.0,0.0,0.0
9,157,821,800951,89,WARD,Lucknow (M Corp.) WARD NO.-0089,Urban,4438,22266,11454,10812,17713,9260,8453,4553,2194,2359,8142,206129,,ward_inherited_from_town,9,UTTAR PRADESH,162,LUCKNOW,1.0,0.0,0.0,0.0,3.0,0.0,0.0,0.0,1.0,0.0,0.0,0.0,0.0,0.0,0.0,0.0,0.0,0.0,0.0,0.0,0.0,0.0,0.0,0.0,0.0
9,157,821,800951,90,WARD,Lucknow (M Corp.) WARD NO.-0090,Urban,4548,24495,12598,11897,18658,9768,8890,5837,2830,3007,7918,206124,,ward_inherited_from_town,9,UTTAR PRADESH,162,LUCKNOW,0.0,0.0,0.0,0.0,1.0,0.0,0.0,0.0,0.0,0.0,0.0,0.0,0.0,0.0,0.0,0.0,0.0,0.0,0.0,0.0,0.0,0.0,0.0,0.0,0.0
9,157,821,800951,91,WARD,Lucknow (M Corp.) WARD NO.-0091,Urban,7457,34352,17758,16594,27103,14487,12616,7249,3271,3978,12008,206123,,ward_inherited_from_town,9,UTTAR PRADESH,162,LUCKNOW,0.0,0.0,0.0,0.0,0.0,0.0,0.0,0.0,0.0,0.0,1.0,0.0,0.0,0.0,0.0,0.0,0.0,0.0,0.0,0.0,0.0,0.0,0.0,0.0,0.0
9,157,821,800951,92,WARD,Lucknow (M Corp.) WARD NO.-0092,Urban,4567,27897,14577,13320,16623,8941,7682,11274,5636,5638,9206,206122,,ward_inherited_from_town,9,UTTAR PRADESH,162,LUCKNOW,0.0,0.0,0.0,0.0,0.0,0.0,0.0,0.0,0.0,0.0,0.0,0.0,0.0,0.0,1.0,0.0,0.0,0.0,0.0,2.0,0.0,0.0,0.0,0.0,0.0
9,157,821,800951,93,WARD,Lucknow (M Corp.) WARD NO.-0093,Urban,2542,13780,7014,6766,11350,5909,5441,2430,1105,1325,4621,206103,,ward_inherited_from_town,9,UTTAR PRADESH,162,LUCKNOW,0.0,0.0,0.0,0.0,1.0,0.0,0.0,0.0,0.0,0.0,0.0,0.0,0.0,0.0,0.0,0.0,0.0,0.0,0.0,0.0,0.0,0.0,0.0,0.0,0.0
9,157,821,800951,94,WARD,Lucknow (M Corp.) WARD NO.-0094,Urban,3024,17606,9220,8386,12853,6881,5972,4753,2339,2414,5876,206101,,ward_inherited_from_town,9,UTTAR PRADESH,162,LUCKNOW,0.0,0.0,0.0,0.0,2.0,0.0,1.0,0.0,2.0,0.0,1.0,0.0,0.0,0.0,0.0,0.0,0.0,1.0,0.0,0.0,0.0,0.0,0.0,0.0,0.0
9,157,821,800951,95,WARD,Lucknow (M Corp.) WARD NO.-0095,Urban,2358,13468,6904,6564,8594,4483,4111,4874,2421,2453,4412,206030,,ward_inherited_from_town,9,UTTAR PRADESH,162,LUCKNOW,0.0,0.0,0.0,0.0,0.0,0.0,0.0,0.0,0.0,0.0,0.0,0.0,0.0,0.0,0.0,0.0,0.0,1.0,0.0,0.0,0.0,1.0,1.0,0.0,1.0
9,157,821,800951,96,WARD,Lucknow (M Corp.) WARD NO.-0096,Urban,3586,19274,9950,9324,15203,7960,7243,4071,1990,2081,6595,206029,,ward_inherited_from_town,9,UTTAR PRADESH,162,LUCKNOW,0.0,0.0,0.0,0.0,0.0,0.0,0.0,0.0,0.0,0.0,0.0,0.0,1.0,0.0,0.0,0.0,0.0,0.0,0.0,0.0,0.0,5.0,1.0,0.0,5.0
9,157,821,800951,97,WARD,Lucknow (M Corp.) WARD NO.-0097,Urban,3897,22774,11725,11049,15190,7985,7205,7584,3740,3844,7819,206028,,ward_inherited_from_town,9,UTTAR PRADESH,162,LUCKNOW,2.0,0.0,0.0,0.0,19.0,0.0,0.0,1.0,1.0,0.0,2.0,0.0,2.0,0.0,2.0,0.0,0.0,1.0,0.0,2.0,0.0,2.0,0.0,1.0,5.0
9,157,821,800951,98,WARD,Lucknow (M Corp.) WARD NO.-0098,Urban,2680,14342,7449,6893,11477,6020,5457,2865,1429,1436,5321,206026,,ward_inherited_from_town,9,UTTAR PRADESH,162,LUCKNOW,0.0,0.0,0.0,0.0,0.0,0.0,0.0,0.0,0.0,0.0,1.0,0.0,1.0,0.0,0.0,0.0,0.0,0.0,0.0,0.0,0.0,0.0,0.0,0.0,1.0
9,157,821,800951,99,WARD,Lucknow (M Corp.) WARD NO.-0099,Urban,7147,37468,19338,18130,29764,16010,13754,7704,3328,4376,13212,206024,,ward_inherited_from_town,9,UTTAR PRADESH,162,LUCKNOW,0.0,0.0,0.0,0.0,2.0,1.0,1.0,0.0,0.0,2.0,0.0,0.0,0.0,0.0,0.0,0.0,1.0,0.0,0.0,0.0,0.0,1.0,0.0,0.0,2.0
9,157,821,800951,100,WARD,Lucknow (M Corp.) WARD NO.-0100,Urban,3078,17353,8852,8501,13066,6909,6157,4287,1943,2344,6086,206023,,ward_inherited_from_town,9,UTTAR PRADESH,162,LUCKNOW,0.0,0.0,0.0,0.0,3.0,0.0,1.0,0.0,0.0,2.0,1.0,0.0,2.0,0.0,3.0,0.0,0.0,0.0,0.0,0.0,1.0,0.0,0.0,0.0,3.0
9,157,821,800951,101,WARD,Lucknow (M Corp.) WARD NO.-0101,Urban,3577,19155,9648,9507,12548,6538,6010,6607,3110,3497,6006,206022,,ward_inherited_from_town,9,UTTAR PRADESH,162,LUCKNOW,0.0,0.0,0.0,1.0,4.0,1.0,2.0,0.0,1.0,2.0,0.0,0.0,4.0,0.0,1.0,0.0,0.0,0.0,1.0,1.0,0.0,0.0,0.0,1.0,3.0
9,157,821,800951,102,WARD,Lucknow (M Corp.) WARD NO.-0102,Urban,2944,14384,7318,7066,12326,6377,5949,2058,941,1117,4885,206021,,ward_inherited_from_town,9,UTTAR PRADESH,162,LUCKNOW,0.0,0.0,0.0,0.0,5.0,0.0,2.0,1.0,2.0,2.0,2.0,0.0,2.0,0.0,2.0,0.0,1.0,0.0,1.0,0.0,0.0,1.0,0.0,0.0,10.0
9,157,821,800951,103,WARD,Lucknow (M Corp.) WARD NO.-0103,Urban,3341,17010,8340,8670,13513,6773,6740,3497,1567,1930,6480,206020,,ward_inherited_from_town,9,UTTAR PRADESH,162,LUCKNOW,0.0,0.0,0.0,0.0,7.0,1.0,2.0,0.0,4.0,7.0,7.0,0.0,5.0,0.0,1.0,1.0,5.0,1.0,3.0,0.0,0.0,4.0,3.0,0.0,11.0
9,157,821,800951,104,WARD,Lucknow (M Corp.) WARD NO.-0104,Urban,3462,18788,9538,9250,15080,7835,7245,3708,1703,2005,6492,206018,,ward_inherited_from_town,9,UTTAR PRADESH,162,LUCKNOW,0.0,1.0,0.0,0.0,4.0,0.0,1.0,0.0,2.0,0.0,1.0,0.0,4.0,0.0,2.0,1.0,1.0,0.0,0.0,0.0,0.0,1.0,0.0,1.0,14.0
9,157,821,800951,105,WARD,Lucknow (M Corp.) WARD NO.-0105,Urban,6757,41909,21550,20359,24943,13191,11752,16966,8359,8607,13030,206017,,ward_inherited_from_town,9,UTTAR PRADESH,162,LUCKNOW,0.0,1.0,0.0,0.0,4.0,1.0,1.0,1.0,1.0,1.0,3.0,0.0,1.0,0.0,1.0,0.0,1.0,2.0,0.0,3.0,5.0,3.0,1.0,1.0,9.0
9,157,821,800951,106,WARD,Lucknow (M Corp.) WARD NO.-0106,Urban,3218,19082,9829,9253,12843,6771,6072,6239,3058,3181,6143,206016,,ward_inherited_from_town,9,UTTAR PRADESH,162,LUCKNOW,0.0,1.0,0.0,1.0,8.0,1.0,6.0,1.0,2.0,0.0,3.0,0.0,6.0,1.0,0.0,0.0,2.0,0.0,2.0,0.0,0.0,2.0,3.0,0.0,6.0
9,157,821,800951,107,WARD,Lucknow (M Corp.) WARD NO.-0107,Urban,4208,23720,12239,11481,15621,8207,7414,8099,4032,4067,8585,206015,,ward_inherited_from_town,9,UTTAR PRADESH,162,LUCKNOW,0.0,0.0,0.0,0.0,0.0,0.0,0.0,0.0,1.0,0.0,0.0,0.0,0.0,0.0,0.0,0.0,0.0,0.0,0.0,0.0,0.0,0.0,0.0,0.0,0.0
9,157,821,800951,108,WARD,Lucknow (M Corp.) WARD NO.-0108,Urban,2079,12195,6143,6052,8283,4213,4070,3912,1930,1982,4416,206014,,ward_inherited_from_town,9,UTTAR PRADESH,162,LUCKNOW,0.0,0.0,0.0,0.0,0.0,0.0,1.0,0.0,0.0,0.0,1.0,0.0,0.0,0.0,0.0,0.0,0.0,0.0,0.0,0.0,0.0,0.0,0.0,0.0,0.0
9,157,821,800951,109,WARD,Lucknow (M Corp.) WARD NO.-0109,Urban,4004,23179,11945,11234,15531,8106,7425,7648,3839,3809,8670,206013,,ward_inherited_from_town,9,UTTAR PRADESH,162,LUCKNOW,0.0,0.0,0.0,0.0,0.0,0.0,0.0,0.0,2.0,1.0,2.0,0.0,1.0,0.0,1.0,0.0,0.0,0.0,0.0,1.0,0.0,2.0,0.0,0.0,2.0
9,157,821,800951,110,WARD,Lucknow (M Corp.) WARD NO.-0110,Urban,3325,18404,9296,9108,13742,7025,6717,4662,2271,2391,6126,206012,,ward_inherited_from_town,9,UTTAR PRADESH,162,LUCKNOW,1.0,0.0,0.0,0.0,3.0,0.0,3.0,0.0,1.0,0.0,1.0,0.0,4.0,0.0,1.0,1.0,0.0,0.0,0.0,1.0,3.0,0.0,1.0,0.0,3.0
9,157,821,800952,0,TOWN,Lucknow (CB),Urban,11559,63003,36586,26417,48786,29955,18831,14217,6631,7586,26349,206011,,town_postal_code,9,UTTAR PRADESH,162,LUCKNOW,0.0,0.0,0.0,0.0,0.0,0.0,0.0,0.0,1.0,0.0,2.0,0.0,0.0,0.0,1.0,0.0,0.0,0.0,0.0,0.0,0.0,0.0,1.0,0.0,0.0
9,157,821,800952,1,WARD,Lucknow (CB) WARD NO.-0001,Urban,1339,14990,12044,2946,13233,11189,2044,1757,855,902,11247,206010,,ward_inherited_from_town,9,UTTAR PRADESH,162,LUCKNOW,0.0,0.0,0.0,1.0,2.0,0.0,1.0,0.0,7.0,1.0,5.0,0.0,1.0,0.0,2.0,1.0,3.0,1.0,2.0,0.0,2.0,3.0,3.0,0.0,12.0
9,157,821,800952,2,WARD,Lucknow (CB) WARD NO.-0002,Urban,3007,12273,6214,6059,9461,4871,4590,2812,1343,1469,3651,206008,,ward_inherited_from_town,9,UTTAR PRADESH,162,LUCKNOW,0.0,0.0,0.0,0.0,2.0,0.0,0.0,0.0,2.0,0.0,0.0,0.0,1.0,0.0,0.0,0.0,0.0,0.0,0.0,0.0,0.0,0.0,2.0,0.0,1.0
9,157,821,800952,3,WARD,Lucknow (CB) WARD NO.-0003,Urban,830,3455,1771,1684,2772,1489,1283,683,282,401,1048,206007,,ward_inherited_from_town,9,UTTAR PRADESH,162,LUCKNOW,0.0,1.0,0.0,0.0,0.0,0.0,0.0,0.0,0.0,0.0,0.0,0.0,0.0,1.0,0.0,0.0,0.0,0.0,0.0,0.0,0.0,0.0,0.0,0.0,0.0
9,157,821,800952,4,WARD,Lucknow (CB) WARD NO.-0004,Urban,1207,5358,2722,2636,4333,2239,2094,1025,483,542,1646,206006,,ward_inherited_from_town,9,UTTAR PRADESH,162,LUCKNOW,0.0,0.0,0.0,0.0,0.0,0.0,0.0,0.0,0.0,1.0,1.0,0.0,1.0,1.0,0.0,0.0,1.0,0.0,0.0,0.0,0.0,0.0,0.0,0.0,1.0
9,157,821,800952,5,WARD,Lucknow (CB) WARD NO.-0005,Urban,851,4193,2172,2021,3366,1814,1552,827,358,469,1541,206005,,ward_inherited_from_town,9,UTTAR PRADESH,162,LUCKNOW,0.0,0.0,0.0,0.0,0.0,1.0,0.0,0.0,0.0,0.0,1.0,0.0,0.0,0.0,2.0,0.0,5.0,0.0,0.0,1.0,0.0,0.0,0.0,0.0,2.0
9,157,821,800952,6,WARD,Lucknow (CB) WARD NO.-0006,Urban,1390,7218,3665,3553,4678,2473,2205,2540,1192,1348,2383,206004,,ward_inherited_from_town,9,UTTAR PRADESH,162,LUCKNOW,0.0,0.0,0.0,0.0,1.0,0.0,0.0,0.0,0.0,0.0,0.0,0.0,0.0,0.0,1.0,0.0,0.0,0.0,0.0,0.0,0.0,0.0,0.0,0.0,0.0
9,157,821,800952,7,WARD,Lucknow (CB) WARD NO.-0007,Urban,1270,7173,3705,3468,4813,2559,2254,2360,1146,1214,2203,206003,,ward_inherited_from_town,9,UTTAR PRADESH,162,LUCKNOW,0.0,0.0,0.0,1.0,1.0,0.0,4.0,0.0,1.0,0.0,0.0,0.0,1.0,0.0,1.0,0.0,0.0,0.0,0.0,0.0,1.0,0.0,0.0,0.0,0.0
9,157,821,800952,8,WARD,Lucknow (CB) WARD NO.-0008,Urban,1665,8343,4293,4050,6130,3321,2809,2213,972,1241,2630,206002,,ward_inherited_from_town,9,UTTAR PRADESH,162,LUCKNOW,0.0,0.0,0.0,0.0,0.0,0.0,0.0,0.0,2.0,0.0,0.0,0.0,1.0,0.0,1.0,2.0,2.0,1.0,0.0,0.0,0.0,0.0,0.0,0.0,3.0
9,157,821,143558,0,TOWN,Kalli Pashchim (CT),Urban,2307,12157,6347,5810,7462,4269,3193,4695,2078,2617,3794,246106,,town_postal_code,9,UTTAR PRADESH,162,LUCKNOW,0.0,0.0,0.0,0.0,0.0,0.0,0.0,0.0,0.0,0.0,0.0,0.0,0.0,0.0,0.0,0.0,0.0,0.0,0.0,0.0,0.0,2.0,0.0,0.0,0.0
9,157,821,143558,1,WARD,Kalli Pashchim (CT) WARD NO.-0001,Urban,2307,12157,6347,5810,7462,4269,3193,4695,2078,2617,3794,246160,,ward_inherited_from_town,9,UTTAR PRADESH,162,LUCKNOW,0.0,0.0,0.0,0.0,0.0,0.0,0.0,0.0,0.0,1.0,0.0,0.0,0.0,0.0,0.0,0.0,0.0,0.0,0.0,0.0,0.0,0.0,0.0,0.0,0.0
9,157,821,143559,0,TOWN,Sarsawan (CT),Urban,1951,10655,5548,5107,7504,4194,3310,3151,1354,1797,3066,206001,,town_postal_code,9,UTTAR PRADESH,162,LUCKNOW,0.0,0.0,0.0,1.0,2.0,0.0,0.0,0.0,3.0,1.0,1.0,0.0,1.0,0.0,0.0,0.0,1.0,0.0,0.0,0.0,0.0,0.0,0.0,0.0,4.0
9,157,821,143559,1,WARD,Sarsawan (CT) WARD NO.-0001,Urban,1951,10655,5548,5107,7504,4194,3310,3151,1354,1797,3066,246701,,ward_inherited_from_town,9,UTTAR PRADESH,162,LUCKNOW,0.0,0.0,0.0,0.0,0.0,0.0,0.0,0.0,1.0,0.0,2.0,0.0,0.0,0.0,0.0,0.0,1.0,0.0,0.0,0.0,2.0,0.0,0.0,0.0,1.0
9,157,822,0,0,SUB-DISTRICT,Mohanlalganj ,Total,91037,480523,251748,228775,272452,161853,110599,208071,89895,118176,165355,246721,,subdistrict_hq_postal_code,9,UTTAR PRADESH,162,LUCKNOW,0.0,0.0,0.0,0.0,0.0,0.0,0.0,0.0,0.0,0.0,1.0,0.0,0.0,0.0,0.0,0.0,0.0,0.0,0.0,0.0,0.0,0.0,0.0,0.0,0.0
9,157,822,0,0,SUB-DISTRICT,Mohanlalganj ,Rural,85363,446696,234095,212601,253800,151232,102568,192896,82863,110033,154822,246724,,subdistrict_hq_postal_code,9,UTTAR PRADESH,162,LUCKNOW,0.0,0.0,0.0,0.0,0.0,0.0,0.0,0.0,0.0,0.0,1.0,0.0,0.0,0.0,0.0,0.0,0.0,0.0,0.0,0.0,0.0,0.0,0.0,0.0,0.0
9,157,822,0,0,SUB-DISTRICT,Mohanlalganj ,Urban,5674,33827,17653,16174,18652,10621,8031,15175,7032,8143,10533,246725,,subdistrict_hq_postal_code,9,UTTAR PRADESH,162,LUCKNOW,0.0,0.0,0.0,0.0,0.0,0.0,0.0,0.0,0.0,0.0,2.0,0.0,0.0,0.0,0.0,0.0,0.0,0.0,0.0,0.0,0.0,0.0,0.0,0.0,0.0
9,157,822,143560,0,VILLAGE,Chak Kajehra,Rural,92,411,227,184,286,165,121,125,62,63,150,246727,tehsil_mode_best_effort,existing_village_mapping,9,UTTAR PRADESH,162,LUCKNOW,0.0,0.0,0.0,0.0,0.0,0.0,0.0,0.0,0.0,0.0,0.0,0.0,0.0,0.0,0.0,0.0,0.0,0.0,0.0,0.0,0.0,0.0,0.0,0.0,1.0
9,157,822,143561,0,VILLAGE,Mastemau,Rural,344,2239,1191,1048,1330,788,542,909,403,506,644,246735,tehsil_mode_best_effort,existing_village_mapping,9,UTTAR PRADESH,162,LUCKNOW,0.0,0.0,0.0,0.0,0.0,0.0,0.0,0.0,0.0,0.0,0.0,0.0,0.0,0.0,0.0,0.0,0.0,0.0,2.0,0.0,0.0,0.0,0.0,0.0,0.0
9,157,822,143562,0,VILLAGE,Marhar Mau Khurd,Rural,372,2012,1061,951,1381,804,577,631,257,374,607,246764,tehsil_mode_best_effort,existing_village_mapping,9,UTTAR PRADESH,162,LUCKNOW,1.0,0.0,0.0,0.0,1.0,0.0,1.0,0.0,0.0,0.0,0.0,0.0,0.0,0.0,0.0,0.0,0.0,0.0,0.0,0.0,0.0,0.0,0.0,0.0,1.0
9,157,822,143563,0,VILLAGE,Marhar Mau Kala,Rural,377,2047,1002,1045,1005,590,415,1042,412,630,584,247001,tehsil_mode_best_effort,existing_village_mapping,9,UTTAR PRADESH,162,LUCKNOW,0.0,0.0,0.0,0.0,0.0,1.0,0.0,0.0,0.0,0.0,1.0,0.0,1.0,0.0,2.0,0.0,0.0,0.0,0.0,0.0,0.0,0.0,0.0,0.0,6.0
9,157,822,143564,0,VILLAGE,Bakkas,Rural,1444,8171,4298,3873,4422,2648,1774,3749,1650,2099,2561,205301,verified_name_population_match,existing_village_mapping,9,UTTAR PRADESH,162,LUCKNOW,1.0,0.0,0.0,0.0,0.0,0.0,0.0,0.0,0.0,0.0,0.0,0.0,0.0,0.0,0.0,0.0,0.0,0.0,0.0,0.0,0.0,0.0,0.0,0.0,0.0
9,157,822,143565,0,VILLAGE,Chaurhiya,Rural,86,498,272,226,274,160,114,224,112,112,133,247107,tehsil_mode_best_effort,existing_village_mapping,9,UTTAR PRADESH,162,LUCKNOW,0.0,0.0,0.0,0.0,0.0,0.0,0.0,0.0,0.0,0.0,0.0,0.0,0.0,0.0,0.0,0.0,0.0,0.0,0.0,0.0,1.0,0.0,0.0,0.0,0.0
9,157,822,143566,0,VILLAGE,Churheya,Rural,218,1197,584,613,719,401,318,478,183,295,559,247111,tehsil_mode_best_effort,existing_village_mapping,9,UTTAR PRADESH,162,LUCKNOW,0.0,0.0,0.0,0.0,0.0,0.0,0.0,0.0,0.0,0.0,0.0,0.0,1.0,0.0,0.0,0.0,0.0,0.0,0.0,0.0,0.0,0.0,0.0,0.0,0.0
9,157,822,143567,0,VILLAGE,Malookpur,Rural,177,1104,592,512,520,316,204,584,276,308,401,247341,tehsil_mode_best_effort,existing_village_mapping,9,UTTAR PRADESH,162,LUCKNOW,0.0,0.0,0.0,0.0,0.0,0.0,1.0,0.0,0.0,0.0,0.0,0.0,0.0,0.0,0.0,0.0,0.0,0.0,0.0,0.0,0.0,0.0,0.0,0.0,0.0
9,157,822,143568,0,VILLAGE,Dhakawa,Rural,99,637,361,276,317,202,115,320,159,161,181,247452,tehsil_mode_best_effort,existing_village_mapping,9,UTTAR PRADESH,162,LUCKNOW,0.0,0.0,0.0,0.0,0.0,0.0,0.0,0.0,0.0,0.0,1.0,0.0,0.0,0.0,0.0,0.0,0.0,0.0,0.0,0.0,0.0,0.0,0.0,0.0,0.0
9,157,822,143569,0,VILLAGE,Dular Mau,Rural,200,997,522,475,481,292,189,516,230,286,324,247777,tehsil_mode_best_effort,existing_village_mapping,9,UTTAR PRADESH,162,LUCKNOW,0.0,0.0,0.0,0.0,0.0,0.0,0.0,0.0,0.0,0.0,1.0,0.0,0.0,0.0,0.0,0.0,0.0,0.0,0.0,0.0,0.0,0.0,0.0,0.0,0.0
9,157,822,143570,0,VILLAGE,Noorpur Behata,Rural,261,1486,798,688,799,505,294,687,293,394,647,205151,verified_name_population_match,existing_village_mapping,9,UTTAR PRADESH,162,LUCKNOW,0.0,0.0,0.0,0.0,1.0,0.0,0.0,0.0,0.0,0.0,0.0,0.0,0.0,0.0,0.0,0.0,0.0,0.0,0.0,0.0,0.0,0.0,0.0,0.0,0.0
9,157,822,143571,0,VILLAGE,Sallahimau,Rural,188,919,476,443,530,318,212,389,158,231,367,249403,tehsil_mode_best_effort,existing_village_mapping,9,UTTAR PRADESH,162,LUCKNOW,0.0,0.0,0.0,0.0,0.0,0.0,0.0,0.0,0.0,0.0,1.0,0.0,0.0,0.0,0.0,0.0,0.0,0.0,0.0,0.0,0.0,0.0,0.0,0.0,0.0
9,157,822,143572,0,VILLAGE,Paupamau,Rural,66,398,215,183,226,143,83,172,72,100,180,249408,tehsil_mode_best_effort,existing_village_mapping,9,UTTAR PRADESH,162,LUCKNOW,0.0,0.0,0.0,0.0,0.0,0.0,0.0,0.0,0.0,0.0,0.0,0.0,1.0,0.0,0.0,0.0,0.0,0.0,0.0,0.0,0.0,0.0,0.0,0.0,0.0
9,157,822,143573,0,VILLAGE,Sahas Ghat,Rural,2,16,9,7,10,5,5,6,4,2,10,205135,tehsil_mode_best_effort,existing_village_mapping,9,UTTAR PRADESH,162,LUCKNOW,0.0,0.0,0.0,0.0,0.0,0.0,0.0,0.0,0.0,0.0,0.0,0.0,0.0,0.0,0.0,0.0,0.0,0.0,0.0,0.0,0.0,0.0,0.0,0.0,1.0
9,157,822,143574,0,VILLAGE,Sureya Mau,Rural,373,2349,1221,1128,1321,781,540,1028,440,588,881,205121,tehsil_mode_best_effort,existing_village_mapping,9,UTTAR PRADESH,162,LUCKNOW,0.0,0.0,0.0,0.0,0.0,0.0,0.0,0.0,0.0,0.0,0.0,0.0,0.0,0.0,0.0,0.0,0.0,0.0,0.0,0.0,0.0,0.0,0.0,0.0,1.0
9,157,822,143575,0,VILLAGE,Faridpur,Rural,340,1886,981,905,858,513,345,1028,468,560,720,205001,tehsil_mode_best_effort,existing_village_mapping,9,UTTAR PRADESH,162,LUCKNOW,0.0,0.0,0.0,0.0,0.0,0.0,0.0,0.0,0.0,0.0,2.0,0.0,0.0,0.0,0.0,0.0,0.0,0.0,0.0,0.0,0.0,0.0,0.0,0.0,0.0
9,157,822,143576,0,VILLAGE,Mahmoodpur,Rural,496,2480,1259,1221,1076,634,442,1404,625,779,1027,204338,verified_name_population_match,existing_village_mapping,9,UTTAR PRADESH,162,LUCKNOW,0.0,0.0,0.0,0.0,0.0,0.0,0.0,0.0,0.0,0.0,0.0,0.0,0.0,0.0,0.0,0.0,0.0,0.0,4.0,0.0,0.0,0.0,0.0,0.0,0.0
9,157,822,143577,0,VILLAGE,Bajoopur,Rural,187,918,503,415,434,262,172,484,241,243,258,250001,tehsil_mode_best_effort,existing_village_mapping,9,UTTAR PRADESH,162,LUCKNOW,0.0,0.0,0.0,0.0,0.0,0.0,0.0,0.0,0.0,0.0,1.0,0.0,0.0,0.0,0.0,0.0,0.0,0.0,0.0,0.0,0.0,0.0,0.0,0.0,0.0
9,157,822,143578,0,VILLAGE,Meesa,Rural,557,2861,1535,1326,1326,822,504,1535,713,822,1077,250002,verified_name_population_match,existing_village_mapping,9,UTTAR PRADESH,162,LUCKNOW,0.0,0.0,0.0,0.0,0.0,0.0,0.0,0.0,1.0,0.0,0.0,0.0,0.0,0.0,0.0,0.0,0.0,0.0,0.0,0.0,0.0,0.0,0.0,0.0,0.0
9,157,822,143579,0,VILLAGE,Bakhari,Rural,190,917,476,441,486,296,190,431,180,251,306,250003,tehsil_mode_best_effort,existing_village_mapping,9,UTTAR PRADESH,162,LUCKNOW,0.0,0.0,0.0,0.0,0.0,0.0,0.0,0.0,0.0,0.0,1.0,0.0,0.0,0.0,0.0,0.0,0.0,0.0,0.0,0.0,0.0,0.0,0.0,0.0,0.0
9,157,822,143580,0,VILLAGE,Jahangeer Pur,Rural,373,1832,977,855,1055,668,387,777,309,468,642,250401,tehsil_mode_best_effort,existing_village_mapping,9,UTTAR PRADESH,162,LUCKNOW,0.0,0.0,0.0,0.0,0.0,0.0,0.0,0.0,0.0,0.0,1.0,0.0,0.0,0.0,0.0,0.0,0.0,0.0,0.0,0.0,0.0,0.0,0.0,0.0,0.0
9,157,822,143581,0,VILLAGE,Begariya,Rural,228,1149,605,544,595,358,237,554,247,307,453,203690,tehsil_mode_best_effort,existing_village_mapping,9,UTTAR PRADESH,162,LUCKNOW,0.0,0.0,0.0,0.0,0.0,0.0,0.0,0.0,0.0,0.0,0.0,0.0,1.0,0.0,0.0,0.0,0.0,0.0,0.0,0.0,0.0,0.0,0.0,0.0,0.0
9,157,822,143582,0,VILLAGE,Aliya Mau,Rural,91,557,294,263,267,171,96,290,123,167,151,251001,tehsil_mode_best_effort,existing_village_mapping,9,UTTAR PRADESH,162,LUCKNOW,0.0,0.0,0.0,0.0,0.0,0.0,0.0,0.0,0.0,0.0,1.0,0.0,0.0,0.0,0.0,0.0,0.0,0.0,0.0,0.0,0.0,0.0,0.0,0.0,1.0
9,157,822,143583,0,VILLAGE,Gaureyakala,Rural,717,3963,2102,1861,2054,1245,809,1909,857,1052,1214,203393,tehsil_mode_best_effort,existing_village_mapping,9,UTTAR PRADESH,162,LUCKNOW,0.0,0.0,0.0,0.0,0.0,0.0,0.0,0.0,0.0,0.0,0.0,0.0,0.0,0.0,0.0,0.0,0.0,0.0,0.0,0.0,0.0,0.0,0.0,0.0,1.0
9,157,822,143584,0,VILLAGE,Rasoolpur Tikniyamau,Rural,426,2568,1334,1234,1166,631,535,1402,703,699,753,251327,tehsil_mode_best_effort,existing_village_mapping,9,UTTAR PRADESH,162,LUCKNOW,0.0,0.0,0.0,0.0,0.0,0.0,0.0,0.0,0.0,0.0,0.0,0.0,1.0,0.0,0.0,0.0,0.0,0.0,0.0,0.0,0.0,0.0,0.0,0.0,1.0
9,157,822,143585,0,VILLAGE,Nizampur,Rural,513,2682,1411,1271,1399,833,566,1283,578,705,911,203207,tehsil_mode_best_effort,existing_village_mapping,9,UTTAR PRADESH,162,LUCKNOW,0.0,0.0,0.0,0.0,0.0,0.0,0.0,0.0,0.0,0.0,1.0,0.0,0.0,0.0,0.0,0.0,0.0,0.0,0.0,0.0,0.0,0.0,0.0,0.0,0.0
9,157,822,143586,0,VILLAGE,Saraykarora,Rural,215,1136,576,560,681,388,293,455,188,267,283,203155,tehsil_mode_best_effort,existing_village_mapping,9,UTTAR PRADESH,162,LUCKNOW,1.0,0.0,0.0,0.0,0.0,0.0,0.0,0.0,0.0,0.0,0.0,0.0,0.0,0.0,0.0,0.0,0.0,0.0,0.0,0.0,0.0,0.0,0.0,0.0,0.0
9,157,822,143587,0,VILLAGE,Kazee Khera,Rural,315,1633,859,774,1007,590,417,626,269,357,572,203001,tehsil_mode_best_effort,existing_village_mapping,9,UTTAR PRADESH,162,LUCKNOW,0.0,0.0,0.0,0.0,0.0,0.0,0.0,0.0,0.0,0.0,0.0,0.0,0.0,0.0,0.0,0.0,0.0,0.0,0.0,0.0,0.0,1.0,0.0,0.0,1.0
9,157,822,143588,0,VILLAGE,Sadarpur Karora,Rural,429,2341,1229,1112,1337,777,560,1004,452,552,701,202260,tehsil_mode_best_effort,existing_village_mapping,9,UTTAR PRADESH,162,LUCKNOW,0.0,0.0,0.0,0.0,0.0,0.0,0.0,0.0,0.0,0.0,1.0,0.0,0.0,0.0,0.0,0.0,0.0,0.0,0.0,0.0,0.0,0.0,0.0,0.0,0.0
9,157,822,143589,0,VILLAGE,Salauli,Rural,385,2043,1067,976,1178,682,496,865,385,480,408,202212,tehsil_mode_best_effort,existing_village_mapping,9,UTTAR PRADESH,162,LUCKNOW,0.0,0.0,0.0,0.0,0.0,0.0,0.0,0.0,0.0,0.0,1.0,0.0,0.0,0.0,0.0,0.0,0.0,0.0,0.0,0.0,0.0,0.0,0.0,0.0,0.0
9,157,822,143590,0,VILLAGE,Semanapur,Rural,220,1078,566,512,400,236,164,678,330,348,380,202140,tehsil_mode_best_effort,existing_village_mapping,9,UTTAR PRADESH,162,LUCKNOW,0.0,0.0,0.0,0.0,0.0,0.0,0.0,0.0,0.0,0.0,1.0,0.0,0.0,0.0,0.0,0.0,0.0,0.0,0.0,0.0,0.0,0.0,0.0,0.0,0.0
9,157,822,143591,0,VILLAGE,Malauli,Rural,602,3053,1603,1450,1715,1029,686,1338,574,764,1090,202123,tehsil_mode_best_effort,existing_village_mapping,9,UTTAR PRADESH,162,LUCKNOW,0.0,0.0,0.0,0.0,0.0,0.0,0.0,0.0,0.0,0.0,0.0,0.0,0.0,0.0,1.0,0.0,0.0,0.0,0.0,0.0,0.0,0.0,0.0,0.0,0.0
9,157,822,143592,0,VILLAGE,Koriyani,Rural,185,976,495,481,410,232,178,566,263,303,256,252601,tehsil_mode_best_effort,existing_village_mapping,9,UTTAR PRADESH,162,LUCKNOW,0.0,0.0,0.0,0.0,0.0,0.0,0.0,0.0,0.0,0.0,1.0,0.0,0.0,0.0,0.0,0.0,0.0,0.0,0.0,0.0,0.0,0.0,0.0,0.0,0.0
9,157,822,143593,0,VILLAGE,Baliyakhera,Rural,28,155,81,74,112,66,46,43,15,28,47,202002,tehsil_mode_best_effort,existing_village_mapping,9,UTTAR PRADESH,162,LUCKNOW,0.0,0.0,0.0,0.0,0.0,0.0,0.0,0.0,0.0,0.0,0.0,0.0,0.0,0.0,0.0,0.0,0.0,0.0,0.0,0.0,0.0,0.0,0.0,0.0,1.0
9,157,822,143594,0,VILLAGE,Chand Saray,Rural,421,2222,1131,1091,1286,702,584,936,429,507,662,202001,tehsil_mode_best_effort,existing_village_mapping,9,UTTAR PRADESH,162,LUCKNOW,0.0,0.0,0.0,0.0,0.0,0.0,0.0,0.0,0.0,1.0,1.0,0.0,0.0,0.0,0.0,0.0,0.0,0.0,0.0,0.0,0.0,0.0,0.0,0.0,0.0
9,157,822,143595,0,VILLAGE,Kasimpur Viruha,Rural,550,2848,1457,1391,1595,917,678,1253,540,713,924,201313,verified_name_population_match,existing_village_mapping,9,UTTAR PRADESH,162,LUCKNOW,0.0,0.0,0.0,0.0,0.0,0.0,0.0,0.0,1.0,0.0,0.0,0.0,0.0,0.0,0.0,0.0,0.0,0.0,0.0,0.0,0.0,0.0,0.0,0.0,0.0
9,157,822,143596,0,VILLAGE,Muazzam Nagar,Rural,139,753,382,371,445,253,192,308,129,179,418,201310,tehsil_mode_best_effort,existing_village_mapping,9,UTTAR PRADESH,162,LUCKNOW,0.0,0.0,0.0,0.0,0.0,0.0,0.0,0.0,0.0,0.0,0.0,0.0,0.0,0.0,1.0,0.0,1.0,0.0,0.0,0.0,0.0,0.0,0.0,0.0,0.0
9,157,822,143597,0,VILLAGE,Sonaee Kazehra,Rural,455,2676,1455,1221,1421,916,505,1255,539,716,1030,201309,tehsil_mode_best_effort,existing_village_mapping,9,UTTAR PRADESH,162,LUCKNOW,0.0,0.0,0.0,0.0,0.0,0.0,0.0,0.0,0.0,1.0,0.0,0.0,0.0,0.0,0.0,0.0,0.0,0.0,0.0,0.0,0.0,0.0,0.0,0.0,1.0
9,157,822,143598,0,VILLAGE,Pahar Nagar Tekareya,Rural,542,2785,1419,1366,1786,1006,780,999,413,586,762,201308,tehsil_mode_best_effort,existing_village_mapping,9,UTTAR PRADESH,162,LUCKNOW,0.0,0.0,0.0,0.0,3.0,1.0,0.0,0.0,4.0,1.0,0.0,0.0,1.0,0.0,0.0,0.0,0.0,0.0,0.0,0.0,0.0,0.0,0.0,0.0,1.0
9,157,822,143599,0,VILLAGE,Kabir Pur,Rural,319,1566,815,751,912,561,351,654,254,400,619,201307,tehsil_mode_best_effort,existing_village_mapping,9,UTTAR PRADESH,162,LUCKNOW,0.0,0.0,0.0,0.0,0.0,0.0,1.0,0.0,0.0,2.0,3.0,0.0,1.0,0.0,0.0,0.0,0.0,0.0,0.0,0.0,0.0,0.0,0.0,0.0,0.0
9,157,822,143600,0,VILLAGE,Sathwara,Rural,393,2069,1056,1013,1101,639,462,968,417,551,610,201305,tehsil_mode_best_effort,existing_village_mapping,9,UTTAR PRADESH,162,LUCKNOW,0.0,0.0,0.0,0.0,0.0,0.0,0.0,0.0,5.0,0.0,0.0,0.0,1.0,0.0,0.0,0.0,0.0,0.0,0.0,2.0,1.0,0.0,1.0,0.0,1.0
9,157,822,143601,0,VILLAGE,Maghua,Rural,322,1635,857,778,1052,600,452,583,257,326,567,201304,tehsil_mode_best_effort,existing_village_mapping,9,UTTAR PRADESH,162,LUCKNOW,0.0,0.0,0.0,0.0,2.0,0.0,1.0,0.0,0.0,1.0,1.0,0.0,0.0,0.0,0.0,0.0,0.0,0.0,0.0,0.0,0.0,0.0,0.0,0.0,1.0
9,157,822,143602,0,VILLAGE,Bhatwara,Rural,173,1004,529,475,565,334,231,439,195,244,323,201301,tehsil_mode_best_effort,existing_village_mapping,9,UTTAR PRADESH,162,LUCKNOW,0.0,0.0,0.0,0.0,5.0,1.0,0.0,0.0,2.0,0.0,0.0,0.0,2.0,0.0,1.0,0.0,0.0,0.0,3.0,0.0,6.0,1.0,3.0,0.0,18.0
9,157,822,143603,0,VILLAGE,Sikandarpur Amauliya,Rural,322,1655,867,788,874,518,356,781,349,432,475,201204,tehsil_mode_best_effort,existing_village_mapping,9,UTTAR PRADESH,162,LUCKNOW,0.0,0.0,0.0,0.0,0.0,0.0,0.0,0.0,0.0,0.0,0.0,0.0,0.0,0.0,0.0,0.0,0.0,0.0,0.0,0.0,1.0,1.0,0.0,0.0,1.0
9,157,822,143604,0,VILLAGE,Siddhupura,Rural,94,501,272,229,328,205,123,173,67,106,172,201103,tehsil_mode_best_effort,existing_village_mapping,9,UTTAR PRADESH,162,LUCKNOW,0.0,0.0,0.0,0.0,1.0,0.0,0.0,0.0,0.0,0.0,0.0,0.0,0.0,0.0,0.0,0.0,0.0,0.0,0.0,0.0,0.0,0.0,0.0,0.0,0.0
9,157,822,143605,0,VILLAGE,Rakeebabad,Rural,254,1204,622,582,626,364,262,578,258,320,387,201102,tehsil_mode_best_effort,existing_village_mapping,9,UTTAR PRADESH,162,LUCKNOW,0.0,0.0,0.0,0.0,0.0,0.0,0.0,0.0,0.0,0.0,0.0,0.0,0.0,0.0,0.0,0.0,0.0,0.0,0.0,0.0,0.0,0.0,1.0,0.0,0.0
9,157,822,143606,0,VILLAGE,Mohari Khurd,Rural,376,1812,948,864,942,566,376,870,382,488,612,201017,tehsil_mode_best_effort,existing_village_mapping,9,UTTAR PRADESH,162,LUCKNOW,0.0,0.0,0.0,0.0,0.0,0.0,0.0,0.0,0.0,0.0,0.0,0.0,2.0,0.0,0.0,0.0,0.0,0.0,0.0,0.0,3.0,0.0,0.0,0.0,9.0
9,157,822,143607,0,VILLAGE,Mohari Kala,Rural,350,1801,946,855,948,563,385,853,383,470,468,201015,tehsil_mode_best_effort,existing_village_mapping,9,UTTAR PRADESH,162,LUCKNOW,0.0,0.0,0.0,0.0,0.0,0.0,0.0,0.0,0.0,0.0,0.0,0.0,0.0,0.0,0.0,0.0,0.0,0.0,0.0,0.0,0.0,1.0,0.0,0.0,1.0
9,157,822,143608,0,VILLAGE,Habuapur,Rural,249,1041,555,486,779,450,329,262,105,157,301,201014,tehsil_mode_best_effort,existing_village_mapping,9,UTTAR PRADESH,162,LUCKNOW,0.0,0.0,0.0,0.0,1.0,0.0,0.0,0.0,0.0,0.0,0.0,0.0,0.0,0.0,0.0,0.0,1.0,0.0,0.0,0.0,0.0,0.0,0.0,0.0,0.0
9,157,822,143609,0,VILLAGE,Sithauli Khurd,Rural,230,1129,591,538,572,345,227,557,246,311,347,201010,tehsil_mode_best_effort,existing_village_mapping,9,UTTAR PRADESH,162,LUCKNOW,0.0,0.0,0.0,0.0,0.0,0.0,0.0,0.0,0.0,0.0,0.0,0.0,0.0,0.0,0.0,0.0,1.0,0.0,0.0,0.0,0.0,0.0,0.0,0.0,1.0
9,157,822,143610,0,VILLAGE,Semarapitpur,Rural,273,1297,690,607,618,376,242,679,314,365,386,201005,tehsil_mode_best_effort,existing_village_mapping,9,UTTAR PRADESH,162,LUCKNOW,0.0,0.0,0.0,0.0,0.0,0.0,0.0,0.0,0.0,0.0,1.0,0.0,0.0,0.0,0.0,0.0,0.0,0.0,0.0,0.0,0.0,0.0,0.0,0.0,0.0
9,157,822,143611,0,VILLAGE,Daeetikar,Rural,241,1163,621,542,611,371,240,552,250,302,310,201003,tehsil_mode_best_effort,existing_village_mapping,9,UTTAR PRADESH,162,LUCKNOW,0.0,0.0,0.0,0.0,0.0,0.0,0.0,0.0,3.0,0.0,0.0,0.0,0.0,0.0,0.0,0.0,0.0,0.0,0.0,0.0,1.0,0.0,0.0,0.0,1.0
9,157,822,143612,0,VILLAGE,Sithauli Kala,Rural,614,3321,1769,1552,1772,1066,706,1549,703,846,1300,201001,tehsil_mode_best_effort,existing_village_mapping,9,UTTAR PRADESH,162,LUCKNOW,0.0,0.0,0.0,0.0,0.0,0.0,0.0,0.0,4.0,0.0,0.0,0.0,4.0,0.0,0.0,0.0,0.0,0.0,0.0,0.0,2.0,0.0,0.0,0.0,4.0
9,157,822,143613,0,VILLAGE,Raypur,Rural,165,872,461,411,546,318,228,326,143,183,251,200630,tehsil_mode_best_effort,existing_village_mapping,9,UTTAR PRADESH,162,LUCKNOW,0.0,0.0,0.0,0.0,1.0,0.0,0.0,0.0,0.0,0.0,0.0,0.0,0.0,0.0,0.0,0.0,0.0,0.0,0.0,0.0,0.0,0.0,0.0,0.0,0.0
9,157,822,143614,0,VILLAGE,Sadarapur,Rural,61,339,148,191,165,93,72,174,55,119,97,200143,tehsil_mode_best_effort,existing_village_mapping,9,UTTAR PRADESH,162,LUCKNOW,0.0,0.0,0.0,0.0,0.0,0.0,0.0,0.0,0.0,0.0,1.0,0.0,0.0,0.0,0.0,0.0,0.0,0.0,0.0,0.0,0.0,0.0,0.0,0.0,0.0
9,157,822,143615,0,VILLAGE,Bhatti Barkat Nagar,Rural,508,2551,1356,1195,1371,795,576,1180,561,619,1042,200065,verified_name_population_match,existing_village_mapping,9,UTTAR PRADESH,162,LUCKNOW,0.0,0.0,0.0,0.0,0.0,0.0,0.0,0.0,0.0,0.0,0.0,0.0,0.0,0.0,0.0,0.0,0.0,0.0,0.0,0.0,0.0,1.0,0.0,0.0,0.0
9,157,822,143616,0,VILLAGE,Tekra Jugraj,Rural,141,746,377,369,455,255,200,291,122,169,236,255001,verified_name_population_match,existing_village_mapping,9,UTTAR PRADESH,162,LUCKNOW,0.0,0.0,0.0,0.0,0.0,0.0,0.0,0.0,0.0,0.0,0.0,0.0,0.0,0.0,1.0,0.0,0.0,0.0,0.0,0.0,0.0,0.0,0.0,0.0,0.0
9,157,822,143617,0,VILLAGE,Bhaura Khurd,Rural,260,1415,740,675,865,524,341,550,216,334,388,256002,verified_name_population_match,existing_village_mapping,9,UTTAR PRADESH,162,LUCKNOW,0.0,0.0,0.0,0.0,0.0,0.0,0.0,0.0,0.0,0.0,1.0,0.0,0.0,0.0,0.0,0.0,0.0,0.0,0.0,0.0,0.0,0.0,0.0,0.0,0.0
9,157,822,143618,0,VILLAGE,Beli,Rural,312,1557,824,733,985,571,414,572,253,319,430,260001,tehsil_mode_best_effort,existing_village_mapping,9,UTTAR PRADESH,162,LUCKNOW,0.0,1.0,0.0,0.0,0.0,1.0,0.0,0.0,0.0,0.0,1.0,0.0,0.0,0.0,0.0,0.0,1.0,0.0,0.0,0.0,0.0,0.0,0.0,0.0,1.0
9,157,822,143619,0,VILLAGE,Siwlar,Rural,726,4042,2095,1947,2391,1395,996,1651,700,951,1301,260002,tehsil_mode_best_effort,existing_village_mapping,9,UTTAR PRADESH,162,LUCKNOW,0.0,0.0,0.0,0.0,1.0,0.0,0.0,0.0,0.0,0.0,1.0,0.0,0.0,0.0,0.0,0.0,0.0,0.0,0.0,0.0,0.0,0.0,0.0,0.0,0.0
9,157,822,143620,0,VILLAGE,Jamalpur,Rural,291,1405,725,680,675,409,266,730,316,414,543,260003,tehsil_mode_best_effort,existing_village_mapping,9,UTTAR PRADESH,162,LUCKNOW,0.0,1.0,0.0,0.0,1.0,0.0,0.0,0.0,0.0,0.0,1.0,0.0,0.0,0.0,0.0,0.0,0.0,0.0,0.0,0.0,0.0,0.0,0.0,0.0,0.0
9,157,822,143621,0,VILLAGE,Deh Ramau,Rural,105,588,261,327,374,195,179,214,66,148,191,260004,tehsil_mode_best_effort,existing_village_mapping,9,UTTAR PRADESH,162,LUCKNOW,0.0,0.0,0.0,0.0,0.0,0.0,0.0,0.0,0.0,0.0,1.0,0.0,1.0,0.0,0.0,0.0,0.0,0.0,0.0,0.0,0.0,0.0,0.0,0.0,0.0
9,157,822,143622,0,VILLAGE,Rateya Mau,Rural,329,1643,839,804,968,555,413,675,284,391,542,260008,verified_name_population_match,existing_village_mapping,9,UTTAR PRADESH,162,LUCKNOW,0.0,0.0,0.0,0.0,0.0,0.0,0.0,0.0,1.0,0.0,1.0,0.0,0.0,0.0,0.0,0.0,0.0,0.0,0.0,0.0,0.0,0.0,0.0,0.0,0.0
9,157,822,143623,0,VILLAGE,Pahasa,Rural,106,474,257,217,361,200,161,113,57,56,146,260012,tehsil_mode_best_effort,existing_village_mapping,9,UTTAR PRADESH,162,LUCKNOW,0.0,0.0,0.0,0.0,0.0,0.0,0.0,0.0,1.0,0.0,0.0,0.0,0.0,0.0,0.0,0.0,0.0,0.0,0.0,0.0,0.0,0.0,0.0,0.0,1.0
9,157,822,143624,0,VILLAGE,Echwailya,Rural,183,840,434,406,476,288,188,364,146,218,347,260016,tehsil_mode_best_effort,existing_village_mapping,9,UTTAR PRADESH,162,LUCKNOW,0.0,0.0,0.0,0.0,7.0,0.0,0.0,0.0,0.0,0.0,1.0,0.0,0.0,0.0,0.0,0.0,0.0,0.0,0.0,0.0,0.0,0.0,0.0,0.0,0.0
9,157,822,143625,0,VILLAGE,Basteya,Rural,305,1526,795,731,852,504,348,674,291,383,614,260018,tehsil_mode_best_effort,existing_village_mapping,9,UTTAR PRADESH,162,LUCKNOW,0.0,0.0,0.0,0.0,0.0,0.0,0.0,0.0,0.0,0.0,0.0,0.0,0.0,0.0,0.0,0.0,0.0,0.0,0.0,0.0,0.0,2.0,0.0,0.0,1.0
9,157,822,143626,0,VILLAGE,Daudpur Saidapur,Rural,202,1019,515,504,604,345,259,415,170,245,478,260020,verified_name_population_match,existing_village_mapping,9,UTTAR PRADESH,162,LUCKNOW,0.0,0.0,0.0,0.0,0.0,0.0,0.0,0.0,0.0,0.0,0.0,0.0,0.0,1.0,0.0,0.0,0.0,0.0,0.0,0.0,0.0,0.0,0.0,0.0,0.0
9,157,822,143627,0,VILLAGE,Sekhanapur,Rural,205,1044,543,501,532,322,210,512,221,291,536,260112,tehsil_mode_best_effort,existing_village_mapping,9,UTTAR PRADESH,162,LUCKNOW,0.0,0.0,0.0,0.0,0.0,0.0,0.0,0.0,1.0,0.0,0.0,0.0,0.0,0.0,0.0,0.0,0.0,0.0,0.0,0.0,0.0,0.0,0.0,0.0,1.0
9,157,822,143628,0,VILLAGE,Basrheya,Rural,301,1596,770,826,997,579,418,599,191,408,611,260162,verified_name_population_match,existing_village_mapping,9,UTTAR PRADESH,162,LUCKNOW,0.0,0.0,0.0,0.0,0.0,0.0,0.0,0.0,0.0,0.0,0.0,0.0,0.0,0.0,0.0,0.0,0.0,0.0,0.0,0.0,0.0,0.0,1.0,0.0,0.0
9,157,822,143629,0,VILLAGE,Garhi Mustfabad,Rural,21,128,67,61,49,27,22,79,40,39,37,260290,verified_name_population_match,existing_village_mapping,9,UTTAR PRADESH,162,LUCKNOW,0.0,0.0,0.0,0.0,1.0,0.0,0.0,0.0,0.0,0.0,0.0,0.0,0.0,0.0,0.0,0.0,0.0,0.0,0.0,0.0,0.0,0.0,0.0,0.0,0.0
9,157,822,143630,0,VILLAGE,Mahura Khurd,Rural,273,1417,741,676,901,551,350,516,190,326,480,260628,tehsil_mode_best_effort,existing_village_mapping,9,UTTAR PRADESH,162,LUCKNOW,0.0,0.0,0.0,0.0,0.0,0.0,0.0,0.0,0.0,0.0,0.0,0.0,0.0,0.0,0.0,0.0,0.0,0.0,0.0,0.0,0.0,0.0,0.0,1.0,0.0
9,157,822,143631,0,VILLAGE,Kutubpur,Rural,117,530,273,257,170,94,76,360,179,181,180,261001,verified_name_population_match,existing_village_mapping,9,UTTAR PRADESH,162,LUCKNOW,1.0,0.0,0.0,0.0,3.0,0.0,2.0,0.0,1.0,2.0,3.0,0.0,2.0,0.0,1.0,0.0,1.0,0.0,1.0,2.0,0.0,2.0,1.0,0.0,6.0
9,157,822,143632,0,VILLAGE,Hasanapur,Rural,218,1147,601,546,778,455,323,369,146,223,428,261002,verified_name_population_match,existing_village_mapping,9,UTTAR PRADESH,162,LUCKNOW,0.0,0.0,0.0,0.0,0.0,0.0,0.0,0.0,0.0,0.0,0.0,0.0,0.0,0.0,0.0,0.0,0.0,0.0,0.0,0.0,0.0,0.0,0.0,0.0,1.0
9,157,822,143633,0,VILLAGE,Jakhandi,Rural,941,4572,2405,2167,2268,1382,886,2304,1023,1281,1953,261121,tehsil_mode_best_effort,existing_village_mapping,9,UTTAR PRADESH,162,LUCKNOW,0.0,0.0,0.0,1.0,0.0,0.0,0.0,0.0,0.0,0.0,0.0,0.0,1.0,0.0,0.0,0.0,0.0,0.0,0.0,0.0,0.0,0.0,0.0,0.0,1.0
9,157,822,143634,0,VILLAGE,Dakhenwara,Rural,92,454,214,240,281,150,131,173,64,109,295,261131,tehsil_mode_best_effort,existing_village_mapping,9,UTTAR PRADESH,162,LUCKNOW,1.0,0.0,0.0,0.0,0.0,0.0,2.0,0.0,0.0,2.0,0.0,0.0,0.0,0.0,2.0,0.0,0.0,0.0,0.0,0.0,0.0,0.0,0.0,0.0,2.0
9,157,822,143635,0,VILLAGE,Dhaurahra,Rural,671,3879,2063,1816,1918,1223,695,1961,840,1121,1429,261135,tehsil_mode_best_effort,existing_village_mapping,9,UTTAR PRADESH,162,LUCKNOW,0.0,0.0,0.0,1.0,1.0,0.0,0.0,0.0,0.0,1.0,1.0,0.0,0.0,0.0,0.0,0.0,1.0,0.0,0.0,0.0,0.0,0.0,0.0,0.0,0.0
9,157,822,143636,0,VILLAGE,Fatehpur,Rural,147,871,473,398,531,334,197,340,139,201,422,261136,tehsil_mode_best_effort,existing_village_mapping,9,UTTAR PRADESH,162,LUCKNOW,0.0,0.0,0.0,0.0,0.0,0.0,0.0,0.0,0.0,0.0,1.0,0.0,1.0,0.0,0.0,0.0,0.0,0.0,0.0,0.0,0.0,0.0,0.0,0.0,1.0
9,157,822,143637,0,VILLAGE,Mohammadabad,Rural,115,617,323,294,380,231,149,237,92,145,157,261141,tehsil_mode_best_effort,existing_village_mapping,9,UTTAR PRADESH,162,LUCKNOW,0.0,0.0,0.0,0.0,2.0,0.0,0.0,0.0,0.0,0.0,1.0,0.0,1.0,0.0,1.0,0.0,0.0,0.0,0.0,0.0,0.0,0.0,0.0,0.0,1.0
9,157,822,143638,0,VILLAGE,Chauganpur,Rural,112,605,325,280,263,161,102,342,164,178,189,261145,tehsil_mode_best_effort,existing_village_mapping,9,UTTAR PRADESH,162,LUCKNOW,0.0,0.0,0.0,0.0,0.0,0.0,0.0,0.0,0.0,1.0,1.0,0.0,0.0,0.0,0.0,0.0,0.0,0.0,0.0,0.0,0.0,0.0,0.0,0.0,1.0
9,157,822,143639,0,VILLAGE,Chamartaliya,Rural,155,832,417,415,546,310,236,286,107,179,253,261201,tehsil_mode_best_effort,existing_village_mapping,9,UTTAR PRADESH,162,LUCKNOW,1.0,0.0,0.0,1.0,4.0,2.0,0.0,0.0,1.0,1.0,1.0,0.0,4.0,0.0,4.0,0.0,0.0,0.0,2.0,0.0,0.0,0.0,0.0,0.0,3.0
9,157,822,143640,0,VILLAGE,Ghuskar,Rural,605,3482,1864,1618,1820,1080,740,1662,784,878,1352,261202,tehsil_mode_best_effort,existing_village_mapping,9,UTTAR PRADESH,162,LUCKNOW,0.0,0.0,0.0,0.0,2.0,0.0,0.0,0.0,0.0,0.0,0.0,0.0,0.0,0.0,2.0,0.0,0.0,0.0,0.0,0.0,0.0,0.0,0.0,0.0,1.0
9,157,822,143641,0,VILLAGE,Baruwa,Rural,247,1440,757,683,584,364,220,856,393,463,433,261203,tehsil_mode_best_effort,existing_village_mapping,9,UTTAR PRADESH,162,LUCKNOW,0.0,0.0,0.0,0.0,3.0,0.0,0.0,1.0,2.0,0.0,4.0,0.0,3.0,0.0,2.0,0.0,1.0,0.0,0.0,1.0,0.0,0.0,1.0,0.0,4.0
9,157,822,143642,0,VILLAGE,Bastauli,Rural,99,526,275,251,386,232,154,140,43,97,176,261204,tehsil_mode_best_effort,existing_village_mapping,9,UTTAR PRADESH,162,LUCKNOW,0.0,0.0,0.0,0.0,0.0,0.0,0.0,0.0,0.0,0.0,1.0,0.0,0.0,0.0,1.0,0.0,0.0,0.0,0.0,0.0,0.0,0.0,1.0,0.0,2.0
9,157,822,143643,0,VILLAGE,Shikatnagar,Rural,176,905,481,424,427,269,158,478,212,266,264,261205,verified_name_population_match,existing_village_mapping,9,UTTAR PRADESH,162,LUCKNOW,0.0,0.0,0.0,1.0,0.0,0.0,1.0,0.0,0.0,0.0,1.0,0.0,0.0,0.0,2.0,0.0,0.0,0.0,0.0,0.0,0.0,0.0,0.0,0.0,0.0
9,157,822,143644,0,VILLAGE,Lakhpera,Rural,24,78,41,37,22,15,7,56,26,30,23,261206,tehsil_mode_best_effort,existing_village_mapping,9,UTTAR PRADESH,162,LUCKNOW,0.0,0.0,0.0,0.0,0.0,0.0,0.0,0.0,0.0,1.0,0.0,0.0,0.0,0.0,0.0,0.0,0.0,0.0,0.0,1.0,0.0,0.0,0.0,0.0,1.0
9,157,822,143645,0,VILLAGE,Rahmatnagar,Rural,687,3618,1863,1755,1766,1046,720,1852,817,1035,1358,261207,verified_name_population_match,existing_village_mapping,9,UTTAR PRADESH,162,LUCKNOW,0.0,0.0,0.0,0.0,0.0,0.0,0.0,0.0,0.0,1.0,0.0,0.0,1.0,0.0,0.0,0.0,0.0,0.0,0.0,0.0,0.0,0.0,0.0,0.0,0.0
9,157,822,143646,0,VILLAGE,Mohammaadpur Garhi,Rural,432,2245,1110,1135,1075,640,435,1170,470,700,666,261208,verified_name_population_match,existing_village_mapping,9,UTTAR PRADESH,162,LUCKNOW,0.0,0.0,0.0,0.0,0.0,0.0,0.0,0.0,0.0,0.0,1.0,0.0,3.0,0.0,1.0,0.0,0.0,0.0,0.0,0.0,0.0,0.0,0.0,0.0,0.0
9,157,822,143647,0,VILLAGE,Gomi Khera,Rural,249,1404,741,663,911,549,362,493,192,301,426,261301,verified_name_population_match,existing_village_mapping,9,UTTAR PRADESH,162,LUCKNOW,0.0,0.0,0.0,0.0,2.0,0.0,0.0,0.0,0.0,0.0,0.0,0.0,1.0,0.0,1.0,0.0,0.0,0.0,0.0,0.0,0.0,1.0,1.0,1.0,1.0
9,157,822,143648,0,VILLAGE,Salempur,Rural,1327,7542,3860,3682,4023,2370,1653,3519,1490,2029,2369,261302,tehsil_mode_best_effort,existing_village_mapping,9,UTTAR PRADESH,162,LUCKNOW,1.0,0.0,0.0,0.0,3.0,0.0,0.0,0.0,3.0,1.0,0.0,0.0,1.0,0.0,2.0,0.0,1.0,0.0,0.0,0.0,0.0,0.0,2.0,0.0,1.0
9,157,822,143649,0,VILLAGE,Mahurakala,Rural,599,3019,1574,1445,1822,1060,762,1197,514,683,1092,261303,tehsil_mode_best_effort,existing_village_mapping,9,UTTAR PRADESH,162,LUCKNOW,1.0,2.0,0.0,1.0,8.0,0.0,1.0,1.0,3.0,3.0,0.0,0.0,7.0,0.0,7.0,0.0,0.0,1.0,2.0,0.0,0.0,1.0,0.0,0.0,1.0
9,157,822,143650,0,VILLAGE,Asti,Rural,296,1531,641,890,468,220,248,1063,421,642,390,261309,tehsil_mode_best_effort,existing_village_mapping,9,UTTAR PRADESH,162,LUCKNOW,0.0,0.0,0.0,0.0,0.0,0.0,0.0,0.0,0.0,0.0,0.0,0.0,0.0,0.0,1.0,0.0,0.0,0.0,0.0,0.0,0.0,0.0,0.0,0.0,0.0
9,157,822,143651,0,VILLAGE,Panjsara,Rural,251,1399,716,683,517,292,225,882,424,458,456,261401,tehsil_mode_best_effort,existing_village_mapping,9,UTTAR PRADESH,162,LUCKNOW,0.0,0.0,0.0,0.0,0.0,0.0,0.0,0.0,0.0,0.0,0.0,0.0,0.0,0.0,3.0,0.0,0.0,0.0,0.0,0.0,0.0,0.0,0.0,0.0,1.0
9,157,822,143652,0,VILLAGE,Kapera Madarpur,Rural,440,2226,1173,1053,1492,867,625,734,306,428,819,261402,tehsil_mode_best_effort,existing_village_mapping,9,UTTAR PRADESH,162,LUCKNOW,0.0,0.0,0.0,0.0,1.0,0.0,0.0,0.0,0.0,0.0,0.0,0.0,0.0,0.0,0.0,0.0,0.0,0.0,0.0,0.0,0.0,0.0,0.0,0.0,0.0
9,157,822,143653,0,VILLAGE,Ahmadpur Aihsan Ali,Rural,83,470,237,233,239,146,93,231,91,140,273,261403,tehsil_mode_best_effort,existing_village_mapping,9,UTTAR PRADESH,162,LUCKNOW,0.0,0.0,0.0,0.0,0.0,0.0,1.0,0.0,0.0,0.0,3.0,0.0,2.0,0.0,5.0,0.0,0.0,1.0,0.0,0.0,0.0,0.0,0.0,0.0,0.0
9,157,822,143654,0,VILLAGE,Sarai Gopauli,Rural,318,1732,942,790,1098,667,431,634,275,359,1009,261404,tehsil_mode_best_effort,existing_village_mapping,9,UTTAR PRADESH,162,LUCKNOW,0.0,0.0,0.0,0.0,0.0,0.0,0.0,0.0,0.0,0.0,0.0,0.0,1.0,0.0,1.0,0.0,0.0,0.0,0.0,0.0,0.0,0.0,0.0,0.0,0.0
9,157,822,143655,0,VILLAGE,Bhaurakalla,Rural,162,806,422,384,487,309,178,319,113,206,326,261405,tehsil_mode_best_effort,existing_village_mapping,9,UTTAR PRADESH,162,LUCKNOW,0.0,0.0,0.0,0.0,1.0,0.0,0.0,0.0,0.0,0.0,0.0,0.0,0.0,0.0,1.0,0.0,0.0,0.0,0.0,0.0,0.0,0.0,2.0,0.0,1.0
9,157,822,143656,0,VILLAGE,Kewali,Rural,353,1828,983,845,1140,695,445,688,288,400,640,261502,tehsil_mode_best_effort,existing_village_mapping,9,UTTAR PRADESH,162,LUCKNOW,0.0,0.0,0.0,0.0,0.0,0.0,1.0,0.0,0.0,0.0,1.0,0.0,0.0,0.0,0.0,0.0,0.0,0.0,0.0,0.0,0.0,0.0,0.0,0.0,1.0
9,157,822,143657,0,VILLAGE,Karsanda,Rural,129,670,320,350,305,172,133,365,148,217,156,261505,tehsil_mode_best_effort,existing_village_mapping,9,UTTAR PRADESH,162,LUCKNOW,0.0,1.0,0.0,0.0,0.0,0.0,1.0,0.0,0.0,1.0,2.0,0.0,1.0,0.0,0.0,0.0,0.0,0.0,0.0,0.0,0.0,1.0,0.0,0.0,0.0
9,157,822,143658,0,VILLAGE,Badhauli,Rural,247,1023,557,466,584,370,214,439,187,252,270,261506,tehsil_mode_best_effort,existing_village_mapping,9,UTTAR PRADESH,162,LUCKNOW,0.0,0.0,0.0,0.0,1.0,0.0,0.0,0.0,0.0,1.0,1.0,0.0,1.0,0.0,0.0,0.0,0.0,0.0,0.0,0.0,0.0,0.0,0.0,0.0,0.0
9,157,822,143659,0,VILLAGE,Haraee,Rural,88,471,256,215,263,161,102,208,95,113,141,262001,tehsil_mode_best_effort,existing_village_mapping,9,UTTAR PRADESH,162,LUCKNOW,0.0,0.0,0.0,0.0,1.0,0.0,0.0,0.0,0.0,0.0,0.0,0.0,0.0,0.0,0.0,0.0,0.0,0.0,0.0,0.0,0.0,0.0,0.0,0.0,0.0
9,157,822,143660,0,VILLAGE,Selhu Mau,Rural,311,1693,887,806,1071,654,417,622,233,389,628,262004,tehsil_mode_best_effort,existing_village_mapping,9,UTTAR PRADESH,162,LUCKNOW,0.0,0.0,0.0,0.0,1.0,0.0,0.0,0.0,0.0,0.0,0.0,0.0,0.0,0.0,0.0,0.0,0.0,0.0,0.0,0.0,0.0,0.0,0.0,0.0,0.0
9,157,822,143661,0,VILLAGE,Bhamai Mau,Rural,226,987,492,495,444,258,186,543,234,309,357,262022,verified_name_population_match,existing_village_mapping,9,UTTAR PRADESH,162,LUCKNOW,0.0,0.0,0.0,0.0,1.0,0.0,0.0,0.0,0.0,0.0,0.0,0.0,0.0,0.0,0.0,0.0,0.0,0.0,0.0,0.0,0.0,0.0,0.0,0.0,0.0
9,157,822,143662,0,VILLAGE,Sarauna,Rural,193,793,383,410,335,199,136,458,184,274,262,262024,verified_name_population_match,existing_village_mapping,9,UTTAR PRADESH,162,LUCKNOW,0.0,0.0,0.0,0.0,0.0,0.0,0.0,0.0,0.0,0.0,0.0,0.0,0.0,0.0,0.0,0.0,0.0,0.0,0.0,0.0,0.0,0.0,0.0,0.0,3.0
9,157,822,143663,0,VILLAGE,Metauli Adampur,Rural,336,1619,844,775,968,579,389,651,265,386,590,262122,verified_name_population_match,existing_village_mapping,9,UTTAR PRADESH,162,LUCKNOW,0.0,0.0,0.0,0.0,1.0,0.0,0.0,0.0,0.0,0.0,1.0,0.0,0.0,0.0,0.0,0.0,0.0,0.0,0.0,0.0,0.0,0.0,0.0,0.0,0.0
9,157,822,143664,0,VILLAGE,Akarhandoo,Rural,254,1238,663,575,578,369,209,660,294,366,430,262308,tehsil_mode_best_effort,existing_village_mapping,9,UTTAR PRADESH,162,LUCKNOW,1.0,0.0,0.0,0.0,0.0,0.0,0.0,0.0,0.0,0.0,0.0,0.0,0.0,0.0,0.0,0.0,0.0,0.0,0.0,0.0,0.0,0.0,0.0,0.0,1.0
9,157,822,143665,0,VILLAGE,Hardoeya,Rural,481,2560,1325,1235,1356,812,544,1204,513,691,1029,192124,tehsil_mode_best_effort,existing_village_mapping,9,UTTAR PRADESH,162,LUCKNOW,0.0,0.0,0.0,0.0,0.0,0.0,0.0,0.0,0.0,0.0,0.0,0.0,0.0,0.0,0.0,0.0,0.0,0.0,0.0,0.0,0.0,0.0,0.0,0.0,1.0
9,157,822,143666,0,VILLAGE,Aneya Khargapur,Rural,864,4563,2385,2178,2714,1601,1113,1849,784,1065,1810,262601,tehsil_mode_best_effort,existing_village_mapping,9,UTTAR PRADESH,162,LUCKNOW,0.0,0.0,0.0,0.0,0.0,0.0,0.0,0.0,0.0,0.0,0.0,0.0,0.0,0.0,1.0,0.0,0.0,0.0,0.0,0.0,0.0,0.0,0.0,0.0,0.0
9,157,822,143667,0,VILLAGE,Dulhapur Husainabad,Rural,489,2488,1294,1194,1423,866,557,1065,428,637,1039,262701,tehsil_mode_best_effort,existing_village_mapping,9,UTTAR PRADESH,162,LUCKNOW,0.0,0.0,0.0,1.0,2.0,1.0,0.0,0.0,1.0,2.0,2.0,0.0,1.0,0.0,3.0,0.0,1.0,0.0,0.0,0.0,1.0,2.0,0.0,0.0,1.0
9,157,822,143668,0,VILLAGE,Ismail Nagar,Rural,216,1150,584,566,789,457,332,361,127,234,414,262702,tehsil_mode_best_effort,existing_village_mapping,9,UTTAR PRADESH,162,LUCKNOW,0.0,0.0,0.0,0.0,1.0,0.0,0.0,0.0,0.0,0.0,0.0,0.0,0.0,0.0,0.0,0.0,0.0,0.0,1.0,0.0,0.0,0.0,0.0,0.0,0.0
9,157,822,143669,0,VILLAGE,Sahzadepur,Rural,161,847,451,396,471,285,186,376,166,210,344,262721,verified_name_population_match,existing_village_mapping,9,UTTAR PRADESH,162,LUCKNOW,0.0,0.0,0.0,0.0,0.0,0.0,0.0,0.0,0.0,0.0,0.0,0.0,0.0,0.0,0.0,0.0,0.0,0.0,0.0,0.0,0.0,0.0,0.0,0.0,1.0
9,157,822,143670,0,VILLAGE,Rasoolpur Ashik Ali,Rural,362,1781,894,887,1059,600,459,722,294,428,595,262722,tehsil_mode_best_effort,existing_village_mapping,9,UTTAR PRADESH,162,LUCKNOW,0.0,0.0,0.0,0.0,0.0,0.0,2.0,0.0,0.0,2.0,1.0,0.0,0.0,0.0,0.0,0.0,0.0,0.0,0.0,0.0,0.0,0.0,0.0,0.0,0.0
9,157,822,143671,0,VILLAGE,Adampur Naubasta,Rural,870,4531,2117,2414,2516,1395,1121,2015,722,1293,1619,262723,tehsil_mode_best_effort,existing_village_mapping,9,UTTAR PRADESH,162,LUCKNOW,0.0,0.0,0.0,0.0,1.0,0.0,0.0,0.0,1.0,0.0,2.0,0.0,0.0,0.0,0.0,0.0,0.0,0.0,0.0,0.0,0.0,0.0,0.0,0.0,0.0
9,157,822,143672,0,VILLAGE,Bahrauli,Rural,1092,5674,2892,2782,3301,1904,1397,2373,988,1385,2084,262724,tehsil_mode_best_effort,existing_village_mapping,9,UTTAR PRADESH,162,LUCKNOW,0.0,0.0,0.0,0.0,0.0,1.0,0.0,0.0,0.0,1.0,0.0,0.0,0.0,0.0,0.0,0.0,0.0,0.0,0.0,0.0,0.0,0.0,0.0,0.0,0.0
9,157,822,143673,0,VILLAGE,Bajgaheya,Rural,234,1248,640,608,595,384,211,653,256,397,476,262726,tehsil_mode_best_effort,existing_village_mapping,9,UTTAR PRADESH,162,LUCKNOW,0.0,0.0,0.0,0.0,1.0,0.0,0.0,0.0,1.0,0.0,0.0,0.0,0.0,0.0,0.0,0.0,0.0,1.0,1.0,0.0,0.0,0.0,0.0,0.0,1.0
9,157,822,143674,0,VILLAGE,Khawas Khera,Rural,175,923,486,437,414,262,152,509,224,285,258,262727,tehsil_mode_best_effort,existing_village_mapping,9,UTTAR PRADESH,162,LUCKNOW,1.0,0.0,0.0,0.0,0.0,0.0,0.0,0.0,1.0,0.0,1.0,0.0,1.0,0.0,0.0,0.0,0.0,0.0,0.0,0.0,0.0,0.0,0.0,0.0,0.0
9,157,822,143675,0,VILLAGE,Ghor Sara,Rural,359,1774,908,866,1032,620,412,742,288,454,760,262728,tehsil_mode_best_effort,existing_village_mapping,9,UTTAR PRADESH,162,LUCKNOW,0.0,0.0,0.0,0.0,0.0,0.0,0.0,0.0,0.0,1.0,0.0,0.0,0.0,0.0,0.0,0.0,0.0,0.0,0.0,0.0,0.0,0.0,0.0,0.0,0.0
9,157,822,143676,0,VILLAGE,Sarthuwa,Rural,223,1194,608,586,673,366,307,521,242,279,335,262802,tehsil_mode_best_effort,existing_village_mapping,9,UTTAR PRADESH,162,LUCKNOW,0.0,0.0,0.0,0.0,1.0,1.0,0.0,0.0,0.0,0.0,1.0,0.0,1.0,0.0,0.0,0.0,0.0,0.0,0.0,1.0,0.0,0.0,0.0,0.0,1.0
9,157,822,143677,0,VILLAGE,Mohiddeenpur,Rural,166,807,431,376,426,259,167,381,172,209,275,262803,tehsil_mode_best_effort,existing_village_mapping,9,UTTAR PRADESH,162,LUCKNOW,0.0,0.0,0.0,0.0,0.0,0.0,0.0,0.0,0.0,0.0,1.0,0.0,0.0,0.0,0.0,0.0,0.0,0.0,0.0,0.0,0.0,0.0,0.0,0.0,0.0
9,157,822,143678,0,VILLAGE,Shivdhara,Rural,203,975,470,505,435,238,197,540,232,308,318,262804,tehsil_mode_best_effort,existing_village_mapping,9,UTTAR PRADESH,162,LUCKNOW,0.0,1.0,0.0,0.0,0.0,0.0,0.0,0.0,0.0,0.0,2.0,0.0,0.0,0.0,1.0,0.0,0.0,0.0,0.0,0.0,0.0,0.0,0.0,0.0,0.0
9,157,822,143679,0,VILLAGE,Pooran Pur,Rural,209,981,508,473,614,362,252,367,146,221,385,262805,tehsil_mode_best_effort,existing_village_mapping,9,UTTAR PRADESH,162,LUCKNOW,0.0,0.0,0.0,0.0,1.0,0.0,1.0,0.0,0.0,1.0,0.0,0.0,1.0,0.0,1.0,0.0,0.0,0.0,0.0,0.0,0.0,0.0,0.0,0.0,1.0
9,157,822,143680,0,VILLAGE,Daudnagar,Rural,275,1192,613,579,683,396,287,509,217,292,568,262901,tehsil_mode_best_effort,existing_village_mapping,9,UTTAR PRADESH,162,LUCKNOW,0.0,0.0,0.0,0.0,0.0,1.0,0.0,0.0,0.0,0.0,1.0,0.0,1.0,0.0,0.0,0.0,0.0,1.0,0.0,0.0,0.0,0.0,0.0,0.0,0.0
9,157,822,143681,0,VILLAGE,Perehta,Rural,659,3435,1780,1655,1638,972,666,1797,808,989,1022,262902,tehsil_mode_best_effort,existing_village_mapping,9,UTTAR PRADESH,162,LUCKNOW,1.0,0.0,0.0,0.0,4.0,1.0,0.0,0.0,0.0,0.0,2.0,0.0,0.0,0.0,0.0,0.0,0.0,0.0,0.0,0.0,0.0,0.0,0.0,0.0,0.0
9,157,822,143682,0,VILLAGE,Dahiyar,Rural,431,2444,1279,1165,1722,965,757,722,314,408,687,262903,tehsil_mode_best_effort,existing_village_mapping,9,UTTAR PRADESH,162,LUCKNOW,0.0,0.0,0.0,0.0,0.0,0.0,1.0,0.0,2.0,1.0,0.0,0.0,0.0,0.0,0.0,0.0,0.0,0.0,0.0,0.0,0.0,0.0,1.0,0.0,0.0
9,157,822,143683,0,VILLAGE,Khujauli,Rural,892,4666,2436,2230,2299,1361,938,2367,1075,1292,1573,262904,tehsil_mode_best_effort,existing_village_mapping,9,UTTAR PRADESH,162,LUCKNOW,0.0,0.0,0.0,0.0,0.0,0.0,0.0,0.0,0.0,0.0,0.0,0.0,0.0,0.0,1.0,0.0,0.0,0.0,0.0,0.0,0.0,0.0,0.0,0.0,0.0
9,157,822,143684,0,VILLAGE,Harikansh Garhi,Rural,148,738,372,366,449,255,194,289,117,172,231,262906,tehsil_mode_best_effort,existing_village_mapping,9,UTTAR PRADESH,162,LUCKNOW,0.0,0.0,0.0,0.0,0.0,0.0,1.0,0.0,0.0,0.0,1.0,0.0,1.0,0.0,0.0,0.0,0.0,0.0,0.0,0.0,0.0,0.0,0.0,0.0,0.0
9,157,822,143685,0,VILLAGE,Dalauna,Rural,199,1252,650,602,629,365,264,623,285,338,285,263133,tehsil_mode_best_effort,existing_village_mapping,9,UTTAR PRADESH,162,LUCKNOW,1.0,0.0,0.0,0.0,0.0,0.0,0.0,0.0,0.0,0.0,0.0,0.0,0.0,0.0,0.0,0.0,0.0,0.0,0.0,0.0,0.0,0.0,0.0,0.0,0.0
9,157,822,143686,0,VILLAGE,Purseni,Rural,944,5037,2576,2461,3100,1713,1387,1937,863,1074,1567,264401,tehsil_mode_best_effort,existing_village_mapping,9,UTTAR PRADESH,162,LUCKNOW,0.0,0.0,0.0,0.0,0.0,0.0,0.0,0.0,0.0,0.0,0.0,0.0,0.0,0.0,0.0,0.0,0.0,0.0,0.0,0.0,0.0,0.0,1.0,0.0,0.0
9,157,822,143687,0,VILLAGE,Inderjeet Khera,Rural,118,610,321,289,220,134,86,390,187,203,167,266001,tehsil_mode_best_effort,existing_village_mapping,9,UTTAR PRADESH,162,LUCKNOW,0.0,0.0,0.0,0.0,0.0,0.0,0.0,0.0,2.0,0.0,1.0,0.0,1.0,0.0,0.0,0.0,0.0,0.0,0.0,0.0,0.0,0.0,0.0,0.0,0.0
9,157,822,143688,0,VILLAGE,Dharmawat Khera,Rural,114,599,307,292,377,223,154,222,84,138,154,266002,tehsil_mode_best_effort,existing_village_mapping,9,UTTAR PRADESH,162,LUCKNOW,0.0,0.0,0.0,0.0,0.0,0.0,0.0,0.0,0.0,0.0,1.0,0.0,1.0,0.0,0.0,0.0,0.0,1.0,0.0,0.0,0.0,0.0,0.0,0.0,4.0
9,157,822,143689,0,VILLAGE,Dharamgad Khera,Rural,131,546,313,233,187,130,57,359,183,176,141,266003,tehsil_mode_best_effort,existing_village_mapping,9,UTTAR PRADESH,162,LUCKNOW,0.0,0.0,0.0,0.0,0.0,0.0,0.0,0.0,0.0,0.0,0.0,0.0,0.0,0.0,0.0,0.0,0.0,0.0,0.0,0.0,0.0,0.0,0.0,0.0,2.0
9,157,822,143690,0,VILLAGE,Mau,Rural,2412,13655,7147,6508,9062,5153,3909,4593,1994,2599,4555,266004,tehsil_mode_best_effort,existing_village_mapping,9,UTTAR PRADESH,162,LUCKNOW,0.0,0.0,0.0,0.0,0.0,1.0,1.0,0.0,0.0,0.0,0.0,0.0,0.0,0.0,0.0,0.0,1.0,0.0,0.0,0.0,0.0,0.0,0.0,0.0,2.0
9,157,822,143691,0,VILLAGE,Rambhan Khera,Rural,277,1514,770,744,810,470,340,704,300,404,504,266005,tehsil_mode_best_effort,existing_village_mapping,9,UTTAR PRADESH,162,LUCKNOW,0.0,0.0,0.0,0.0,0.0,1.0,0.0,0.0,0.0,0.0,1.0,0.0,1.0,0.0,1.0,0.0,0.0,0.0,0.0,0.0,0.0,0.0,0.0,0.0,0.0
9,157,822,143692,0,VILLAGE,Khujehra,Rural,441,2310,1207,1103,1158,689,469,1152,518,634,969,266008,tehsil_mode_best_effort,existing_village_mapping,9,UTTAR PRADESH,162,LUCKNOW,0.0,0.0,0.0,0.0,2.0,0.0,0.0,0.0,0.0,0.0,0.0,0.0,0.0,0.0,0.0,0.0,0.0,0.0,0.0,0.0,0.0,0.0,0.0,0.0,0.0
9,157,822,143693,0,VILLAGE,Dehwa,Rural,536,2781,1371,1410,1698,929,769,1083,442,641,822,266010,tehsil_mode_best_effort,existing_village_mapping,9,UTTAR PRADESH,162,LUCKNOW,0.0,0.0,0.0,0.0,0.0,1.0,0.0,0.0,1.0,1.0,0.0,0.0,1.0,0.0,0.0,0.0,0.0,0.0,0.0,0.0,2.0,0.0,0.0,0.0,6.0
9,157,822,143694,0,VILLAGE,Bhasanda,Rural,630,3358,1767,1591,2294,1338,956,1064,429,635,1222,266012,tehsil_mode_best_effort,existing_village_mapping,9,UTTAR PRADESH,162,LUCKNOW,0.0,0.0,0.0,0.0,1.0,0.0,0.0,0.0,0.0,0.0,0.0,0.0,0.0,0.0,0.0,0.0,0.0,0.0,0.0,0.0,0.0,0.0,0.0,0.0,0.0
9,157,822,143695,0,VILLAGE,Uttaar Gaon,Rural,715,3518,1827,1691,2043,1236,807,1475,591,884,1045,266013,tehsil_mode_best_effort,existing_village_mapping,9,UTTAR PRADESH,162,LUCKNOW,0.0,0.0,0.0,0.0,0.0,0.0,0.0,0.0,0.0,0.0,1.0,0.0,0.0,0.0,0.0,0.0,0.0,0.0,0.0,0.0,0.0,0.0,0.0,0.0,0.0
9,157,822,143696,0,VILLAGE,Bhaudhari,Rural,606,3227,1720,1507,2189,1274,915,1038,446,592,851,266014,verified_name_population_match,existing_village_mapping,9,UTTAR PRADESH,162,LUCKNOW,0.0,0.0,0.0,0.0,0.0,0.0,0.0,0.0,0.0,0.0,0.0,0.0,0.0,0.0,0.0,0.0,0.0,0.0,0.0,0.0,0.0,0.0,1.0,0.0,0.0
9,157,822,143697,0,VILLAGE,Dhanuwa Sand,Rural,417,2310,1213,1097,1422,853,569,888,360,528,773,266016,verified_name_population_match,existing_village_mapping,9,UTTAR PRADESH,162,LUCKNOW,0.0,0.0,0.0,0.0,1.0,0.0,0.0,1.0,0.0,0.0,0.0,0.0,0.0,0.0,0.0,0.0,0.0,0.0,0.0,0.0,0.0,0.0,0.0,0.0,0.0
9,157,822,143698,0,VILLAGE,Bhadeshwa,Rural,560,2902,1535,1367,1811,1080,731,1091,455,636,866,266017,verified_name_population_match,existing_village_mapping,9,UTTAR PRADESH,162,LUCKNOW,0.0,0.0,0.0,0.0,0.0,1.0,1.0,0.0,0.0,0.0,4.0,0.0,0.0,0.0,1.0,0.0,0.0,0.0,1.0,0.0,0.0,0.0,0.0,0.0,2.0
9,157,822,143699,0,VILLAGE,Kodara Raypur,Rural,433,2252,1187,1065,1109,686,423,1143,501,642,752,266020,verified_name_population_match,existing_village_mapping,9,UTTAR PRADESH,162,LUCKNOW,0.0,0.0,0.0,0.0,1.0,0.0,0.0,0.0,0.0,0.0,0.0,0.0,0.0,0.0,0.0,0.0,0.0,1.0,0.0,0.0,0.0,0.0,0.0,0.0,2.0
9,157,822,143700,0,VILLAGE,Sisandi,Rural,1268,6804,3634,3170,4177,2402,1775,2627,1232,1395,2170,266021,verified_name_population_match,existing_village_mapping,9,UTTAR PRADESH,162,LUCKNOW,0.0,0.0,0.0,0.0,1.0,0.0,0.0,0.0,0.0,0.0,0.0,0.0,0.0,0.0,0.0,0.0,0.0,0.0,0.0,0.0,1.0,1.0,0.0,0.0,1.0
9,157,822,143701,0,VILLAGE,Sulsa Mau,Rural,518,2775,1479,1296,1788,1116,672,987,363,624,860,266028,tehsil_mode_best_effort,existing_village_mapping,9,UTTAR PRADESH,162,LUCKNOW,0.0,0.0,0.0,0.0,1.0,1.0,0.0,0.0,0.0,0.0,0.0,0.0,0.0,0.0,0.0,0.0,0.0,0.0,0.0,0.0,0.0,0.0,0.0,0.0,0.0
9,157,822,143702,0,VILLAGE,Meenapur,Rural,181,936,494,442,627,377,250,309,117,192,234,266101,verified_name_population_match,existing_village_mapping,9,UTTAR PRADESH,162,LUCKNOW,0.0,1.0,0.0,0.0,2.0,0.0,1.0,0.0,0.0,0.0,1.0,0.0,0.0,0.0,0.0,0.0,0.0,0.0,1.0,0.0,0.0,0.0,0.0,0.0,1.0
9,157,822,143703,0,VILLAGE,Bheelam Pur,Rural,160,779,426,353,537,330,207,242,96,146,322,266102,verified_name_population_match,existing_village_mapping,9,UTTAR PRADESH,162,LUCKNOW,0.0,0.0,0.0,0.0,0.0,0.0,1.0,0.0,0.0,0.0,0.0,0.0,0.0,0.0,0.0,0.0,0.0,0.0,0.0,0.0,0.0,0.0,0.0,0.0,0.0
9,157,822,143704,0,VILLAGE,Devareya (Bharsawa),Rural,522,2659,1400,1259,1650,976,674,1009,424,585,814,266129,tehsil_mode_best_effort,existing_village_mapping,9,UTTAR PRADESH,162,LUCKNOW,0.0,0.0,0.0,0.0,0.0,0.0,0.0,0.0,0.0,0.0,0.0,0.0,0.0,0.0,0.0,0.0,0.0,0.0,0.0,0.0,0.0,0.0,1.0,0.0,0.0
9,157,822,143705,0,VILLAGE,Miran Pur,Rural,239,1377,716,661,768,452,316,609,264,345,441,266201,verified_name_population_match,existing_village_mapping,9,UTTAR PRADESH,162,LUCKNOW,0.0,0.0,0.0,0.0,0.0,0.0,0.0,0.0,0.0,0.0,0.0,0.0,0.0,0.0,1.0,0.0,0.0,0.0,0.0,0.0,0.0,0.0,1.0,0.0,0.0
9,157,822,143706,0,VILLAGE,Gobind Pur,Rural,485,2440,1252,1188,1606,947,659,834,305,529,796,266301,verified_name_population_match,existing_village_mapping,9,UTTAR PRADESH,162,LUCKNOW,0.0,0.0,0.0,0.0,0.0,0.0,0.0,0.0,0.0,0.0,0.0,0.0,0.0,0.0,0.0,1.0,0.0,0.0,0.0,0.0,0.0,0.0,0.0,0.0,0.0
9,157,822,143707,0,VILLAGE,Jabarauli,Rural,820,4107,2163,1944,2503,1494,1009,1604,669,935,1386,266401,verified_name_population_match,existing_village_mapping,9,UTTAR PRADESH,162,LUCKNOW,0.0,0.0,0.0,0.0,0.0,0.0,0.0,0.0,0.0,0.0,1.0,0.0,0.0,0.0,0.0,0.0,0.0,0.0,0.0,0.0,0.0,0.0,0.0,0.0,1.0
9,157,822,143708,0,VILLAGE,Gautam Khera,Rural,195,919,497,422,523,318,205,396,179,217,232,267115,tehsil_mode_best_effort,existing_village_mapping,9,UTTAR PRADESH,162,LUCKNOW,0.0,0.0,0.0,0.0,0.0,0.0,0.0,0.0,0.0,0.0,0.0,0.0,0.0,0.0,1.0,0.0,0.0,0.0,0.0,0.0,0.0,0.0,0.0,0.0,0.0
9,157,822,143709,0,VILLAGE,Paraspur Thaththa,Rural,243,1236,655,581,709,424,285,527,231,296,502,271001,tehsil_mode_best_effort,existing_village_mapping,9,UTTAR PRADESH,162,LUCKNOW,0.0,0.0,0.0,0.0,2.0,1.0,0.0,0.0,0.0,0.0,3.0,0.0,2.0,0.0,0.0,0.0,0.0,2.0,0.0,0.0,0.0,1.0,2.0,0.0,2.0
9,157,822,143710,0,VILLAGE,Kushmaura,Rural,453,2095,1076,1019,1178,701,477,917,375,542,670,271002,tehsil_mode_best_effort,existing_village_mapping,9,UTTAR PRADESH,162,LUCKNOW,0.0,0.0,0.0,0.0,1.0,0.0,2.0,0.0,0.0,0.0,4.0,0.0,0.0,0.0,0.0,0.0,0.0,0.0,0.0,0.0,0.0,0.0,0.0,0.0,0.0
9,157,822,143711,0,VILLAGE,Barbaliya,Rural,355,1775,947,828,1253,728,525,522,219,303,559,271003,verified_name_population_match,existing_village_mapping,9,UTTAR PRADESH,162,LUCKNOW,0.0,0.0,0.0,0.0,0.0,0.0,0.0,0.0,1.0,0.0,0.0,0.0,0.0,0.0,0.0,0.0,0.0,0.0,0.0,0.0,0.0,0.0,0.0,0.0,1.0
9,157,822,143712,0,VILLAGE,Gaura,Rural,1021,5160,2660,2500,2749,1612,1137,2411,1048,1363,1466,271111,tehsil_mode_best_effort,existing_village_mapping,9,UTTAR PRADESH,162,LUCKNOW,0.0,0.0,0.0,0.0,1.0,0.0,0.0,0.0,0.0,0.0,0.0,0.0,0.0,0.0,0.0,0.0,0.0,0.0,0.0,0.0,0.0,0.0,0.0,0.0,0.0
9,157,822,143713,0,VILLAGE,Atrauli,Rural,603,2971,1555,1416,1939,1099,840,1032,456,576,994,271122,tehsil_mode_best_effort,existing_village_mapping,9,UTTAR PRADESH,162,LUCKNOW,0.0,0.0,0.0,0.0,0.0,0.0,0.0,0.0,0.0,0.0,1.0,0.0,0.0,0.0,0.0,0.0,0.0,1.0,0.0,0.0,0.0,0.0,0.0,0.0,0.0
9,157,822,143714,0,VILLAGE,Hulas Khera,Rural,1028,5049,2653,2396,2769,1674,1095,2280,979,1301,1665,271125,tehsil_mode_best_effort,existing_village_mapping,9,UTTAR PRADESH,162,LUCKNOW,0.0,0.0,0.0,0.0,1.0,0.0,0.0,0.0,0.0,0.0,0.0,0.0,0.0,0.0,0.0,0.0,0.0,0.0,0.0,0.0,0.0,0.0,0.0,0.0,0.0
9,157,822,143715,0,VILLAGE,Dada Sikandar Pur,Rural,164,902,469,433,502,295,207,400,174,226,301,271129,tehsil_mode_best_effort,existing_village_mapping,9,UTTAR PRADESH,162,LUCKNOW,0.0,0.0,0.0,0.0,1.0,0.0,0.0,0.0,0.0,0.0,0.0,0.0,0.0,0.0,1.0,0.0,0.0,0.0,0.0,0.0,0.0,0.0,0.0,0.0,2.0
9,157,822,143716,0,VILLAGE,Gadiyana,Rural,180,859,433,426,411,243,168,448,190,258,278,271201,verified_name_population_match,existing_village_mapping,9,UTTAR PRADESH,162,LUCKNOW,0.0,0.0,0.0,0.0,0.0,0.0,0.0,0.0,0.0,4.0,1.0,0.0,0.0,0.0,0.0,1.0,0.0,0.0,2.0,0.0,0.0,3.0,0.0,0.0,1.0
9,157,822,143717,0,VILLAGE,Bindaua,Rural,304,1378,735,643,918,563,355,460,172,288,547,271202,tehsil_mode_best_effort,existing_village_mapping,9,UTTAR PRADESH,162,LUCKNOW,1.0,0.0,0.0,0.0,0.0,0.0,0.0,0.0,0.0,2.0,0.0,0.0,0.0,0.0,0.0,0.0,0.0,0.0,0.0,0.0,0.0,0.0,0.0,0.0,1.0
9,157,822,143718,0,VILLAGE,Ahmadpur Khalsa,Rural,156,711,386,325,397,241,156,314,145,169,368,271205,verified_name_population_match,existing_village_mapping,9,UTTAR PRADESH,162,LUCKNOW,0.0,0.0,0.0,0.0,0.0,0.0,0.0,0.0,0.0,0.0,1.0,0.0,0.0,0.0,0.0,0.0,0.0,0.0,0.0,0.0,0.0,0.0,0.0,0.0,0.0
9,157,822,143719,0,VILLAGE,Kura,Rural,322,1784,960,824,1139,680,459,645,280,365,592,271206,verified_name_population_match,existing_village_mapping,9,UTTAR PRADESH,162,LUCKNOW,0.0,0.0,0.0,0.0,1.0,0.0,0.0,0.0,1.0,1.0,0.0,0.0,0.0,0.0,0.0,0.0,0.0,0.0,0.0,0.0,0.0,0.0,0.0,0.0,0.0
9,157,822,143720,0,VILLAGE,Gaureya Khurd,Rural,147,738,397,341,430,256,174,308,141,167,266,271208,tehsil_mode_best_effort,existing_village_mapping,9,UTTAR PRADESH,162,LUCKNOW,0.0,1.0,0.0,0.0,1.0,0.0,0.0,0.0,0.0,0.0,0.0,0.0,0.0,0.0,0.0,0.0,0.0,0.0,0.0,0.0,0.0,0.0,0.0,0.0,0.0
9,157,822,143721,0,VILLAGE,Dewati,Rural,473,2358,1267,1091,1237,806,431,1121,461,660,1085,271210,tehsil_mode_best_effort,existing_village_mapping,9,UTTAR PRADESH,162,LUCKNOW,0.0,0.0,0.0,0.0,0.0,1.0,0.0,0.0,0.0,0.0,0.0,0.0,0.0,0.0,0.0,0.0,0.0,0.0,0.0,0.0,0.0,0.0,0.0,0.0,0.0
9,157,822,143722,0,VILLAGE,Kubhara,Rural,405,1654,862,792,816,519,297,838,343,495,761,271303,tehsil_mode_best_effort,existing_village_mapping,9,UTTAR PRADESH,162,LUCKNOW,0.0,0.0,0.0,0.0,0.0,0.0,0.0,0.0,0.0,0.0,2.0,0.0,0.0,0.0,0.0,0.0,0.0,0.0,0.0,0.0,0.0,0.0,0.0,0.0,0.0
9,157,822,143723,0,VILLAGE,Tamoriya,Rural,404,2086,1061,1025,911,527,384,1175,534,641,341,271304,tehsil_mode_best_effort,existing_village_mapping,9,UTTAR PRADESH,162,LUCKNOW,0.0,0.0,0.0,0.0,1.0,0.0,0.0,0.0,0.0,0.0,0.0,0.0,0.0,0.0,0.0,0.0,0.0,0.0,0.0,0.0,0.0,0.0,0.0,0.0,0.0
9,157,822,143724,0,VILLAGE,Madar Pur,Rural,110,512,264,248,234,134,100,278,130,148,3,271305,tehsil_mode_best_effort,existing_village_mapping,9,UTTAR PRADESH,162,LUCKNOW,0.0,0.0,0.0,0.0,0.0,0.0,0.0,0.0,0.0,0.0,0.0,0.0,0.0,0.0,0.0,0.0,0.0,0.0,0.0,0.0,0.0,0.0,0.0,0.0,1.0
9,157,822,143725,0,VILLAGE,Karora,Rural,611,3289,1711,1578,1835,1092,743,1454,619,835,1085,271306,tehsil_mode_best_effort,existing_village_mapping,9,UTTAR PRADESH,162,LUCKNOW,0.0,0.0,0.0,0.0,6.0,0.0,1.0,0.0,0.0,0.0,2.0,0.0,0.0,0.0,0.0,0.0,0.0,0.0,0.0,0.0,0.0,0.0,0.0,0.0,0.0
9,157,822,143726,0,VILLAGE,Achalikhera,Rural,373,1959,1030,929,1305,766,539,654,264,390,1152,271311,verified_name_population_match,existing_village_mapping,9,UTTAR PRADESH,162,LUCKNOW,0.0,0.0,0.0,0.0,0.0,0.0,0.0,0.0,0.0,0.0,0.0,0.0,0.0,0.0,0.0,0.0,1.0,0.0,0.0,0.0,0.0,0.0,0.0,0.0,0.0
9,157,822,143727,0,VILLAGE,Jamalpur Daduri,Rural,293,1451,748,703,781,459,322,670,289,381,590,271402,verified_name_population_match,existing_village_mapping,9,UTTAR PRADESH,162,LUCKNOW,0.0,0.0,0.0,0.0,0.0,0.0,0.0,0.0,0.0,0.0,0.0,0.0,0.0,0.0,1.0,0.0,0.0,0.0,0.0,0.0,0.0,0.0,0.0,0.0,0.0
9,157,822,143728,0,VILLAGE,Balsingh Khera,Rural,355,1777,908,869,1084,645,439,693,263,430,556,271403,tehsil_mode_best_effort,existing_village_mapping,9,UTTAR PRADESH,162,LUCKNOW,0.0,0.0,0.0,0.0,0.0,0.0,0.0,0.0,0.0,0.0,0.0,0.0,0.0,0.0,0.0,0.0,0.0,0.0,0.0,0.0,0.0,0.0,0.0,0.0,1.0
9,157,822,143729,0,VILLAGE,Mehdauli,Rural,319,1507,803,704,679,398,281,828,405,423,527,271502,tehsil_mode_best_effort,existing_village_mapping,9,UTTAR PRADESH,162,LUCKNOW,0.0,0.0,0.0,0.0,0.0,0.0,2.0,0.0,0.0,3.0,1.0,0.0,1.0,0.0,1.0,0.0,0.0,0.0,0.0,0.0,0.0,0.0,0.0,0.0,0.0
9,157,822,143730,0,VILLAGE,Garhi,Rural,658,3427,1786,1641,1650,1036,614,1777,750,1027,1262,271503,tehsil_mode_best_effort,existing_village_mapping,9,UTTAR PRADESH,162,LUCKNOW,0.0,0.0,0.0,0.0,0.0,0.0,1.0,0.0,0.0,0.0,0.0,0.0,0.0,0.0,0.0,0.0,0.0,0.0,0.0,0.0,0.0,0.0,0.0,0.0,1.0
9,157,822,143731,0,VILLAGE,Kankaha,Rural,1241,6460,3365,3095,3880,2341,1539,2580,1024,1556,1975,271504,tehsil_mode_best_effort,existing_village_mapping,9,UTTAR PRADESH,162,LUCKNOW,1.0,2.0,0.0,0.0,0.0,0.0,1.0,0.0,2.0,0.0,1.0,0.0,0.0,0.0,0.0,0.0,0.0,0.0,0.0,0.0,0.0,0.0,1.0,0.0,0.0
9,157,822,143732,0,VILLAGE,Madapur,Rural,183,966,506,460,512,295,217,454,211,243,233,271601,tehsil_mode_best_effort,existing_village_mapping,9,UTTAR PRADESH,162,LUCKNOW,0.0,0.0,0.0,0.0,0.0,0.0,0.0,0.0,1.0,0.0,0.0,0.0,0.0,0.0,1.0,0.0,0.0,0.0,0.0,0.0,0.0,0.0,0.0,0.0,3.0
9,157,822,143733,0,VILLAGE,Mastipur,Rural,303,1472,794,678,988,602,386,484,192,292,334,271602,tehsil_mode_best_effort,existing_village_mapping,9,UTTAR PRADESH,162,LUCKNOW,1.0,0.0,0.0,0.0,0.0,0.0,0.0,0.0,0.0,0.0,0.0,0.0,0.0,0.0,0.0,0.0,0.0,0.0,0.0,0.0,0.0,0.0,0.0,0.0,0.0
9,157,822,143734,0,VILLAGE,Tikara,Rural,139,692,354,338,417,257,160,275,97,178,205,271603,tehsil_mode_best_effort,existing_village_mapping,9,UTTAR PRADESH,162,LUCKNOW,0.0,0.0,0.0,0.0,0.0,0.0,0.0,0.0,0.0,0.0,2.0,0.0,0.0,0.0,0.0,0.0,0.0,0.0,0.0,0.0,0.0,0.0,0.0,0.0,0.0
9,157,822,143735,0,VILLAGE,Mangteya,Rural,481,2692,1434,1258,1529,935,594,1163,499,664,801,271704,tehsil_mode_best_effort,existing_village_mapping,9,UTTAR PRADESH,162,LUCKNOW,0.0,0.0,0.0,0.0,0.0,0.0,0.0,0.0,0.0,0.0,1.0,0.0,0.0,0.0,0.0,0.0,0.0,0.0,0.0,0.0,0.0,0.0,0.0,0.0,0.0
9,157,822,143736,0,VILLAGE,Bhajmar Mau,Rural,54,285,157,128,176,109,67,109,48,61,121,271801,tehsil_mode_best_effort,existing_village_mapping,9,UTTAR PRADESH,162,LUCKNOW,0.0,0.0,0.0,0.0,1.0,0.0,3.0,0.0,3.0,1.0,1.0,0.0,2.0,0.0,2.0,2.0,0.0,0.0,1.0,1.0,0.0,1.0,0.0,1.0,7.0
9,157,822,143737,0,VILLAGE,Dayal Pur,Rural,938,4877,2556,2321,2832,1664,1168,2045,892,1153,1982,271803,verified_name_population_match,existing_village_mapping,9,UTTAR PRADESH,162,LUCKNOW,0.0,0.0,0.0,0.0,0.0,0.0,0.0,0.0,0.0,0.0,2.0,0.0,0.0,0.0,0.0,0.0,0.0,0.0,0.0,0.0,0.0,0.0,0.0,0.0,0.0
9,157,822,143738,0,VILLAGE,Bhaddi Khera,Rural,88,459,240,219,262,149,113,197,91,106,279,271821,tehsil_mode_best_effort,existing_village_mapping,9,UTTAR PRADESH,162,LUCKNOW,0.0,0.0,0.0,0.0,1.0,0.0,1.0,0.0,0.0,0.0,0.0,0.0,0.0,0.0,0.0,0.0,0.0,0.0,0.0,0.0,0.0,0.0,0.0,0.0,0.0
9,157,822,143739,0,VILLAGE,Sirsa,Rural,846,4173,2191,1982,2167,1312,855,2006,879,1127,1300,271824,tehsil_mode_best_effort,existing_village_mapping,9,UTTAR PRADESH,162,LUCKNOW,0.0,0.0,0.0,0.0,0.0,0.0,0.0,0.0,0.0,0.0,0.0,0.0,0.0,0.0,0.0,0.0,0.0,0.0,0.0,0.0,0.0,0.0,0.0,0.0,2.0
9,157,822,143740,0,VILLAGE,Harnam Khera,Rural,2,11,4,7,6,3,3,5,1,4,4,271840,tehsil_mode_best_effort,existing_village_mapping,9,UTTAR PRADESH,162,LUCKNOW,0.0,0.0,0.0,0.0,0.0,0.0,0.0,0.0,1.0,0.0,0.0,0.0,0.0,0.0,0.0,0.0,0.0,0.0,0.0,0.0,0.0,0.0,0.0,0.0,1.0
9,157,822,143741,0,VILLAGE,Madari Khera,Rural,95,535,285,250,314,188,126,221,97,124,134,271841,verified_name_population_match,existing_village_mapping,9,UTTAR PRADESH,162,LUCKNOW,0.0,0.0,0.0,0.0,1.0,0.0,0.0,0.0,0.0,0.0,0.0,0.0,0.0,0.0,0.0,0.0,0.0,0.0,0.0,0.0,0.0,0.0,0.0,0.0,0.0
9,157,822,143742,0,VILLAGE,Raghunath Khera,Rural,335,1688,912,776,1021,636,385,667,276,391,538,271851,tehsil_mode_best_effort,existing_village_mapping,9,UTTAR PRADESH,162,LUCKNOW,0.0,0.0,0.0,0.0,0.0,1.0,0.0,0.0,0.0,0.0,1.0,0.0,0.0,0.0,0.0,0.0,0.0,0.0,0.0,0.0,0.0,0.0,0.0,0.0,0.0
9,157,822,143743,0,VILLAGE,Akbarpur Beniganj,Rural,223,1125,586,539,553,328,225,572,258,314,294,271855,tehsil_mode_best_effort,existing_village_mapping,9,UTTAR PRADESH,162,LUCKNOW,0.0,0.0,0.0,0.0,0.0,0.0,0.0,0.0,0.0,0.0,1.0,0.0,1.0,0.0,0.0,0.0,0.0,0.0,0.0,0.0,0.0,0.0,0.0,0.0,1.0
9,157,822,143744,0,VILLAGE,Rati,Rural,510,2190,1155,1035,1086,693,393,1104,462,642,422,271865,tehsil_mode_best_effort,existing_village_mapping,9,UTTAR PRADESH,162,LUCKNOW,0.0,0.0,0.0,0.0,0.0,0.0,0.0,1.0,0.0,0.0,1.0,0.0,0.0,0.0,0.0,0.0,0.0,1.0,0.0,0.0,0.0,0.0,0.0,0.0,0.0
9,157,822,143745,0,VILLAGE,Beer Singh Pur,Rural,347,1592,859,733,904,551,353,688,308,380,453,271872,tehsil_mode_best_effort,existing_village_mapping,9,UTTAR PRADESH,162,LUCKNOW,0.0,0.0,0.0,0.0,0.0,0.0,0.0,0.0,0.0,0.0,0.0,0.0,2.0,1.0,0.0,0.0,0.0,0.0,0.0,0.0,0.0,0.0,0.0,0.0,0.0
9,157,822,143746,0,VILLAGE,Kamal Pur Bichlika,Rural,472,2138,1120,1018,1218,730,488,920,390,530,810,271875,tehsil_mode_best_effort,existing_village_mapping,9,UTTAR PRADESH,162,LUCKNOW,0.0,0.0,0.0,0.0,0.0,0.0,0.0,0.0,0.0,0.0,0.0,0.0,0.0,0.0,1.0,0.0,0.0,0.0,0.0,0.0,0.0,0.0,0.0,0.0,0.0
9,157,822,143747,0,VILLAGE,Utrawan,Rural,1586,8316,4350,3966,4197,2550,1647,4119,1800,2319,3388,271881,verified_name_population_match,existing_village_mapping,9,UTTAR PRADESH,162,LUCKNOW,0.0,0.0,0.0,0.0,0.0,0.0,0.0,0.0,0.0,0.0,1.0,0.0,0.0,0.0,0.0,0.0,0.0,0.0,0.0,0.0,0.0,0.0,0.0,0.0,0.0
9,157,822,143748,0,VILLAGE,Dedhari,Rural,261,1309,698,611,824,506,318,485,192,293,380,271882,tehsil_mode_best_effort,existing_village_mapping,9,UTTAR PRADESH,162,LUCKNOW,0.0,0.0,0.0,0.0,0.0,0.0,0.0,0.0,0.0,0.0,0.0,0.0,0.0,0.0,0.0,0.0,0.0,0.0,0.0,0.0,0.0,0.0,0.0,0.0,1.0
9,157,822,143749,0,VILLAGE,Patauna,Rural,448,2274,1164,1110,1310,745,565,964,419,545,869,271901,tehsil_mode_best_effort,existing_village_mapping,9,UTTAR PRADESH,162,LUCKNOW,0.0,0.0,0.0,0.0,0.0,0.0,0.0,0.0,0.0,0.0,0.0,0.0,0.0,0.0,1.0,0.0,0.0,0.0,0.0,0.0,0.0,0.0,0.0,0.0,1.0
9,157,822,143750,0,VILLAGE,Samesee,Rural,2321,11646,6036,5610,6194,3724,2470,5452,2312,3140,4327,271902,verified_name_population_match,existing_village_mapping,9,UTTAR PRADESH,162,LUCKNOW,0.0,0.0,0.0,2.0,1.0,0.0,0.0,0.0,0.0,0.0,0.0,0.0,1.0,0.0,1.0,0.0,0.0,0.0,0.0,0.0,0.0,0.0,0.0,0.0,0.0
9,157,822,143751,0,VILLAGE,Shahmohammadpur Apaeya,Rural,288,1482,779,703,1034,610,424,448,169,279,854,271903,tehsil_mode_best_effort,existing_village_mapping,9,UTTAR PRADESH,162,LUCKNOW,0.0,1.0,0.0,1.0,0.0,0.0,1.0,0.0,0.0,0.0,1.0,0.0,0.0,0.0,0.0,0.0,1.0,0.0,0.0,0.0,0.0,0.0,0.0,0.0,0.0
9,157,822,143752,0,VILLAGE,Ahmadpur Ajamli,Rural,107,497,257,240,249,150,99,248,107,141,264,271904,tehsil_mode_best_effort,existing_village_mapping,9,UTTAR PRADESH,162,LUCKNOW,0.0,0.0,0.0,0.0,0.0,0.0,0.0,0.0,2.0,1.0,2.0,0.0,0.0,0.0,0.0,0.0,0.0,0.0,0.0,0.0,0.0,0.0,0.0,0.0,0.0
9,157,822,143753,0,VILLAGE,Nagram,Rural,673,3485,1814,1671,1868,1169,699,1617,645,972,1431,272001,tehsil_mode_best_effort,existing_village_mapping,9,UTTAR PRADESH,162,LUCKNOW,0.0,0.0,0.0,0.0,0.0,0.0,0.0,0.0,1.0,1.0,3.0,0.0,0.0,1.0,2.0,0.0,0.0,0.0,0.0,0.0,0.0,0.0,2.0,0.0,1.0
9,157,822,143754,0,VILLAGE,Karorwa,Rural,274,1391,733,658,798,499,299,593,234,359,703,272002,verified_name_population_match,existing_village_mapping,9,UTTAR PRADESH,162,LUCKNOW,0.0,0.0,0.0,0.0,3.0,0.0,0.0,0.0,0.0,0.0,3.0,0.0,1.0,0.0,1.0,0.0,0.0,0.0,0.0,0.0,0.0,1.0,0.0,0.0,1.0
9,157,822,143755,0,VILLAGE,Amba Muratajapur,Rural,290,1505,810,695,918,565,353,587,245,342,437,272123,verified_name_population_match,existing_village_mapping,9,UTTAR PRADESH,162,LUCKNOW,0.0,0.0,0.0,0.0,0.0,0.0,0.0,0.0,3.0,0.0,0.0,0.0,0.0,0.0,0.0,0.0,0.0,0.0,0.0,0.0,0.0,0.0,0.0,0.0,0.0
9,157,822,143756,0,VILLAGE,Aslam Nagar,Rural,220,1104,560,544,715,421,294,389,139,250,662,272124,verified_name_population_match,existing_village_mapping,9,UTTAR PRADESH,162,LUCKNOW,0.0,0.0,0.0,0.0,1.0,0.0,0.0,0.0,0.0,0.0,0.0,0.0,0.0,0.0,0.0,0.0,0.0,0.0,0.0,0.0,0.0,0.0,0.0,0.0,0.0
9,157,822,143757,0,VILLAGE,Katra Nagram,Rural,1,1,1,0,1,1,0,0,0,0,1,272125,tehsil_mode_best_effort,existing_village_mapping,9,UTTAR PRADESH,162,LUCKNOW,0.0,0.0,0.0,0.0,0.0,0.0,1.0,0.0,0.0,0.0,0.0,0.0,0.0,0.0,0.0,0.0,0.0,0.0,0.0,0.0,0.0,0.0,0.0,0.0,0.0
9,157,822,143758,0,VILLAGE,Abbas Nagar,Rural,260,1133,577,556,620,368,252,513,209,304,429,272127,tehsil_mode_best_effort,existing_village_mapping,9,UTTAR PRADESH,162,LUCKNOW,0.0,0.0,0.0,0.0,0.0,2.0,0.0,0.0,0.0,0.0,0.0,0.0,0.0,0.0,0.0,0.0,0.0,0.0,0.0,0.0,0.0,0.0,0.0,0.0,4.0
9,157,822,143759,0,VILLAGE,Garna,Rural,296,1414,732,682,832,467,365,582,265,317,453,272129,verified_name_population_match,existing_village_mapping,9,UTTAR PRADESH,162,LUCKNOW,0.0,0.0,0.0,0.0,0.0,0.0,1.0,0.0,0.0,0.0,1.0,0.0,0.0,0.0,0.0,0.0,0.0,0.0,0.0,0.0,0.0,0.0,0.0,0.0,0.0
9,157,822,143760,0,VILLAGE,Meerakh Nagar,Rural,823,4260,2191,2069,2771,1614,1157,1489,577,912,1382,272130,verified_name_population_match,existing_village_mapping,9,UTTAR PRADESH,162,LUCKNOW,0.0,0.0,0.0,0.0,0.0,1.0,0.0,0.0,0.0,0.0,0.0,0.0,0.0,0.0,0.0,0.0,1.0,1.0,0.0,0.0,0.0,0.0,0.0,0.0,0.0
9,157,822,143761,0,VILLAGE,Kata Karaudi,Rural,435,2174,1158,1016,1432,866,566,742,292,450,1050,272131,verified_name_population_match,existing_village_mapping,9,UTTAR PRADESH,162,LUCKNOW,0.0,0.0,0.0,0.0,0.0,0.0,1.0,0.0,1.0,0.0,2.0,0.0,0.0,0.0,0.0,1.0,0.0,0.0,0.0,0.0,0.0,1.0,2.0,0.0,3.0
9,157,822,143762,0,VILLAGE,Salempur Achaka,Rural,282,1576,803,773,870,519,351,706,284,422,465,272151,verified_name_population_match,existing_village_mapping,9,UTTAR PRADESH,162,LUCKNOW,0.0,0.0,0.0,0.0,1.0,0.0,0.0,0.0,0.0,0.0,1.0,0.0,0.0,0.0,0.0,0.0,0.0,0.0,0.0,0.0,0.0,0.0,0.0,0.0,1.0
9,157,822,143763,0,VILLAGE,Chhatauni,Rural,451,2037,1044,993,1052,636,416,985,408,577,1058,272152,tehsil_mode_best_effort,existing_village_mapping,9,UTTAR PRADESH,162,LUCKNOW,0.0,0.0,0.0,0.0,2.0,0.0,0.0,0.0,0.0,0.0,0.0,0.0,0.0,0.0,0.0,0.0,0.0,0.0,0.0,0.0,0.0,0.0,0.0,0.0,0.0
9,157,822,143764,0,VILLAGE,Kaneri,Rural,364,1671,859,812,901,533,368,770,326,444,1043,272153,tehsil_mode_best_effort,existing_village_mapping,9,UTTAR PRADESH,162,LUCKNOW,0.0,0.0,0.0,0.0,3.0,0.0,0.0,0.0,4.0,2.0,0.0,0.0,1.0,0.0,0.0,0.0,0.0,0.0,0.0,0.0,1.0,0.0,0.0,0.0,1.0
9,157,822,143765,0,VILLAGE,Hasan Pur,Rural,273,1368,706,662,865,516,349,503,190,313,475,272154,tehsil_mode_best_effort,existing_village_mapping,9,UTTAR PRADESH,162,LUCKNOW,0.0,0.0,0.0,0.0,0.0,0.0,0.0,0.0,1.0,0.0,0.0,0.0,0.0,0.0,0.0,0.0,0.0,0.0,0.0,0.0,0.0,0.0,0.0,0.0,0.0
9,157,822,143766,0,VILLAGE,Bhawa Khera,Rural,326,1703,904,799,959,587,372,744,317,427,499,272162,verified_name_population_match,existing_village_mapping,9,UTTAR PRADESH,162,LUCKNOW,0.0,0.0,0.0,0.0,0.0,0.0,0.0,0.0,0.0,0.0,0.0,0.0,0.0,0.0,0.0,0.0,1.0,0.0,0.0,0.0,0.0,0.0,0.0,0.0,0.0
9,157,822,143767,0,VILLAGE,Uday Pur,Rural,247,1270,667,603,819,500,319,451,167,284,440,272164,verified_name_population_match,existing_village_mapping,9,UTTAR PRADESH,162,LUCKNOW,0.0,0.0,0.0,0.0,1.0,0.0,0.0,0.0,0.0,0.0,0.0,0.0,0.0,0.0,1.0,0.0,0.0,0.0,0.0,0.0,0.0,0.0,0.0,0.0,0.0
9,157,822,143768,0,VILLAGE,Bramhedas Pur,Rural,200,1093,562,531,745,427,318,348,135,213,404,272175,tehsil_mode_best_effort,existing_village_mapping,9,UTTAR PRADESH,162,LUCKNOW,0.0,0.0,0.0,0.0,1.0,0.0,0.0,0.0,2.0,0.0,0.0,0.0,0.0,0.0,0.0,0.0,0.0,0.0,0.0,1.0,0.0,0.0,0.0,0.0,0.0
9,157,822,143769,0,VILLAGE,Rampur Garhi Jamuni,Rural,383,2001,1029,972,1228,736,492,773,293,480,540,272177,tehsil_mode_best_effort,existing_village_mapping,9,UTTAR PRADESH,162,LUCKNOW,0.0,0.0,0.0,0.0,0.0,0.0,0.0,0.0,0.0,0.0,0.0,0.0,0.0,0.0,0.0,0.0,0.0,0.0,0.0,0.0,0.0,0.0,0.0,0.0,1.0
9,157,822,143770,0,VILLAGE,Karan Pur,Rural,308,1464,766,698,809,496,313,655,270,385,636,272178,tehsil_mode_best_effort,existing_village_mapping,9,UTTAR PRADESH,162,LUCKNOW,0.0,0.0,0.0,0.0,0.0,0.0,0.0,0.0,0.0,1.0,1.0,0.0,0.0,0.0,0.0,0.0,0.0,0.0,0.0,0.0,0.0,0.0,0.0,0.0,0.0
9,157,822,143771,0,VILLAGE,Bairisal Pur,Rural,378,1840,944,896,1247,706,541,593,238,355,741,272181,tehsil_mode_best_effort,existing_village_mapping,9,UTTAR PRADESH,162,LUCKNOW,0.0,0.0,0.0,0.0,2.0,0.0,0.0,0.0,1.0,0.0,0.0,0.0,0.0,0.0,0.0,0.0,0.0,0.0,0.0,0.0,0.0,0.0,0.0,0.0,0.0
9,157,822,143772,0,VILLAGE,Nigoha,Rural,1093,6474,3427,3047,4110,2380,1730,2364,1047,1317,1893,272189,verified_name_population_match,existing_village_mapping,9,UTTAR PRADESH,162,LUCKNOW,0.0,0.0,0.0,0.0,0.0,0.0,0.0,0.0,0.0,1.0,0.0,0.0,0.0,0.0,0.0,0.0,0.0,0.0,0.0,0.0,0.0,0.0,0.0,0.0,0.0
9,157,822,143773,0,VILLAGE,Sherpur Lawal,Rural,538,2901,1494,1407,1842,1079,763,1059,415,644,965,272190,tehsil_mode_best_effort,existing_village_mapping,9,UTTAR PRADESH,162,LUCKNOW,0.0,0.0,0.0,0.0,0.0,0.0,0.0,0.0,0.0,0.0,2.0,0.0,1.0,0.0,0.0,0.0,0.0,0.0,0.0,0.0,0.0,0.0,0.0,0.0,1.0
9,157,822,143774,0,VILLAGE,Adhaeya,Rural,214,1056,547,509,623,369,254,433,178,255,381,272191,tehsil_mode_best_effort,existing_village_mapping,9,UTTAR PRADESH,162,LUCKNOW,0.0,0.0,0.0,0.0,2.0,0.0,0.0,0.0,0.0,2.0,1.0,0.0,1.0,0.0,1.0,0.0,0.0,0.0,0.0,0.0,0.0,0.0,0.0,0.0,0.0
9,157,822,143775,0,VILLAGE,Harihar Pur Par--Sa,Rural,139,669,370,299,443,265,178,226,105,121,305,272192,tehsil_mode_best_effort,existing_village_mapping,9,UTTAR PRADESH,162,LUCKNOW,0.0,0.0,0.0,0.0,0.0,0.0,0.0,0.0,0.0,0.0,2.0,0.0,0.0,0.0,0.0,0.0,0.0,0.0,0.0,0.0,0.0,0.0,0.0,0.0,0.0
9,157,822,143776,0,VILLAGE,Amleha Khera,Rural,76,337,181,156,193,113,80,144,68,76,148,272194,tehsil_mode_best_effort,existing_village_mapping,9,UTTAR PRADESH,162,LUCKNOW,0.0,0.0,0.0,0.0,0.0,0.0,1.0,0.0,0.0,0.0,0.0,0.0,0.0,0.0,0.0,0.0,0.0,0.0,0.0,0.0,0.0,0.0,0.0,0.0,0.0
9,157,822,143777,0,VILLAGE,Bhagwan Pur,Rural,243,1331,487,844,573,281,292,758,206,552,364,272201,tehsil_mode_best_effort,existing_village_mapping,9,UTTAR PRADESH,162,LUCKNOW,1.0,0.0,0.0,0.0,0.0,0.0,0.0,0.0,0.0,0.0,0.0,0.0,0.0,0.0,0.0,0.0,0.0,0.0,0.0,0.0,0.0,0.0,0.0,0.0,0.0
9,157,822,143778,0,VILLAGE,Lalpur,Rural,252,1217,622,595,796,461,335,421,161,260,351,272202,tehsil_mode_best_effort,existing_village_mapping,9,UTTAR PRADESH,162,LUCKNOW,0.0,0.0,0.0,0.0,0.0,0.0,0.0,0.0,0.0,0.0,1.0,0.0,0.0,0.0,0.0,0.0,0.0,0.0,0.0,0.0,0.0,0.0,0.0,0.0,0.0
9,157,822,143779,0,VILLAGE,Ratana Pur,Rural,210,909,488,421,524,328,196,385,160,225,274,272207,tehsil_mode_best_effort,existing_village_mapping,9,UTTAR PRADESH,162,LUCKNOW,0.0,0.0,0.0,0.0,0.0,0.0,0.0,0.0,0.0,0.0,1.0,0.0,0.0,0.0,0.0,0.0,0.0,0.0,0.0,0.0,0.0,0.0,0.0,0.0,0.0
9,157,822,143780,0,VILLAGE,Bhatwara,Rural,84,603,343,260,401,253,148,202,90,112,194,272208,tehsil_mode_best_effort,existing_village_mapping,9,UTTAR PRADESH,162,LUCKNOW,0.0,0.0,0.0,1.0,1.0,1.0,0.0,0.0,0.0,0.0,0.0,0.0,0.0,0.0,0.0,0.0,1.0,0.0,0.0,0.0,0.0,0.0,0.0,0.0,1.0
9,157,822,143781,0,VILLAGE,Nadauli,Rural,307,1511,790,721,766,505,261,745,285,460,598,272221,tehsil_mode_best_effort,existing_village_mapping,9,UTTAR PRADESH,162,LUCKNOW,0.0,0.0,0.0,0.0,0.0,0.0,0.0,0.0,0.0,0.0,0.0,0.0,0.0,0.0,1.0,0.0,0.0,0.0,0.0,0.0,0.0,0.0,0.0,0.0,0.0
9,157,822,143782,0,VILLAGE,Khuddi Khera,Rural,79,488,257,231,346,196,150,142,61,81,141,272302,tehsil_mode_best_effort,existing_village_mapping,9,UTTAR PRADESH,162,LUCKNOW,0.0,0.0,0.0,0.0,0.0,0.0,0.0,0.0,2.0,0.0,0.0,0.0,0.0,0.0,0.0,0.0,0.0,0.0,0.0,0.0,0.0,0.0,1.0,0.0,0.0
9,157,822,143783,0,VILLAGE,Puraheya,Rural,400,2113,1142,971,1416,848,568,697,294,403,619,272701,tehsil_mode_best_effort,existing_village_mapping,9,UTTAR PRADESH,162,LUCKNOW,0.0,0.0,0.0,0.0,0.0,0.0,0.0,0.0,0.0,0.0,0.0,0.0,1.0,1.0,0.0,0.0,0.0,0.0,0.0,0.0,0.0,0.0,0.0,0.0,0.0
9,157,822,143784,0,VILLAGE,Dakhena Sekhpur,Rural,365,1784,930,854,1173,698,475,611,232,379,635,273001,tehsil_mode_best_effort,existing_village_mapping,9,UTTAR PRADESH,162,LUCKNOW,0.0,0.0,0.0,0.0,3.0,0.0,1.0,0.0,4.0,0.0,1.0,0.0,1.0,0.0,0.0,0.0,2.0,0.0,0.0,0.0,0.0,1.0,0.0,0.0,3.0
9,157,822,143785,0,VILLAGE,Badhauna,Rural,221,1113,583,530,679,389,290,434,194,240,333,273003,tehsil_mode_best_effort,existing_village_mapping,9,UTTAR PRADESH,162,LUCKNOW,0.0,0.0,0.0,0.0,0.0,0.0,0.0,0.0,0.0,0.0,1.0,0.0,0.0,0.0,0.0,0.0,0.0,0.0,0.0,0.0,0.0,0.0,0.0,0.0,0.0
9,157,822,143786,0,VILLAGE,Jamoriya,Rural,23,105,42,63,47,26,21,58,16,42,24,273004,tehsil_mode_best_effort,existing_village_mapping,9,UTTAR PRADESH,162,LUCKNOW,0.0,0.0,0.0,0.0,0.0,0.0,0.0,0.0,1.0,0.0,0.0,0.0,1.0,0.0,0.0,1.0,0.0,0.0,0.0,0.0,0.0,0.0,2.0,0.0,0.0
9,157,822,143787,0,VILLAGE,Ramdas Pur,Rural,310,1375,737,638,640,400,240,735,337,398,501,273005,verified_name_population_match,existing_village_mapping,9,UTTAR PRADESH,162,LUCKNOW,0.0,0.0,0.0,0.0,0.0,0.0,1.0,0.0,0.0,0.0,0.0,0.0,0.0,0.0,0.0,0.0,0.0,0.0,0.0,0.0,0.0,0.0,0.0,0.0,0.0
9,157,822,143788,0,VILLAGE,Natauli,Rural,343,5380,4294,1086,3345,2842,503,2035,1452,583,2327,273006,tehsil_mode_best_effort,existing_village_mapping,9,UTTAR PRADESH,162,LUCKNOW,0.0,0.0,0.0,0.0,0.0,0.0,0.0,0.0,0.0,0.0,0.0,0.0,1.0,0.0,0.0,0.0,0.0,0.0,0.0,0.0,0.0,0.0,0.0,0.0,0.0
9,157,822,800953,0,TOWN,Gosainganj (NP),Urban,1685,9649,5026,4623,6066,3365,2701,3583,1661,1922,2991,273007,,town_postal_code,9,UTTAR PRADESH,162,LUCKNOW,0.0,0.0,0.0,0.0,0.0,0.0,1.0,0.0,0.0,1.0,0.0,0.0,0.0,0.0,0.0,0.0,0.0,0.0,0.0,1.0,0.0,0.0,0.0,0.0,0.0
9,157,822,800953,1,WARD,Gosainganj (NP) WARD NO.-0001,Urban,170,989,503,486,604,357,247,385,146,239,303,273008,,ward_inherited_from_town,9,UTTAR PRADESH,162,LUCKNOW,0.0,0.0,0.0,0.0,2.0,0.0,0.0,0.0,0.0,0.0,0.0,0.0,0.0,0.0,0.0,1.0,0.0,0.0,0.0,0.0,0.0,1.0,2.0,0.0,1.0
9,157,822,800953,2,WARD,Gosainganj (NP) WARD NO.-0002,Urban,159,881,444,437,343,186,157,538,258,280,354,273009,,ward_inherited_from_town,9,UTTAR PRADESH,162,LUCKNOW,0.0,0.0,0.0,0.0,0.0,0.0,0.0,0.0,0.0,0.0,1.0,0.0,0.0,0.0,0.0,0.0,0.0,0.0,0.0,0.0,0.0,0.0,0.0,0.0,0.0
9,157,822,800953,3,WARD,Gosainganj (NP) WARD NO.-0003,Urban,134,839,452,387,433,251,182,406,201,205,251,273010,,ward_inherited_from_town,9,UTTAR PRADESH,162,LUCKNOW,0.0,0.0,0.0,0.0,0.0,0.0,0.0,0.0,0.0,0.0,0.0,0.0,0.0,0.0,0.0,0.0,1.0,0.0,0.0,0.0,0.0,0.0,0.0,0.0,0.0
9,157,822,800953,4,WARD,Gosainganj (NP) WARD NO.-0004,Urban,227,1176,623,553,621,341,280,555,282,273,437,273013,,ward_inherited_from_town,9,UTTAR PRADESH,162,LUCKNOW,0.0,0.0,0.0,0.0,0.0,0.0,0.0,0.0,0.0,0.0,0.0,0.0,0.0,0.0,0.0,0.0,0.0,0.0,0.0,0.0,0.0,0.0,2.0,0.0,1.0
9,157,822,800953,5,WARD,Gosainganj (NP) WARD NO.-0005,Urban,166,1027,549,478,776,439,337,251,110,141,281,273014,,ward_inherited_from_town,9,UTTAR PRADESH,162,LUCKNOW,0.0,0.0,0.0,0.0,0.0,0.0,0.0,0.0,0.0,0.0,0.0,0.0,0.0,0.0,1.0,0.0,0.0,0.0,0.0,0.0,0.0,0.0,0.0,0.0,2.0
9,157,822,800953,6,WARD,Gosainganj (NP) WARD NO.-0006,Urban,146,794,416,378,583,326,257,211,90,121,248,273015,,ward_inherited_from_town,9,UTTAR PRADESH,162,LUCKNOW,0.0,0.0,0.0,0.0,0.0,0.0,0.0,0.0,0.0,1.0,1.0,0.0,1.0,0.0,1.0,0.0,0.0,0.0,0.0,0.0,0.0,1.0,0.0,0.0,5.0
9,157,822,800953,7,WARD,Gosainganj (NP) WARD NO.-0007,Urban,185,1024,525,499,686,386,300,338,139,199,258,273017,,ward_inherited_from_town,9,UTTAR PRADESH,162,LUCKNOW,0.0,0.0,0.0,0.0,0.0,0.0,1.0,0.0,0.0,0.0,0.0,0.0,0.0,0.0,0.0,0.0,0.0,0.0,0.0,0.0,0.0,0.0,0.0,0.0,0.0
9,157,822,800953,8,WARD,Gosainganj (NP) WARD NO.-0008,Urban,116,820,413,407,650,330,320,170,83,87,252,273151,,ward_inherited_from_town,9,UTTAR PRADESH,162,LUCKNOW,0.0,0.0,0.0,0.0,0.0,0.0,0.0,0.0,0.0,0.0,0.0,0.0,0.0,0.0,0.0,1.0,0.0,0.0,0.0,0.0,0.0,0.0,0.0,0.0,0.0
9,157,822,800953,9,WARD,Gosainganj (NP) WARD NO.-0009,Urban,169,988,537,451,772,445,327,216,92,124,312,273152,,ward_inherited_from_town,9,UTTAR PRADESH,162,LUCKNOW,0.0,0.0,0.0,0.0,0.0,0.0,0.0,0.0,0.0,0.0,0.0,0.0,0.0,0.0,0.0,0.0,0.0,0.0,0.0,0.0,0.0,0.0,0.0,0.0,1.0
9,157,822,800953,10,WARD,Gosainganj (NP) WARD NO.-0010,Urban,213,1111,564,547,598,304,294,513,260,253,295,273155,,ward_inherited_from_town,9,UTTAR PRADESH,162,LUCKNOW,0.0,0.0,0.0,0.0,1.0,0.0,0.0,0.0,0.0,0.0,0.0,0.0,0.0,0.0,0.0,0.0,0.0,0.0,0.0,0.0,0.0,0.0,0.0,0.0,0.0
9,157,822,800954,0,TOWN,Amethi (NP),Urban,2158,13530,7093,6437,6915,3944,2971,6615,3149,3466,4361,273157,,town_postal_code,9,UTTAR PRADESH,162,LUCKNOW,0.0,0.0,0.0,0.0,0.0,0.0,0.0,0.0,0.0,0.0,1.0,0.0,0.0,0.0,0.0,0.0,0.0,0.0,0.0,0.0,0.0,0.0,0.0,0.0,0.0
9,157,822,800954,1,WARD,Amethi (NP) WARD NO.-0001,Urban,176,1066,557,509,476,293,183,590,264,326,238,273162,,ward_inherited_from_town,9,UTTAR PRADESH,162,LUCKNOW,0.0,0.0,0.0,0.0,0.0,0.0,0.0,0.0,0.0,0.0,0.0,0.0,1.0,0.0,0.0,0.0,0.0,0.0,0.0,0.0,0.0,0.0,0.0,0.0,0.0
9,157,822,800954,2,WARD,Amethi (NP) WARD NO.-0002,Urban,190,1139,586,553,647,365,282,492,221,271,240,273163,,ward_inherited_from_town,9,UTTAR PRADESH,162,LUCKNOW,1.0,0.0,0.0,0.0,0.0,0.0,0.0,0.0,0.0,1.0,1.0,0.0,0.0,0.0,0.0,0.0,0.0,0.0,0.0,0.0,0.0,0.0,0.0,0.0,0.0
9,157,822,800954,3,WARD,Amethi (NP) WARD NO.-0003,Urban,201,1144,612,532,629,387,242,515,225,290,377,273209,,ward_inherited_from_town,9,UTTAR PRADESH,162,LUCKNOW,1.0,0.0,0.0,0.0,0.0,0.0,0.0,0.0,0.0,0.0,0.0,0.0,0.0,0.0,1.0,0.0,0.0,0.0,0.0,0.0,0.0,0.0,2.0,0.0,1.0
9,157,822,800954,4,WARD,Amethi (NP) WARD NO.-0004,Urban,237,1408,749,659,668,391,277,740,358,382,331,273211,,ward_inherited_from_town,9,UTTAR PRADESH,162,LUCKNOW,0.0,0.0,0.0,0.0,0.0,0.0,0.0,0.0,0.0,0.0,1.0,0.0,0.0,0.0,0.0,0.0,0.0,0.0,0.0,0.0,0.0,0.0,0.0,0.0,0.0
9,157,822,800954,5,WARD,Amethi (NP) WARD NO.-0005,Urban,269,1622,806,816,780,441,339,842,365,477,506,273212,,ward_inherited_from_town,9,UTTAR PRADESH,162,LUCKNOW,0.0,0.0,0.0,0.0,0.0,0.0,0.0,0.0,0.0,0.0,0.0,0.0,1.0,0.0,0.0,0.0,0.0,0.0,0.0,0.0,0.0,0.0,0.0,0.0,0.0
9,157,822,800954,6,WARD,Amethi (NP) WARD NO.-0006,Urban,223,1373,730,643,663,368,295,710,362,348,431,273303,,ward_inherited_from_town,9,UTTAR PRADESH,162,LUCKNOW,0.0,0.0,0.0,0.0,0.0,0.0,0.0,0.0,0.0,0.0,0.0,0.0,0.0,0.0,0.0,0.0,1.0,0.0,0.0,0.0,0.0,0.0,0.0,0.0,0.0
9,157,822,800954,7,WARD,Amethi (NP) WARD NO.-0007,Urban,194,1202,645,557,616,351,265,586,294,292,418,273304,,ward_inherited_from_town,9,UTTAR PRADESH,162,LUCKNOW,0.0,0.0,0.0,0.0,1.0,0.0,0.0,0.0,0.0,0.0,0.0,0.0,0.0,0.0,0.0,0.0,0.0,0.0,0.0,0.0,0.0,1.0,0.0,0.0,2.0
9,157,822,800954,8,WARD,Amethi (NP) WARD NO.-0008,Urban,193,1269,670,599,588,327,261,681,343,338,813,273305,,ward_inherited_from_town,9,UTTAR PRADESH,162,LUCKNOW,0.0,0.0,0.0,0.0,0.0,0.0,0.0,0.0,1.0,0.0,1.0,0.0,0.0,0.0,0.0,0.0,0.0,0.0,0.0,0.0,0.0,0.0,0.0,0.0,0.0
9,157,822,800954,9,WARD,Amethi (NP) WARD NO.-0009,Urban,164,979,509,470,663,358,305,316,151,165,214,273306,,ward_inherited_from_town,9,UTTAR PRADESH,162,LUCKNOW,0.0,0.0,0.0,0.0,0.0,0.0,0.0,0.0,1.0,0.0,3.0,0.0,0.0,0.0,0.0,0.0,0.0,0.0,0.0,0.0,0.0,0.0,1.0,0.0,0.0
9,157,822,800954,10,WARD,Amethi (NP) WARD NO.-0010,Urban,160,1171,614,557,713,378,335,458,236,222,379,273309,,ward_inherited_from_town,9,UTTAR PRADESH,162,LUCKNOW,0.0,0.0,0.0,0.0,0.0,0.0,0.0,0.0,0.0,0.0,1.0,0.0,0.0,0.0,0.0,0.0,0.0,0.0,0.0,0.0,0.0,0.0,0.0,0.0,0.0
9,157,822,800954,11,WARD,Amethi (NP) WARD NO.-0011,Urban,151,1157,615,542,472,285,187,685,330,355,414,273402,,ward_inherited_from_town,9,UTTAR PRADESH,162,LUCKNOW,0.0,0.0,0.0,0.0,0.0,0.0,0.0,0.0,0.0,0.0,0.0,0.0,0.0,0.0,1.0,0.0,0.0,0.0,0.0,0.0,0.0,0.0,0.0,0.0,0.0
9,157,822,800955,0,TOWN,Nagram (NP),Urban,1831,10648,5534,5114,5671,3312,2359,4977,2222,2755,3181,273408,,town_postal_code,9,UTTAR PRADESH,162,LUCKNOW,0.0,1.0,0.0,0.0,1.0,0.0,0.0,0.0,1.0,0.0,0.0,0.0,0.0,0.0,1.0,0.0,0.0,0.0,0.0,0.0,0.0,0.0,0.0,0.0,1.0
9,157,822,800955,1,WARD,Nagram (NP) WARD NO.-0001,Urban,175,943,487,456,516,303,213,427,184,243,293,273411,,ward_inherited_from_town,9,UTTAR PRADESH,162,LUCKNOW,0.0,0.0,0.0,0.0,0.0,0.0,2.0,0.0,0.0,0.0,1.0,0.0,0.0,0.0,0.0,0.0,0.0,0.0,0.0,0.0,0.0,0.0,0.0,0.0,0.0
9,157,822,800955,2,WARD,Nagram (NP) WARD NO.-0002,Urban,190,995,522,473,461,259,202,534,263,271,367,273413,,ward_inherited_from_town,9,UTTAR PRADESH,162,LUCKNOW,0.0,0.0,0.0,0.0,0.0,0.0,0.0,0.0,1.0,0.0,0.0,0.0,0.0,0.0,0.0,0.0,0.0,0.0,0.0,0.0,0.0,0.0,0.0,0.0,0.0
9,157,822,800955,3,WARD,Nagram (NP) WARD NO.-0003,Urban,175,964,490,474,619,352,267,345,138,207,254,274001,,ward_inherited_from_town,9,UTTAR PRADESH,162,LUCKNOW,0.0,0.0,0.0,0.0,0.0,0.0,1.0,0.0,0.0,1.0,0.0,0.0,0.0,0.0,0.0,0.0,0.0,0.0,0.0,0.0,0.0,0.0,0.0,0.0,1.0
9,157,822,800955,4,WARD,Nagram (NP) WARD NO.-0004,Urban,188,1182,620,562,636,378,258,546,242,304,310,274202,,ward_inherited_from_town,9,UTTAR PRADESH,162,LUCKNOW,0.0,0.0,0.0,0.0,0.0,0.0,1.0,0.0,0.0,0.0,0.0,0.0,0.0,0.0,0.0,0.0,0.0,0.0,0.0,0.0,0.0,0.0,0.0,0.0,0.0
9,157,822,800955,5,WARD,Nagram (NP) WARD NO.-0005,Urban,186,1075,573,502,458,289,169,617,284,333,348,274302,,ward_inherited_from_town,9,UTTAR PRADESH,162,LUCKNOW,0.0,0.0,0.0,0.0,0.0,0.0,1.0,0.0,0.0,0.0,0.0,0.0,0.0,0.0,0.0,0.0,0.0,0.0,0.0,0.0,0.0,0.0,0.0,0.0,0.0
9,157,822,800955,6,WARD,Nagram (NP) WARD NO.-0006,Urban,189,1156,623,533,725,431,294,431,192,239,368,274304,,ward_inherited_from_town,9,UTTAR PRADESH,162,LUCKNOW,0.0,0.0,0.0,0.0,0.0,0.0,0.0,0.0,0.0,0.0,0.0,0.0,0.0,0.0,0.0,0.0,1.0,0.0,0.0,0.0,0.0,0.0,0.0,0.0,1.0
9,157,822,800955,7,WARD,Nagram (NP) WARD NO.-0007,Urban,194,1073,537,536,546,314,232,527,223,304,275,274401,,ward_inherited_from_town,9,UTTAR PRADESH,162,LUCKNOW,0.0,0.0,0.0,0.0,2.0,1.0,0.0,0.0,0.0,0.0,0.0,0.0,0.0,0.0,0.0,0.0,0.0,1.0,0.0,0.0,0.0,0.0,0.0,0.0,0.0
9,157,822,800955,8,WARD,Nagram (NP) WARD NO.-0008,Urban,216,1338,692,646,679,376,303,659,316,343,397,274402,,ward_inherited_from_town,9,UTTAR PRADESH,162,LUCKNOW,0.0,0.0,0.0,0.0,0.0,0.0,0.0,0.0,1.0,0.0,0.0,0.0,0.0,0.0,0.0,0.0,1.0,0.0,0.0,0.0,0.0,0.0,0.0,0.0,1.0
9,157,822,800955,9,WARD,Nagram (NP) WARD NO.-0009,Urban,166,984,508,476,456,271,185,528,237,291,294,274406,,ward_inherited_from_town,9,UTTAR PRADESH,162,LUCKNOW,0.0,0.0,0.0,0.0,0.0,0.0,0.0,0.0,0.0,1.0,2.0,0.0,0.0,0.0,0.0,0.0,0.0,0.0,0.0,0.0,0.0,0.0,0.0,0.0,5.0
9,157,822,800955,10,WARD,Nagram (NP) WARD NO.-0010,Urban,152,938,482,456,575,339,236,363,143,220,275,274407,,ward_inherited_from_town,9,UTTAR PRADESH,162,LUCKNOW,1.0,1.0,0.0,1.0,4.0,1.0,0.0,0.0,0.0,0.0,0.0,0.0,0.0,0.0,0.0,0.0,2.0,0.0,0.0,0.0,0.0,0.0,0.0,0.0,0.0
